{
  "config": {
    "dataset": "mnm",
    "backbone": "cinema",
    "model_name": "cinema_pretrained",
    "decoder": "linear_probe",
    "embed_dim": 768,
    "cache_layers": [
      3,
      6,
      9,
      11
    ],
    "probe_layers": [
      0
    ],
    "lr": 0.001,
    "weight_decay": 0.001,
    "batch_size": 16,
    "n_epochs": 100,
    "patience": 20,
    "seed": 0,
    "trainable_params": 4612
  },
  "per_class_dice": {
    "BG": 0.9829021308873361,
    "RV": 0.6421030602239757,
    "MYO": 0.5766131364141858,
    "LV": 0.7614223663866094
  },
  "macro_dice": 0.6600461876749236,
  "training_history": {
    "train_loss": [
      1.025947020210401,
      0.5950384078302768,
      0.5672185261442204,
      0.5573328743980388,
      0.5419610827559173,
      0.5370295126028736,
      0.53257201130342,
      0.5309724091279386,
      0.5326138332937703,
      0.5255909789391239,
      0.5247135391139021,
      0.5222830558666075,
      0.5254678486874609,
      0.5198666090616072,
      0.5222764048311446,
      0.5178281672374166,
      0.5170732744113363,
      0.5145121647251977,
      0.5131975472575486,
      0.5132580780320697,
      0.517687612862298,
      0.5180043304207349,
      0.511573457507172,
      0.5149009557384433,
      0.5143760499930141,
      0.5119589935950558,
      0.5147814851517629,
      0.5135111604074035,
      0.5122867398189775,
      0.5139424690995553,
      0.5140467563060799,
      0.5189027522850518,
      0.5147423267063468,
      0.5147573893720453,
      0.5098940176193161,
      0.5130693465471268,
      0.5122708435913529,
      0.5142584969901075,
      0.5140361451741421,
      0.5121119698189726,
      0.5090468254956332,
      0.5156943129770684,
      0.5098872740160335,
      0.5097988691895899,
      0.5107716210562774,
      0.5106101165516208,
      0.510332627729936,
      0.5091130694355628,
      0.5077614898633476,
      0.5119795824843224,
      0.5109604628700198,
      0.512286283753135,
      0.5074269478068207,
      0.5096900020584916,
      0.5095385534293724,
      0.5062783163304281,
      0.5119855009546184,
      0.5078419735937407,
      0.5082867700945247,
      0.5057603385713365,
      0.5096874971582432
    ],
    "val_macro_dice": [
      0.6318909035527155,
      0.6551152733956669,
      0.6633111939931865,
      0.6673581418443861,
      0.6663894820997524,
      0.6758307564252927,
      0.68133603941385,
      0.6823712742768046,
      0.6819644839955409,
      0.6818613544128311,
      0.6803743199339612,
      0.679693297942951,
      0.6771117974578229,
      0.6790705050858682,
      0.6827903557683049,
      0.6811283847372077,
      0.6840542275614426,
      0.685451518568847,
      0.685101564803391,
      0.6853419575234779,
      0.6838447042029389,
      0.6876490282454109,
      0.6861575064869876,
      0.6903432361861821,
      0.6867227077796146,
      0.6866856048629302,
      0.6888277515106574,
      0.6862433609300793,
      0.6862144951100763,
      0.6886448601686744,
      0.686776568332923,
      0.6870817808734394,
      0.6880562929759715,
      0.6883441164839571,
      0.686816911243529,
      0.6915023925816873,
      0.6907227264423446,
      0.6853048344663796,
      0.6889192225636873,
      0.6886676018699885,
      0.6917507409837335,
      0.6903812761062632,
      0.6851415105661395,
      0.6896441217917837,
      0.6876919607013011,
      0.6864313701226407,
      0.687798579212748,
      0.6880645415075506,
      0.6899276109556199,
      0.6895566422641454,
      0.6884283110831944,
      0.6912978768929673,
      0.6855130279516007,
      0.6896953435993017,
      0.6888572849138329,
      0.6895295252011225,
      0.6903464049132885,
      0.6891995122211068,
      0.6893544644782589,
      0.689464581188338,
      0.6897307084651924
    ],
    "lr": [
      0.0009997532801828658,
      0.0009990133642141358,
      0.00099778098230154,
      0.000996057350657239,
      0.0009938441702975688,
      0.0009911436253643444,
      0.0009879583809693736,
      0.0009842915805643154,
      0.0009801468428384714,
      0.0009755282581475767,
      0.0009704403844771127,
      0.0009648882429441257,
      0.0009588773128419905,
      0.0009524135262330098,
      0.0009455032620941839,
      0.0009381533400219318,
      0.0009303710135019719,
      0.0009221639627510076,
      0.000913540287137281,
      0.0009045084971874739,
      0.0008950775061878452,
      0.0008852566213878947,
      0.0008750555348152298,
      0.0008644843137107057,
      0.0008535533905932737,
      0.0008422735529643444,
      0.0008306559326618259,
      0.0008187119948743449,
      0.0008064535268264883,
      0.0007938926261462367,
      0.0007810416889260654,
      0.0007679133974894983,
      0.0007545207078751857,
      0.0007408768370508577,
      0.0007269952498697734,
      0.0007128896457825364,
      0.0006985739453173903,
      0.0006840622763423391,
      0.0006693689601226458,
      0.0006545084971874737,
      0.0006394955530196147,
      0.0006243449435824273,
      0.0006090716206982714,
      0.0005936906572928625,
      0.0005782172325201156,
      0.0005626666167821523,
      0.0005470541566592572,
      0.0005313952597646569,
      0.0005157053795390643,
      0.0005000000000000002,
      0.00048429462046093607,
      0.0004686047402353435,
      0.000452945843340743,
      0.00043733338321784806,
      0.0004217827674798847,
      0.00040630934270713783,
      0.000390928379301729,
      0.0003756550564175727,
      0.00036050444698038553,
      0.00034549150281252655,
      0.0003306310398773544
    ]
  },
  "best_val_dice": 0.6917507409837335,
  "best_epoch": 41,
  "per_slice_metrics_file": "cinema_pretrained_linear_probe_20260418_164805_per_slice.csv",
  "n_test_slices": 3154,
  "per_stack_metrics_file": "cinema_pretrained_linear_probe_20260418_164805_per_stack.csv",
  "n_test_stacks": 268
}