{
  "config": {
    "dataset": "mnm",
    "backbone": "cinema",
    "model_name": "cinema_pretrained",
    "decoder": "unetr",
    "embed_dim": 768,
    "cache_layers": [
      3,
      6,
      9,
      11
    ],
    "probe_layers": [
      3,
      6,
      9,
      11
    ],
    "lr": 0.001,
    "weight_decay": 0.001,
    "batch_size": 16,
    "n_epochs": 100,
    "patience": 20,
    "seed": 0,
    "trainable_params": 39083302
  },
  "per_class_dice": {
    "BG": 0.9928208015553861,
    "RV": 0.8518034187222293,
    "MYO": 0.7974096686435236,
    "LV": 0.9096043638695253
  },
  "macro_dice": 0.8529391504117593,
  "training_history": {
    "train_loss": [
      1.9943885614997463,
      0.9598716497421265,
      0.698788511125665,
      0.5486048036500027,
      0.47536968086895187,
      0.4293563585532339,
      0.39127183744781896,
      0.39822440555221156,
      0.3700193088305624,
      0.355200436554457,
      0.354615823218697,
      0.3252836983454855,
      0.30336554426895945,
      0.307866223548588,
      0.29054751364808334,
      0.28880226612091064,
      0.26375480153058706,
      0.24855279844058187,
      0.24184380942269376,
      0.26887501070373937,
      0.25190341158917073,
      0.24873874767830498,
      0.2328700713421169,
      0.22674633327283358,
      0.22140146556653476,
      0.2201481116445441,
      0.23611852134528913,
      0.2460781720123793,
      0.21483791345044187,
      0.20076041943148562,
      0.19230999523087552,
      0.18417495332266154,
      0.1772096502153497,
      0.17206844452180362,
      0.1737894831519378,
      0.16864105353229925,
      0.1676998867800361,
      0.1553978857241179,
      0.15053804375623403,
      0.14795585917799095,
      0.14106003391115288,
      0.14448513874882146,
      0.14293161426719866,
      0.14333977903190412,
      0.13515825177493848,
      0.13537521895609403,
      0.12941630890494898,
      0.12651838087721876,
      0.1199801062282763,
      0.12058826379085842,
      0.11538533435056084,
      0.11229457039582103,
      0.1080507083158744,
      0.10484605635467328,
      0.10164783620520641,
      0.10063961030621278,
      0.10162063295903959,
      0.09846903148450349,
      0.09677645720933613,
      0.095346652363476,
      0.09499669780856684,
      0.09495256762755544,
      0.09853077993581169,
      0.09722579858805004,
      0.08886029061518218,
      0.08503873450191397,
      0.08262420955457185,
      0.08010571410781459,
      0.07896365460596587,
      0.07753136832463114,
      0.07667453587055206,
      0.0769156288159521,
      0.07609189576224278,
      0.07486339462430854,
      0.0737453444223655,
      0.07247523139966161,
      0.07169480974736966,
      0.07114078849554062,
      0.0706795387362179,
      0.07019267388080296,
      0.06939510452119928,
      0.06885209209040592,
      0.06848862492724468,
      0.06804500755510832,
      0.0676616320484563,
      0.0673781460837314,
      0.06734392556704973,
      0.06686027191187206,
      0.06658311697997545,
      0.0665269686203254,
      0.0664137527346611,
      0.06625093911823474
    ],
    "val_macro_dice": [
      0.4249934126554313,
      0.5543420458736882,
      0.716597141956086,
      0.7344885522122464,
      0.7318806535467902,
      0.8075277310595527,
      0.8185085724843159,
      0.8034004888648094,
      0.8106456692545292,
      0.8306430126756338,
      0.8095790021120699,
      0.800755316119406,
      0.8214465764629771,
      0.8469172304607838,
      0.8252051410785638,
      0.8404735561395822,
      0.8545761321163193,
      0.8553152351268635,
      0.80936940571964,
      0.8441544246334242,
      0.8476853338397259,
      0.8558619371239073,
      0.8470557559978515,
      0.8604558222557247,
      0.8364048766248429,
      0.8319229793014561,
      0.8427968849904209,
      0.8425175159335806,
      0.8527630781938033,
      0.8596837178639425,
      0.8577092558479729,
      0.8528416143025526,
      0.8508495823584107,
      0.8572093435431903,
      0.848443281543435,
      0.8557796820898176,
      0.86072164526144,
      0.860283472370032,
      0.8615906454177794,
      0.8626686485549192,
      0.8677402018702591,
      0.8563444406540643,
      0.8551082006159412,
      0.8571137935139429,
      0.855844251352047,
      0.8584271688382795,
      0.8666714077331962,
      0.8628881615999856,
      0.8646255645232408,
      0.8664962363220846,
      0.8600757699269693,
      0.8613854156569669,
      0.8655027654144024,
      0.8651197826047624,
      0.8624676555165008,
      0.8635984800746032,
      0.8673890629016655,
      0.8597437352860527,
      0.866025829698963,
      0.8611899871897193,
      0.8684213726203991,
      0.8680120206270541,
      0.8588475713340854,
      0.8626908585415302,
      0.8647507459311486,
      0.8672778885667513,
      0.8645648424219338,
      0.8662610068687551,
      0.8666751176170281,
      0.8662879620785144,
      0.86718773953835,
      0.8687214572418087,
      0.8676141122837024,
      0.8656852295259257,
      0.8666675733415906,
      0.8673873428889535,
      0.8671471798878266,
      0.8671571856561511,
      0.8665334668470722,
      0.86707090573913,
      0.8669832000811492,
      0.866928270475078,
      0.8672687015270175,
      0.8672248742671306,
      0.8673067809060311,
      0.8672326774993705,
      0.8673044083361608,
      0.8673697348824163,
      0.8671832678174636,
      0.8673013229813438,
      0.8674688622592693,
      0.8672310125956949
    ],