{
  "config": {
    "dataset": "mnm",
    "backbone": "cinema",
    "model_name": "cinema_pretrained",
    "decoder": "unetr",
    "embed_dim": 768,
    "cache_layers": [
      3,
      6,
      9,
      11
    ],
    "probe_layers": [
      3,
      6,
      9,
      11
    ],
    "lr": 0.001,
    "weight_decay": 0.001,
    "batch_size": 16,
    "n_epochs": 100,
    "patience": 20,
    "seed": 0,
    "trainable_params": 39083302
  },
  "per_class_dice": {
    "BG": 0.9925147965033169,
    "RV": 0.8562069502638353,
    "MYO": 0.799923363007249,
    "LV": 0.9086062270113926
  },
  "macro_dice": 0.8549121800941589,
  "training_history": {
    "train_loss": [
      1.931872010231018,
      0.8701067598242509,
      0.6787786013201663,
      0.5385180601948186,
      0.47954929659241124,
      0.43899109018476384,
      0.41079933706082794,
      0.3689872151926944,
      0.35123218988117416,
      0.37447778802168996,
      0.34132046134848343,
      0.3076955613337065,
      0.30090424889012385,
      0.2922499242581819,
      0.2857968744478728,
      0.2893312463634892,
      0.2601695578349264,
      0.2478150576353073,
      0.23261658768904836,
      0.23270153999328613,
      0.25434831490642146,
      0.23999501921628652,
      0.2232361404519332,
      0.21127487013214513,
      0.2320694735175685,
      0.21942841928256185,
      0.20489015390998438,
      0.20035218878796227,
      0.1925387343293742,
      0.1862024735463293,
      0.18109309124319176,
      0.17540807629886426,
      0.1700387495128732,
      0.1616068858849375,
      0.15683373181443466,
      0.15372026672488764,
      0.15160736520039408,
      0.15272403390784012,
      0.1518772864028027,
      0.1496231955917258,
      0.15937898347252294,
      0.16984278198919797,
      0.15866494570907794,
      0.1509331260856829,
      0.13308556926877876,
      0.13004326271383385,
      0.11932121687813808,
      0.11307764053344727,
      0.1084706806822827,
      0.10545154151163603,
      0.10323315349064376
    ],
    "val_macro_dice": [
      0.47870492346327675,
      0.5701445495294927,
      0.7312541811605263,
      0.7602322224969987,
      0.754748290336431,
      0.8251413558634363,
      0.8206709892390677,
      0.8021569853467229,
      0.8091593237577275,
      0.8095745928454184,
      0.8156021095064755,
      0.8158691817673785,
      0.8367483349542764,
      0.8481369021678095,
      0.8020081600789014,
      0.8306657020687935,
      0.8373769890125707,
      0.8469314810479185,
      0.8445455608124166,
      0.8656330098609587,
      0.8154355949775178,
      0.8427476777580251,
      0.8620923537503772,
      0.833351267642548,
      0.8337573560906479,
      0.8376461580269533,
      0.8657236668368622,
      0.8549434329480698,
      0.863151692192143,
      0.8665116674568636,
      0.8683939760617295,
      0.858626974478924,
      0.851166949310682,
      0.8581861033828719,
      0.8594020776757295,
      0.864250133336204,
      0.8542672089570512,
      0.8573119940370718,
      0.856125383152741,
      0.8453966145044465,
      0.8533548254248822,
      0.8588963600099602,
      0.8522298069120916,
      0.8619902693838387,
      0.8581709102735565,
      0.8637879449549327,
      0.8625452468876337,
      0.8643237517765577,
      0.8679718117530865,
      0.8681875872125947,
      0.8660524626823324
    ],
    "lr": [
      0.0009997532801828658,
      0.0009990133642141358,
      0.00099778098230154,
      0.000996057350657239,
      0.0009938441702975688,
      0.0009911436253643444,
      0.0009879583809693736,
      0.0009842915805643154,
      0.0009801468428384714,
      0.0009755282581475767,
      0.0009704403844771127,
      0.0009648882429441257,
      0.0009588773128419905,
      0.0009524135262330098,
      0.0009455032620941839,
      0.0009381533400219318,
      0.0009303710135019719,
      0.0009221639627510076,
      0.000913540287137281,
      0.0009045084971874739,
      0.0008950775061878452,
      0.0008852566213878947,
      0.0008750555348152298,
      0.0008644843137107057,
      0.0008535533905932737,
      0.0008422735529643444,
      0.0008306559326618259,
      0.0008187119948743449,
      0.0008064535268264883,
      0.0007938926261462367,
      0.0007810416889260654,
      0.0007679133974894983,
      0.0007545207078751857,
      0.0007408768370508577,
      0.0007269952498697734,
      0.0007128896457825364,
      0.0006985739453173903,
      0.0006840622763423391,
      0.0006693689601226458,
      0.0006545084971874737,
      0.0006394955530196147,
      0.0006243449435824273,
      0.0006090716206982714,
      0.0005936906572928625,
      0.0005782172325201156,
      0.0005626666167821523,
      0.0005470541566592572,
      0.0005313952597646569,
      0.0005157053795390643,
      0.0005000000000000002,
      0.00048429462046093607
    ]
  },
  "best_val_dice": 0.8683939760617295,
  "best_epoch": 31,
  "per_sample_metrics_file": "cinema_pretrained_unetr_20260418_164814_per_sample.csv",
  "n_test_samples": 268,
  "per_slice_metrics_file": "cinema_pretrained_unetr_20260418_164814_per_slice.csv",
  "n_test_slices": 3154
}