{
  "config": {
    "dataset": "mnm",
    "backbone": "cinema",
    "model_name": "cinema_pretrained",
    "decoder": "conv_decoder",
    "embed_dim": 768,
    "cache_layers": [
      3,
      6,
      9,
      11
    ],
    "probe_layers": [
      0
    ],
    "lr": 0.001,
    "weight_decay": 0.001,
    "batch_size": 16,
    "n_epochs": 100,
    "patience": 20,
    "seed": 0,
    "trainable_params": 1033220
  },
  "per_class_dice": {
    "BG": 0.9829136897076629,
    "RV": 0.6869548510396615,
    "MYO": 0.6014165026915416,
    "LV": 0.8010873853353417
  },
  "macro_dice": 0.6964862463555149,
  "training_history": {
    "train_loss": [
      1.0316106556641935,
      0.806773884428872,
      0.7535541710829494,
      0.7132695169761928,
      0.6801545564273391,
      0.6496501077305187,
      0.6246577578060555,
      0.6164430683911449,
      0.5976683750297084,
      0.5869213696381058,
      0.5739673639487739,
      0.5558205552474417,
      0.546770631062864,
      0.5267782345263645,
      0.517682269817651,
      0.5190309846039974,
      0.5036922569828804,
      0.49632384725893386,
      0.48223284353511503,
      0.48285752128471027,
      0.46930780133815725,
      0.4657455741456061,
      0.4507996504655992,
      0.45586983814383997,
      0.44330551482812325,
      0.434934344255563,
      0.427470626403587,
      0.4181776298115952,
      0.4138759028429937,
      0.4132066203488244,
      0.41032276249895194,
      0.4049853389010285,
      0.39555237254109044,
      0.39413647007460545,
      0.38264549019360783,
      0.37713826967008185,
      0.37104023345793136,
      0.3741241263018714,
      0.3675633253473224,
      0.36023044405561505,
      0.35336377042712586,
      0.35046301947699654,
      0.34444290128621186,
      0.3448806975526039,
      0.3359857489063282,
      0.3308339970129909,
      0.32811121529701986,
      0.32234261531119396,
      0.3187103907417769,
      0.3223198099870874,
      0.31488685791540627,
      0.31249505921144677,
      0.3065750041242802,
      0.30069356976133405,
      0.298491403912053,
      0.298852574117858,
      0.2977063781534783,
      0.2947754160021291,
      0.28887706829441917,
      0.28544809037085733,
      0.2852413071827455,
      0.28171258758414874,
      0.27439077311392984,
      0.274627329198399,
      0.27472649115805675,
      0.26688568527349316,
      0.2661833715709773,
      0.26455123775234124,
      0.26236138379935064,
      0.2614332484928044,
      0.2590551681891836,
      0.2591609289549818,
      0.2566327436102761,
      0.2544262907420746,
      0.25221922685100573,
      0.24810310844520125,
      0.24823152108324897,
      0.24944512598743343
    ],
    "val_macro_dice": [
      0.6059476567945532,
      0.6183602191705816,
      0.6514625094374217,
      0.6469390624042287,
      0.659788313923482,
      0.6823247754729165,
      0.6675985790080524,
      0.682267132424002,
      0.6969512091971054,
      0.6946832906976703,
      0.7030252967011666,
      0.7044167055298364,
      0.6609802071691209,
      0.702008657332898,
      0.6963951932350779,
      0.699230354011326,
      0.6848708702382744,
      0.70051640420568,
      0.7057779185786277,
      0.6973906887423817,
      0.7028323476347843,
      0.706665647987505,
      0.7213379143090072,
      0.7143440931662441,
      0.7043985807963703,
      0.7057465518790561,
      0.7030712467142012,
      0.718148727761558,
      0.7062846817710645,
      0.7008363779657412,
      0.7065663658027624,
      0.7123438534649398,
      0.7168461183655567,
      0.7183822821481934,
      0.7061592946952101,
      0.7180533179696743,
      0.7205830841001979,
      0.7116044458453091,
      0.7169758640912978,
      0.713868271071029,
      0.7233225867702968,
      0.7218745546905975,
      0.7073293115719116,
      0.7142801112358899,
      0.7226100486735308,
      0.7212027535685895,
      0.711720729520486,
      0.7182840223394891,
      0.7236142376343331,
      0.7237469797676092,
      0.7190139326937676,
      0.7179555309567679,
      0.7232691773636466,
      0.7231382430589904,
      0.7224381530202919,
      0.7251727661950941,
      0.7229669266460733,
      0.7279548876042772,
      0.7273927910602648,
      0.7233458718907569,
      0.7231591290288119,
      0.7202501511848992,
      0.7245906173374207,
      0.727832654788334,
      0.7244086555619157,
      0.726823574419535,
      0.7262767715988846,
      0.7250169682953981,
      0.7265332767011344,
      0.7263784283335974,
      0.722923416145151,
      0.7256004754684575,
      0.7270846832709569,
      0.7245233172268478,
      0.7251794813936123,
      0.7247769611832537,
      0.7265465421418869,
      0.7271449077635211
    ],
    "lr": [
      0.0009997532801828658,
      0.0009990133642141358,
      0.00099778098230154,
      0.000996057350657239,
      0.0009938441702975688,
      0.0009911436253643444,
      0.0009879583809693736,
      0.0009842915805643154,
      0.0009801468428384714,
      0.0009755282581475767,
      0.0009704403844771127,
      0.0009648882429441257,
      0.0009588773128419905,
      0.0009524135262330098,
      0.0009455032620941839,
      0.0009381533400219318,
      0.0009303710135019719,
      0.0009221639627510076,
      0.000913540287137281,
      0.0009045084971874739,
      0.0008950775061878452,
      0.0008852566213878947,
      0.0008750555348152298,
      0.0008644843137107057,
      0.0008535533905932737,
      0.0008422735529643444,
      0.0008306559326618259,
      0.0008187119948743449,
      0.0008064535268264883,
      0.0007938926261462367,
      0.0007810416889260654,
      0.0007679133974894983,
      0.0007545207078751857,
      0.0007408768370508577,
      0.0007269952498697734,
      0.0007128896457825364,
      0.0006985739453173903,
      0.0006840622763423391,
      0.0006693689601226458,
      0.0006545084971874737,
      0.0006394955530196147,
      0.0006243449435824273,
      0.0006090716206982714,
      0.0005936906572928625,
      0.0005782172325201156,
      0.0005626666167821523,
      0.0005470541566592572,
      0.0005313952597646569,
      0.0005157053795390643,
      0.0005000000000000002,
      0.00048429462046093607,
      0.0004686047402353435,
      0.000452945843340743,
      0.00043733338321784806,
      0.0004217827674798847,
      0.00040630934270713783,
      0.000390928379301729,
      0.0003756550564175727,
      0.00036050444698038553,
      0.00034549150281252655,
      0.0003306310398773544,
      0.00031593772365766127,
      0.0003014260546826097,
      0.0002871103542174637,
      0.0002730047501302267,
      0.00025912316294914234,
      0.0002454792921248144,
      0.00023208660251050164,
      0.00021895831107393473,
      0.00020610737385376356,
      0.00019354647317351177,
      0.0001812880051256552,
      0.00016934406733817422,
      0.0001577264470356557,
      0.00014644660940672634,
      0.0001355156862892944,
      0.00012494446518477025,
      0.00011474337861210548
    ]
  },
  "best_val_dice": 0.7279548876042772,
  "best_epoch": 58,
  "per_slice_metrics_file": "cinema_pretrained_conv_decoder_20260501_214407_per_slice.csv",
  "n_test_slices": 3154,
  "per_stack_metrics_file": "cinema_pretrained_conv_decoder_20260501_214407_per_stack.csv",
  "n_test_stacks": 268
}
