{
  "config": {
    "dataset": "mnm",
    "backbone": "cinema",
    "model_name": "cinema_pretrained",
    "decoder": "conv_decoder",
    "embed_dim": 768,
    "cache_layers": [
      3,
      6,
      9,
      11
    ],
    "probe_layers": [
      0
    ],
    "lr": 0.001,
    "weight_decay": 0.001,
    "batch_size": 16,
    "n_epochs": 100,
    "patience": 20,
    "seed": 0,
    "trainable_params": 1033220
  },
  "per_class_dice": {
    "BG": 0.9832903867998135,
    "RV": 0.683612172730579,
    "MYO": 0.61023355229601,
    "LV": 0.794874608357049
  },
  "macro_dice": 0.6962401111278793,
  "training_history": {
    "train_loss": [
      1.0342309035436072,
      0.8073196621856304,
      0.758376232903413,
      0.7189811124946132,
      0.6872508577024093,
      0.6548689799477355,
      0.6304083912059514,
      0.6214591505551579,
      0.5968398298277999,
      0.5890212966637178,
      0.5713723962656175,
      0.5585556802424517,
      0.5558064778645834,
      0.5316106811015293,
      0.5199224774283592,
      0.5223412614579153,
      0.50912570772749,
      0.5032437044863749,
      0.48607321219010785,
      0.4806074643074864,
      0.4749903847472836,
      0.4631118733774532,
      0.45527716236885146,
      0.4562830834677725,
      0.4460694862134529,
      0.4350623649479163,
      0.42717870738771224,
      0.4258897995406931,
      0.4126669058595041,
      0.4100827836629116,
      0.4107890067377476,
      0.4065754385006548,
      0.4011922301066042,
      0.3963177869416247,
      0.3881976947639928,
      0.37519098321596783,
      0.3741301627773227,
      0.3728495712834175,
      0.3680816405650341,
      0.36436207592487335,
      0.35219565304842865,
      0.35212818292355297,
      0.3475323566282638,
      0.3445497850577037,
      0.34083679085127033,
      0.34788301880612515,
      0.3324372728515153,
      0.32496029364340234,
      0.31988479467955505,
      0.3270519165077595,
      0.31581130292680526,
      0.31104629358859975,
      0.30986099276277757,
      0.30319174454368725,
      0.2980208382612527,
      0.29778017653058275,
      0.30090679664804476,
      0.29434407969014814,
      0.2882986098076358,
      0.28928526031850565,
      0.2862331940218656,
      0.2815151320713939,
      0.27612419704897234,
      0.2781761165219124,
      0.2760043373011579,
      0.2672247246208817,
      0.26785380265327413,
      0.26503249408319746,
      0.2627891628730177,
      0.26163736166376056,
      0.2606854901620836,
      0.2599429562687874,
      0.2574909324898864,
      0.2536506661110454,
      0.25306549435011066,
      0.24960943040522662,
      0.2498509195266348,
      0.24868852494641988,
      0.24549111189565273
    ],
    "val_macro_dice": [
      0.5927235527898483,
      0.6213059853082884,
      0.6533525942380817,
      0.6492209558600773,
      0.660523638589915,
      0.6818191365905059,
      0.6654826528950242,
      0.6788174130207,
      0.6948912207562162,
      0.6835894286140952,
      0.7001016783242217,
      0.7004122996225958,
      0.6697222796783127,
      0.6989464131637542,
      0.6942702106334298,
      0.6998933821481971,
      0.6827931978809945,
      0.6930415202728165,
      0.69968360733217,
      0.7002048920457583,
      0.6990573965337473,
      0.7158424557548398,
      0.7211509192840534,
      0.7134168232343588,
      0.7036603501925424,
      0.712238694833836,
      0.7020213192663712,
      0.7220156800219932,
      0.7069906928435623,
      0.7116791362019272,
      0.705596527798645,
      0.7089663385022562,
      0.7170531702766092,
      0.7063132578836617,
      0.7038099980107279,
      0.7145287421190382,
      0.7230927576682274,
      0.7112904132664829,
      0.7100254489211429,
      0.7110516344307332,
      0.720289388450157,
      0.7216930167977716,
      0.7125128993553972,
      0.7089394320704399,
      0.7134368381879465,
      0.7140920771429736,
      0.7146086231079812,
      0.7192684918974904,
      0.7202511378648963,
      0.7201865675743985,
      0.7144612452442036,
      0.7115403463708204,
      0.7191656361816978,
      0.7195392339528439,
      0.7230062360750158,
      0.7206698880574437,
      0.7232422361250563,
      0.7250883873214732,
      0.7277349319534171,
      0.7214044141570507,
      0.7200992468703179,
      0.7178766722658891,
      0.7234197345724498,
      0.7251041398773808,
      0.7241351647381752,
      0.7244603150302251,
      0.7236341738833986,
      0.7231158174090188,
      0.7243553607112175,
      0.7246535063888649,
      0.7216696449608565,
      0.7238883301308889,
      0.7244384215438199,
      0.725197282388539,
      0.7246716634851565,
      0.7231223089853841,
      0.7246306047981702,
      0.7264289810086275,
      0.7222894035557305
    ],
    "lr": [
      0.0009997532801828658,
      0.0009990133642141358,
      0.00099778098230154,
      0.000996057350657239,
      0.0009938441702975688,
      0.0009911436253643444,
      0.0009879583809693736,
      0.0009842915805643154,
      0.0009801468428384714,
      0.0009755282581475767,
      0.0009704403844771127,
      0.0009648882429441257,
      0.0009588773128419905,
      0.0009524135262330098,
      0.0009455032620941839,
      0.0009381533400219318,
      0.0009303710135019719,
      0.0009221639627510076,
      0.000913540287137281,
      0.0009045084971874739,
      0.0008950775061878452,
      0.0008852566213878947,
      0.0008750555348152298,
      0.0008644843137107057,
      0.0008535533905932737,
      0.0008422735529643444,
      0.0008306559326618259,
      0.0008187119948743449,
      0.0008064535268264883,
      0.0007938926261462367,
      0.0007810416889260654,
      0.0007679133974894983,
      0.0007545207078751857,
      0.0007408768370508577,
      0.0007269952498697734,
      0.0007128896457825364,
      0.0006985739453173903,
      0.0006840622763423391,
      0.0006693689601226458,
      0.0006545084971874737,
      0.0006394955530196147,
      0.0006243449435824273,
      0.0006090716206982714,
      0.0005936906572928625,
      0.0005782172325201156,
      0.0005626666167821523,
      0.0005470541566592572,
      0.0005313952597646569,
      0.0005157053795390643,
      0.0005000000000000002,
      0.00048429462046093607,
      0.0004686047402353435,
      0.000452945843340743,
      0.00043733338321784806,
      0.0004217827674798847,
      0.00040630934270713783,
      0.000390928379301729,
      0.0003756550564175727,
      0.00036050444698038553,
      0.00034549150281252655,
      0.0003306310398773544,
      0.00031593772365766127,
      0.0003014260546826097,
      0.0002871103542174637,
      0.0002730047501302267,
      0.00025912316294914234,
      0.0002454792921248144,
      0.00023208660251050164,
      0.00021895831107393473,
      0.00020610737385376356,
      0.00019354647317351177,
      0.0001812880051256552,
      0.00016934406733817422,
      0.0001577264470356557,
      0.00014644660940672634,
      0.0001355156862892944,
      0.00012494446518477025,
      0.00011474337861210548,
      0.00010492249381215483
    ]
  },
  "best_val_dice": 0.7277349319534171,
  "best_epoch": 59,
  "per_slice_metrics_file": "cinema_pretrained_conv_decoder_20260418_164812_per_slice.csv",
  "n_test_slices": 3154,
  "per_stack_metrics_file": "cinema_pretrained_conv_decoder_20260418_164812_per_stack.csv",
  "n_test_stacks": 268
}