{
  "config": {
    "dataset": "mnm",
    "backbone": "cinema",
    "model_name": "cinema_pretrained",
    "decoder": "linear_probe",
    "embed_dim": 768,
    "cache_layers": [
      3,
      6,
      9,
      11
    ],
    "probe_layers": [
      0
    ],
    "lr": 0.001,
    "weight_decay": 0.001,
    "batch_size": 16,
    "n_epochs": 100,
    "patience": 20,
    "seed": 0,
    "trainable_params": 4612
  },
  "per_class_dice": {
    "BG": 0.9829148900001341,
    "RV": 0.638956326517505,
    "MYO": 0.5726291697673983,
    "LV": 0.760569177911298
  },
  "macro_dice": 0.6573848913987338,
  "training_history": {
    "train_loss": [
      1.0141052153676446,
      0.5931362502201639,
      0.5672798441214995,
      0.5545945370739157,
      0.5437230568642568,
      0.533873764101905,
      0.5314085018454175,
      0.5284019053885431,
      0.5291824777318974,
      0.5222925619043485,
      0.5242859579698004,
      0.5218665602833333,
      0.5225314797476085,
      0.5178319963842931,
      0.5196984341048231,
      0.5203205339535318,
      0.5160710780006467,
      0.5163831230666902,
      0.5144214743014538,
      0.5142373526939238,
      0.5161728723482653,
      0.5155248983640863,
      0.5177460716228293,
      0.5172171567124549,
      0.5122964323470087,
      0.5110927425851726,
      0.5155658860399266,
      0.5112970933468655,
      0.5122234697895821,
      0.5118223135218476,
      0.513020794650521,
      0.5214423854844739,
      0.5159676792946729,
      0.5128720160385575,
      0.5138587629554248,
      0.5100264878887119,
      0.5109697899433098,
      0.513909380995866,
      0.5126432275230234,
      0.5133396697164786,
      0.5120263620458468,
      0.5144280171153521,
      0.50643595420953,
      0.5115972567688335,
      0.5126007556012182,
      0.512124748844089,
      0.5089209481622233,
      0.5142816496316833,
      0.5075230217642255,
      0.511731367370095,
      0.5092104805840386,
      0.5113217463397016,
      0.5082938072055277,
      0.5134515815009975,
      0.5108624904444723,
      0.5121432244777679,
      0.5138196936159423,
      0.5117684169249102,
      0.5057701339023282,
      0.5072014617799508,
      0.5066301256719262
    ],
    "val_macro_dice": [
      0.6342495655924755,
      0.6579220737846939,
      0.6676783029278311,
      0.6739709823943142,
      0.6701309354699968,
      0.6743235407766585,
      0.6811627066843143,
      0.6838329446897378,
      0.682397183971836,
      0.6850081229333437,
      0.6814883660218095,
      0.6823096453543167,
      0.6786660987833574,
      0.6802222353473365,
      0.6841978223567583,
      0.6779460933317202,
      0.6857103993929146,
      0.6861978429303349,
      0.6853472143807382,
      0.6861160526295565,
      0.6856933222706916,
      0.6897608125467446,
      0.683464440709726,
      0.6898804600357097,
      0.6881185212597213,
      0.6861248455838546,
      0.6864783181999319,
      0.688010397409666,
      0.6884260339702926,
      0.6897957124534217,
      0.6863829427536444,
      0.6840394643629789,
      0.6878875804421695,
      0.6894196100471945,
      0.689368651215724,
      0.6904129004964092,
      0.6899130885833155,
      0.6887536375068253,
      0.6900835251291587,
      0.6891378863665455,
      0.6911252261934865,
      0.6896898547050889,
      0.6860832319780538,
      0.6886306311779197,
      0.6855280648269767,
      0.6868558698411684,
      0.6884891879757009,
      0.6895390271565045,
      0.688469717098321,
      0.6884983923244592,
      0.6878918560786366,
      0.6897930837616228,
      0.6847379676851718,
      0.6888790836638864,
      0.6896606148150032,
      0.6868211966770849,
      0.6872145108702256,
      0.6878178728381846,
      0.6886147101324939,
      0.6895795920887998,
      0.6889354150691763
    ],
    "lr": [
      0.0009997532801828658,
      0.0009990133642141358,
      0.00099778098230154,
      0.000996057350657239,
      0.0009938441702975688,
      0.0009911436253643444,
      0.0009879583809693736,
      0.0009842915805643154,
      0.0009801468428384714,
      0.0009755282581475767,
      0.0009704403844771127,
      0.0009648882429441257,
      0.0009588773128419905,
      0.0009524135262330098,
      0.0009455032620941839,
      0.0009381533400219318,
      0.0009303710135019719,
      0.0009221639627510076,
      0.000913540287137281,
      0.0009045084971874739,
      0.0008950775061878452,
      0.0008852566213878947,
      0.0008750555348152298,
      0.0008644843137107057,
      0.0008535533905932737,
      0.0008422735529643444,
      0.0008306559326618259,
      0.0008187119948743449,
      0.0008064535268264883,
      0.0007938926261462367,
      0.0007810416889260654,
      0.0007679133974894983,
      0.0007545207078751857,
      0.0007408768370508577,
      0.0007269952498697734,
      0.0007128896457825364,
      0.0006985739453173903,
      0.0006840622763423391,
      0.0006693689601226458,
      0.0006545084971874737,
      0.0006394955530196147,
      0.0006243449435824273,
      0.0006090716206982714,
      0.0005936906572928625,
      0.0005782172325201156,
      0.0005626666167821523,
      0.0005470541566592572,
      0.0005313952597646569,
      0.0005157053795390643,
      0.0005000000000000002,
      0.00048429462046093607,
      0.0004686047402353435,
      0.000452945843340743,
      0.00043733338321784806,
      0.0004217827674798847,
      0.00040630934270713783,
      0.000390928379301729,
      0.0003756550564175727,
      0.00036050444698038553,
      0.00034549150281252655,
      0.0003306310398773544
    ]
  },
  "best_val_dice": 0.6911252261934865,
  "best_epoch": 41,
  "per_slice_metrics_file": "cinema_pretrained_linear_probe_20260501_213211_per_slice.csv",
  "n_test_slices": 3154,
  "per_stack_metrics_file": "cinema_pretrained_linear_probe_20260501_213211_per_stack.csv",
  "n_test_stacks": 268
}
