{
  "config": {
    "dataset": "mnm",
    "backbone": "dinov3",
    "model_name": "dinov3_vitb16",
    "decoder": "conv_decoder",
    "embed_dim": 768,
    "cache_layers": [
      3,
      6,
      9,
      11
    ],
    "probe_layers": [
      3,
      6,
      9,
      11
    ],
    "lr": 0.001,
    "weight_decay": 0.001,
    "batch_size": 16,
    "n_epochs": 100,
    "patience": 20,
    "seed": 0,
    "trainable_params": 3687428
  },
  "per_class_dice": {
    "BG": 0.9922754174686834,
    "RV": 0.8406481591978061,
    "MYO": 0.7816218468007158,
    "LV": 0.896033306099056
  },
  "macro_dice": 0.8394344373658593,
  "training_history": {
    "train_loss": [
      0.6999004981433502,
      0.44529213884262125,
      0.4008748702930682,
      0.3628348423676057,
      0.33033161828614244,
      0.3104672303253954,
      0.2872368746785202,
      0.27795802101944433,
      0.2683865542363639,
      0.25887291727945055,
      0.24572637383684967,
      0.23616314431031546,
      0.2349296242299706,
      0.22189399630132348,
      0.2131576288980667,
      0.20688413219018417,
      0.20444273986298628,
      0.19470451140042508,
      0.18815749213852065,
      0.18511282863339992,
      0.18471543709136018,
      0.19406347887383568,
      0.17880600382282277,
      0.16991575227843392,
      0.16881016649381078,
      0.16528222980824384,
      0.16332728935010504,
      0.15657124367326197,
      0.1517309085889296,
      0.15380045493142774,
      0.15336513752588118,
      0.14840860183190818,
      0.14745069114547787,
      0.14557926571278862,
      0.1382361182736026,
      0.13726367489105523,
      0.13633563320594605,
      0.13495453635249474,
      0.1314303841855791,
      0.13137687219664304,
      0.12530790446232062,
      0.12419226603827091,
      0.12285124333669441,
      0.12201436582689333,
      0.11987039330180245,
      0.11931998869686415,
      0.11550640073990581,
      0.11418932548376044,
      0.1133098295993275,
      0.11287250700924131,
      0.11027954116162628,
      0.10852435735440014,
      0.10726446556774052,
      0.1060134099815229,
      0.10460755496163561,
      0.10335008194199716,
      0.10215543447570367,
      0.1017661587607981,
      0.09927799217779228,
      0.09784432752716421,
      0.09809807349335063,
      0.09628980648186472,
      0.09595733681561971,
      0.09404608516982108,
      0.09236640159529869,
      0.09108564163548778,
      0.09106031914401536,
      0.09011698363706319,
      0.0890962839728654,
      0.08894260460981215,
      0.08743807135356797,
      0.08748650234757048,
      0.08719524056321443,
      0.08560083076508358,
      0.08481783427373328,
      0.08419639756432687,
      0.08383860107925203,
      0.08332143705150094,
      0.08214431429150129,
      0.08192839116008595,
      0.08142245496914845,
      0.08121895711078789,
      0.08049142082231213,
      0.08018905639347404,
      0.07976269541364728,
      0.07960975290548922,
      0.07909289604485636,
      0.07938572045679045,
      0.07879755634701613,
      0.07848671966730947,
      0.07843651675214672
    ],
    "val_macro_dice": [
      0.7982215690187365,
      0.8193787419774071,
      0.7747218787906499,
      0.7973171779270308,
      0.8146140712811212,
      0.8396453468977058,
      0.8293836668491363,
      0.8145193695361103,
      0.8396833418393449,
      0.832989146475342,
      0.8273424389622198,
      0.8303694775672712,
      0.8358758895382815,
      0.8436734467997181,
      0.8431527670505753,
      0.8354543154668607,
      0.8365203074878232,
      0.8333147917589089,
      0.838720491902091,
      0.845150469933068,
      0.8417363717332197,
      0.8417370409896611,
      0.8454661277423438,
      0.8471662076382188,
      0.825322167913123,
      0.8370298969439457,
      0.8470633623420434,
      0.8471295292689319,
      0.8463427293504869,
      0.8495706579158416,
      0.8474989230004534,
      0.8416149547493882,
      0.8472627036798253,
      0.8494761675713455,
      0.8516114713890115,
      0.8466549077833124,
      0.8488973251784335,
      0.846615589264931,
      0.8501176729752293,
      0.8436789733136729,
      0.8520617574291639,
      0.850269294997909,
      0.850368894450206,
      0.8479028637080418,
      0.8450877082180401,
      0.8512268767593918,
      0.8515662786572978,
      0.8483070035725356,
      0.8504203989177884,
      0.8507315769951672,
      0.851947554441849,
      0.8495509876066881,
      0.8514132665580325,
      0.850614890409215,
      0.8532186429647578,
      0.851328256200193,
      0.8509245486022111,
      0.8500739547323218,
      0.8531895155184367,
      0.8525023323140877,
      0.8504683437372379,
      0.8511672405408901,
      0.8511177009296009,
      0.8514600137690375,
      0.8514728494521915,
      0.8521039996809266,
      0.8502076472781414,
      0.8530622809263865,
      0.8530439965082105,
      0.8519208353012031,
      0.8540234282449823,
      0.8518914067622939,
      0.8524520291211625,
      0.8517649168749787,
      0.8520679423860038,
      0.8518281178326975,
      0.8530346485998006,
      0.8518951279371868,
      0.8525797693538588,
      0.8519300042041994,
      0.8514396436772906,
      0.8523764476086129,
      0.8521437578737174,
      0.852051603673487,
      0.8527543092272923,
      0.85307587921371,
      0.852755459700552,
      0.8525957096382341,
      0.8529173399731724,
      0.8522509383482643,
      0.8523330993463912
    ],