{
  "config": {
    "dataset": "mnm",
    "backbone": "dinov3",
    "model_name": "dinov3_vitb16",
    "decoder": "unetr",
    "embed_dim": 768,
    "cache_layers": [
      3,
      6,
      9,
      11
    ],
    "probe_layers": [
      3,
      6,
      9,
      11
    ],
    "lr": 0.001,
    "weight_decay": 0.001,
    "batch_size": 16,
    "n_epochs": 100,
    "patience": 20,
    "seed": 0,
    "trainable_params": 41338788
  },
  "per_class_dice": {
    "BG": 0.9914709437292271,
    "RV": 0.8364824327981457,
    "MYO": 0.7764736421460648,
    "LV": 0.8978875536795363
  },
  "macro_dice": 0.8369478762079156,
  "training_history": {
    "train_loss": [
      1.6185493155529624,
      0.768522604515678,
      0.5560253591913926,
      0.4527131742552707,
      0.39259906505283554,
      0.35950316880878647,
      0.3246616846636722,
      0.310448557138443,
      0.2936678042537288,
      0.2788192723926745,
      0.25793809090789993,
      0.25566340904486806,
      0.23584940637412824,
      0.22353731174218028,
      0.20506260583275243,
      0.1877926933137994,
      0.1777243873006419,
      0.18964619542423047,
      0.17557841931518756,
      0.156671656589759,
      0.14693416027646317,
      0.13817482716158816,
      0.14579343874203532,
      0.1439875238820126,
      0.13769680732174924,
      0.12445362422027086,
      0.11957055369490072,
      0.12073210587627009,
      0.11640657798240059,
      0.11583720461318367,
      0.10779484439837306,
      0.11574173993185947,
      0.10894632574759032
    ],
    "val_macro_dice": [
      0.5781454375809776,
      0.7008856436066679,
      0.7371254512810411,
      0.7890340659659948,
      0.7927725364567526,
      0.800231892873037,
      0.7986291244119803,
      0.8027265418063906,
      0.8316978382770722,
      0.83349955509626,
      0.8286219179893216,
      0.8353304088329129,
      0.8526261662828766,
      0.8392924500764289,
      0.8366005256345096,
      0.8408853550093,
      0.8412587079667261,
      0.8476791582415036,
      0.837994671168136,
      0.8432426901859814,
      0.8395352634179969,
      0.8416383230162983,
      0.844344843093683,
      0.8403864018355601,
      0.8492859317346348,
      0.8422223255052691,
      0.839386016184549,
      0.8481931097056415,
      0.8400061368193809,
      0.845613186343813,
      0.8490992872412179,
      0.8353258441433309,
      0.8461006331854012
    ],
    "lr": [
      0.0009997532801828658,
      0.0009990133642141358,
      0.00099778098230154,
      0.000996057350657239,
      0.0009938441702975688,
      0.0009911436253643444,
      0.0009879583809693736,
      0.0009842915805643154,
      0.0009801468428384714,
      0.0009755282581475767,
      0.0009704403844771127,
      0.0009648882429441257,
      0.0009588773128419905,
      0.0009524135262330098,
      0.0009455032620941839,
      0.0009381533400219318,
      0.0009303710135019719,
      0.0009221639627510076,
      0.000913540287137281,
      0.0009045084971874739,
      0.0008950775061878452,
      0.0008852566213878947,
      0.0008750555348152298,
      0.0008644843137107057,
      0.0008535533905932737,
      0.0008422735529643444,
      0.0008306559326618259,
      0.0008187119948743449,
      0.0008064535268264883,
      0.0007938926261462367,
      0.0007810416889260654,
      0.0007679133974894983,
      0.0007545207078751857
    ]
  },
  "best_val_dice": 0.8526261662828766,
  "best_epoch": 13,
  "per_sample_metrics_file": "dinov3_vitb16_unetr_20260421_082457_per_sample.csv",
  "n_test_samples": 268,
  "per_slice_metrics_file": "dinov3_vitb16_unetr_20260421_082457_per_slice.csv",
  "n_test_slices": 3154
}