{
  "config": {
    "dataset": "mnm",
    "backbone": "dinov3",
    "model_name": "dinov3_vits16",
    "decoder": "linear_probe",
    "embed_dim": 384,
    "cache_layers": [
      3,
      6,
      9,
      11
    ],
    "probe_layers": [
      11
    ],
    "lr": 0.001,
    "weight_decay": 0.001,
    "batch_size": 16,
    "n_epochs": 100,
    "patience": 20,
    "seed": 0,
    "trainable_params": 2308
  },
  "per_class_dice": {
    "BG": 0.9871142666653686,
    "RV": 0.723031819688788,
    "MYO": 0.6365307013577659,
    "LV": 0.8249469756477649
  },
  "macro_dice": 0.7281698322314396,
  "training_history": {
    "train_loss": [
      1.1938166558140455,
      0.5895946369026647,
      0.5407845134084875,
      0.5173942204376664,
      0.5061188587034592,
      0.49353558969016026,
      0.48615072667598724,
      0.47748470080621314,
      0.48393614996563306,
      0.4793567068950094,
      0.47628472760470225,
      0.47525633811348617,
      0.47521699648914917,
      0.4692427746274255,
      0.4680296402386945,
      0.4680961769337606,
      0.4668888467730898,
      0.470016481900456,
      0.4641389890451624,
      0.4654024810803057,
      0.4654249308085201,
      0.46441762013868854,
      0.46647563185354673,
      0.46495403725691514,
      0.4651971770958467,
      0.46594363195125504,
      0.46585113141271806,
      0.4657272756701768,
      0.46166565622946226,
      0.46257981221483213,
      0.46797866923640474,
      0.472970853249232,
      0.46672641508507007,
      0.46429871745181805,
      0.463487833738327,
      0.46334527237246736,
      0.46253405872619513,
      0.466273162250567,
      0.4676424830850929,
      0.4626858573068272,
      0.4646384216318227,
      0.46358799648405324,
      0.45863673602691807,
      0.460517094893889,
      0.4668142143825088,
      0.46420261534777557,
      0.46105484860111967,
      0.4623567115778875,
      0.45696306635033,
      0.46349250186573376,
      0.4610210524664985,
      0.4576245525268593,
      0.46295806464522776,
      0.4625251427142307
    ],
    "val_macro_dice": [
      0.6606049454434791,
      0.6917391962287023,
      0.7032757080488631,
      0.7136505620933352,
      0.7160747912812885,
      0.7255185105041906,
      0.7260709066165533,
      0.7280483325955135,
      0.730873309574922,
      0.7290954499494552,
      0.7329750657816506,
      0.7329229380992532,
      0.7332774866745472,
      0.7333127888804314,
      0.7354529603371125,
      0.7353661148126132,
      0.7359491160727942,
      0.7360338623003005,
      0.7331734967712945,
      0.7373681420040734,
      0.736886852775962,
      0.734956339765132,
      0.7349932664623436,
      0.7357955707565638,
      0.7376819715220962,
      0.7339595111094902,
      0.7393820238255148,
      0.7386220384857124,
      0.7385488635229062,
      0.7397005382090115,
      0.7393277457593528,
      0.7397570860219971,
      0.7405064170132847,
      0.7413186845925409,
      0.7408774765663134,
      0.7411993511282006,
      0.7393767602225401,
      0.7371756960935608,
      0.7383173458320179,
      0.7385422621970957,
      0.7405562692214941,
      0.739862176468412,
      0.740718914771826,
      0.7377244782930075,
      0.7399382102081655,
      0.7407957970797847,
      0.7395009567382173,
      0.7388078195144874,
      0.738188186378995,
      0.7409754806951857,
      0.7390589841226257,
      0.7372786526037363,
      0.7392149063274845,
      0.7405578468412525
    ],
    "lr": [
      0.0009997532801828658,
      0.0009990133642141358,
      0.00099778098230154,
      0.000996057350657239,
      0.0009938441702975688,
      0.0009911436253643444,
      0.0009879583809693736,
      0.0009842915805643154,
      0.0009801468428384714,
      0.0009755282581475767,
      0.0009704403844771127,
      0.0009648882429441257,
      0.0009588773128419905,
      0.0009524135262330098,
      0.0009455032620941839,
      0.0009381533400219318,
      0.0009303710135019719,
      0.0009221639627510076,
      0.000913540287137281,
      0.0009045084971874739,
      0.0008950775061878452,
      0.0008852566213878947,
      0.0008750555348152298,
      0.0008644843137107057,
      0.0008535533905932737,
      0.0008422735529643444,
      0.0008306559326618259,
      0.0008187119948743449,
      0.0008064535268264883,
      0.0007938926261462367,
      0.0007810416889260654,
      0.0007679133974894983,
      0.0007545207078751857,
      0.0007408768370508577,
      0.0007269952498697734,
      0.0007128896457825364,
      0.0006985739453173903,
      0.0006840622763423391,
      0.0006693689601226458,
      0.0006545084971874737,
      0.0006394955530196147,
      0.0006243449435824273,
      0.0006090716206982714,
      0.0005936906572928625,
      0.0005782172325201156,
      0.0005626666167821523,
      0.0005470541566592572,
      0.0005313952597646569,
      0.0005157053795390643,
      0.0005000000000000002,
      0.00048429462046093607,
      0.0004686047402353435,
      0.000452945843340743,
      0.00043733338321784806
    ]
  },
  "best_val_dice": 0.7413186845925409,
  "best_epoch": 34,
  "per_slice_metrics_file": "dinov3_vits16_linear_probe_20260501_082131_per_slice.csv",
  "n_test_slices": 3154,
  "per_stack_metrics_file": "dinov3_vits16_linear_probe_20260501_082131_per_stack.csv",
  "n_test_stacks": 268
}
