{
  "config": {
    "dataset": "mnm",
    "backbone": "dinov3",
    "model_name": "dinov3_vitb16",
    "decoder": "conv_decoder",
    "embed_dim": 768,
    "cache_layers": [
      3,
      6,
      9,
      11
    ],
    "probe_layers": [
      3,
      6,
      9,
      11
    ],
    "lr": 0.001,
    "weight_decay": 0.001,
    "batch_size": 16,
    "n_epochs": 100,
    "patience": 20,
    "seed": 0,
    "trainable_params": 3687428
  },
  "per_class_dice": {
    "BG": 0.9922913190715342,
    "RV": 0.8415520199220843,
    "MYO": 0.7823554181278819,
    "LV": 0.8980846814579302
  },
  "macro_dice": 0.8406640398359654,
  "training_history": {
    "train_loss": [
      0.6818470724604346,
      0.4445734755559401,
      0.4039881099956204,
      0.3646772997547882,
      0.33158109803693464,
      0.3087663138755644,
      0.2859080328483774,
      0.2778606683467374,
      0.26757736549232947,
      0.2519263346688916,
      0.24539647296522604,
      0.2403182801273134,
      0.23122358758642217,
      0.21593462766119928,
      0.2097550133111501,
      0.20832517976411666,
      0.20311714189522195,
      0.19357392440239587,
      0.18942363131226916,
      0.18939339008295175,
      0.1837136528708718,
      0.17869291620122063,
      0.17570577968250622,
      0.16896296992446436,
      0.16645520300877215,
      0.16478914142859102,
      0.16667071037521267,
      0.15660191376251403,
      0.15182682495526592,
      0.14846674857115505,
      0.1520465226712251,
      0.14920896622869703,
      0.15441160415760194,
      0.14785505733405702,
      0.13639148241943783,
      0.13653900688796333,
      0.13272803077342535,
      0.13308842254407477,
      0.13236208583670434,
      0.1335370968839135,
      0.1259438032754744,
      0.12456498517080991,
      0.12230491562925204,
      0.12294703131221761,
      0.1186170620900212,
      0.11820767819881439,
      0.11512328443503139,
      0.11351469426293566,
      0.11368552452386027,
      0.1135079800856836,
      0.11122900213707577,
      0.10951511193104464,
      0.1063271060661234,
      0.10825311866673556,
      0.10511103178365062,
      0.10412228336990481,
      0.10285060073841702,
      0.10211886860656016,
      0.09964483363008259,
      0.0980040237608582,
      0.09829438696003924,
      0.09756439769960414,
      0.09559257663410119,
      0.0948905095909581,
      0.09309369393370369,
      0.09222944295316031,
      0.09109092951573507,
      0.09015889198641584,
      0.08957163639592403,
      0.08955724473402958,
      0.08824485818846058,
      0.08786894930432541,
      0.087840784943164,
      0.08605921038925046,
      0.08571868803766039,
      0.08447857596205943,
      0.08452500192203907,
      0.08416583212186592,
      0.08276265547281564,
      0.08252838174953606,
      0.0820339373642146,
      0.08169689450902168,
      0.08116663841888158,
      0.08086595928879699,
      0.08030669425021518,
      0.08012939891730896,
      0.07978746012756319,
      0.07983802943819701
    ],
    "val_macro_dice": [
      0.795033780367114,
      0.8161689756470137,
      0.7765691987950981,
      0.7979409166028418,
      0.8142153200688066,
      0.8353104092311944,
      0.8333858002111155,
      0.8144111590966165,
      0.8344544861834337,
      0.834159618323269,
      0.8186372101121134,
      0.8320286176470738,
      0.8304108433376237,
      0.8451976605292435,
      0.8424319389613468,
      0.8367433917070084,
      0.8383969570205382,
      0.8409712857246446,
      0.8418172108825243,
      0.8412336276339687,
      0.8430348890398479,
      0.8453226887699934,
      0.844335674590952,
      0.843894780406885,
      0.8386904895337389,
      0.8347337535936729,
      0.8488043653922825,
      0.8478420409422291,
      0.845991700403819,
      0.8439095643177086,
      0.8511173236239634,
      0.8434850727323281,
      0.8404460042670437,
      0.8486281369627634,
      0.8508457573451312,
      0.846420767940469,
      0.8532177884951112,
      0.8478008548580109,
      0.8484479192720303,
      0.8454983031707518,
      0.8541582388861402,
      0.8505263945706645,
      0.8500416207580281,
      0.8487678428313737,
      0.8470016073758951,
      0.8536252703168287,
      0.8548924232267175,
      0.8508062881687498,
      0.8513383388454145,
      0.8544924012711389,
      0.8535380877414056,
      0.8516898798932884,
      0.8517641957832259,
      0.8530561941655149,
      0.8524967037265941,
      0.8535467609143065,
      0.8526407584980568,
      0.8540877407756261,
      0.8551116081935435,
      0.8533097282857303,
      0.8519725877560518,
      0.8530553332161529,
      0.8532881668615023,
      0.8538282344814143,
      0.8534097839621317,
      0.8541864277570329,
      0.8531552219960071,
      0.855138713395982,
      0.8544106859838636,
      0.853904040669129,
      0.8547373187515888,
      0.8533863839070301,
      0.8542428075476244,
      0.8534187147210206,
      0.8539893419532772,
      0.8528744814399497,
      0.8543606392725894,
      0.8542799268195066,
      0.8540479134250937,
      0.852942362988849,
      0.8531862679279018,
      0.8540129232446808,
      0.8540020134926225,
      0.8537084155621812,
      0.854508244979601,
      0.8541484934175282,
      0.8542754766144501,
      0.8541444080433119
    ],
    "lr": [
      0.0009997532801828658,
      0.0009990133642141358,
      0.00099778098230154,
      0.000996057350657239,
      0.0009938441702975688,
      0.0009911436253643444,
      0.0009879583809693736,
      0.0009842915805643154,
      0.0009801468428384714,
      0.0009755282581475767,
      0.0009704403844771127,
      0.0009648882429441257,
      0.0009588773128419905,
      0.0009524135262330098,
      0.0009455032620941839,
      0.0009381533400219318,
      0.0009303710135019719,
      0.0009221639627510076,
      0.000913540287137281,
      0.0009045084971874739,
      0.0008950775061878452,
      0.0008852566213878947,
      0.0008750555348152298,
      0.0008644843137107057,
      0.0008535533905932737,
      0.0008422735529643444,
      0.0008306559326618259,
      0.0008187119948743449,
      0.0008064535268264883,
      0.0007938926261462367,
      0.0007810416889260654,
      0.0007679133974894983,
      0.0007545207078751857,
      0.0007408768370508577,
      0.0007269952498697734,
      0.0007128896457825364,
      0.0006985739453173903,
      0.0006840622763423391,
      0.0006693689601226458,
      0.0006545084971874737,
      0.0006394955530196147,
      0.0006243449435824273,
      0.0006090716206982714,
      0.0005936906572928625,
      0.0005782172325201156,
      0.0005626666167821523,
      0.0005470541566592572,
      0.0005313952597646569,
      0.0005157053795390643,
      0.0005000000000000002,
      0.00048429462046093607,
      0.0004686047402353435,
      0.000452945843340743,
      0.00043733338321784806,
      0.0004217827674798847,
      0.00040630934270713783,
      0.000390928379301729,
      0.0003756550564175727,
      0.00036050444698038553,
      0.00034549150281252655,
      0.0003306310398773544,
      0.00031593772365766127,
      0.0003014260546826097,
      0.0002871103542174637,
      0.0002730047501302267,
      0.00025912316294914234,
      0.0002454792921248144,
      0.00023208660251050164,
      0.00021895831107393473,
      0.00020610737385376356,
      0.00019354647317351177,
      0.0001812880051256552,
      0.00016934406733817422,
      0.0001577264470356557,
      0.00014644660940672634,
      0.0001355156862892944,
      0.00012494446518477025,
      0.00011474337861210548,
      0.00010492249381215483,
      9.549150281252637e-05,
      8.645971286271918e-05,
      7.78360372489926e-05,
      6.962898649802815e-05,
      6.184665997806824e-05,
      5.449673790581613e-05,
      4.758647376699034e-05,
      4.112268715800956e-05,
      3.511175705587434e-05
    ]
  },
  "best_val_dice": 0.855138713395982,
  "best_epoch": 68,