{
  "config": {
    "dataset": "mnm",
    "backbone": "dinov3",
    "model_name": "dinov3_vitl16",
    "decoder": "linear_probe",
    "embed_dim": 1024,
    "cache_layers": [
      5,
      11,
      17,
      23
    ],
    "probe_layers": [
      23
    ],
    "lr": 0.001,
    "weight_decay": 0.001,
    "batch_size": 16,
    "n_epochs": 100,
    "patience": 20,
    "seed": 0,
    "trainable_params": 6148
  },
  "per_class_dice": {
    "BG": 0.9882144662179974,
    "RV": 0.7548999063923573,
    "MYO": 0.6650478055508888,
    "LV": 0.8398286306694261
  },
  "macro_dice": 0.7532587808708908,
  "training_history": {
    "train_loss": [
      0.9594425483785495,
      0.4890267117456956,
      0.45529719299138194,
      0.4372961331497539,
      0.42621691509930776,
      0.4219250971018666,
      0.4118981167222514,
      0.4134078575204117,
      0.4106724039472715,
      0.40676981541845536,
      0.40717906918790603,
      0.40354282250910095,
      0.4059763653109772,
      0.40066623070625346,
      0.40354415488363515,
      0.4011102407568633,
      0.3990986008535732,
      0.4012367937600974,
      0.39777950430759274,
      0.4005433384216193,
      0.40093431027248655,
      0.39877176615926957,
      0.3968099847887502,
      0.39592484783644627,
      0.39597709627464567,
      0.3980734540958597,
      0.40221018125914565,
      0.3986519821966537,
      0.39510607297974404,
      0.39563011114645485,
      0.39815641879433333,
      0.3998588558399316,
      0.3975005316914934,
      0.3947493572427769,
      0.3975069345247866,
      0.3968694872326321,
      0.3963051059029319,
      0.3960523627924197,
      0.39689937670423525,
      0.3978807164563073,
      0.3946201879568774,
      0.3934728138976627,
      0.39308008325822424,
      0.39222828276229627,
      0.3926307471713634,
      0.39182205407908466,
      0.39437104159533376,
      0.39420082788876815,
      0.3959840534612386,
      0.39624530347910797,
      0.39188625144236017,
      0.39329995485869323,
      0.3930549516220285,
      0.39392773295291744,
      0.3912768296220086,
      0.3936274131440153,
      0.39621266662472426,
      0.39250980874504704,
      0.3921717110306326,
      0.39684768939259074,
      0.3940833927405001,
      0.3903737798182651,
      0.39176021170134495,
      0.3949599080916607,
      0.39064062439432046,
      0.3900460704709544,
      0.3888111523907594,
      0.38800642330839175,
      0.3915359847473376,
      0.3904485535441023,
      0.3904777095474378,
      0.38923097123401335,
      0.38862911604269584,
      0.3877637381806518,
      0.3877074876517961,
      0.39219172133339775,
      0.38970601167341673,
      0.3919398623584497
    ],
    "val_macro_dice": [
      0.7058120508980804,
      0.7368152811713587,
      0.7472515014625327,
      0.7519347151990995,
      0.7557149796468504,
      0.7571435043345236,
      0.7599037809000307,
      0.7634668527989069,
      0.7677280114977035,
      0.7649996582340188,
      0.7623277646086734,
      0.7529910747044152,
      0.7588471790184693,
      0.7660250869122313,
      0.766052584703576,
      0.7620745217070669,
      0.7643811476757302,
      0.7673426067338304,
      0.7675425922780216,
      0.7699493781771203,
      0.7676626622082662,
      0.7639019583694234,
      0.7691591907652504,
      0.7675176710040507,
      0.769184173929073,
      0.7663800283391834,
      0.7686821863143066,
      0.7667311878049254,
      0.7673885672223658,
      0.7703081254811049,
      0.7647494404985918,
      0.7701241362933374,
      0.7689805836027835,
      0.7701392302475355,
      0.769336609561877,
      0.7718032007347974,
      0.7674616017903713,
      0.769084788837667,
      0.7676902522425681,
      0.7688948817333192,
      0.7709746802894389,
      0.7679331654462683,
      0.7692045778823307,
      0.7684824590795513,
      0.7702937066343907,
      0.7711382232682068,
      0.7706563602847449,
      0.7667954683994532,
      0.7705717572850478,
      0.7709588112472855,
      0.7707254656329384,
      0.768364674359547,
      0.7720805206134855,
      0.7717284758066981,
      0.7715002384811745,
      0.7696091003196045,
      0.7696035792983879,
      0.7725184983541687,
      0.7707730248939177,
      0.7712493457918318,
      0.7697332626749073,
      0.7707672325892584,
      0.7719145341937113,
      0.7711199157864471,
      0.7690029877224714,
      0.7712005219624558,
      0.7712899635245435,
      0.7705893715316537,
      0.7715811494206176,
      0.7709625985729297,
      0.7711112141105915,
      0.7712425398533563,
      0.7725099160567054,
      0.7718766222444068,
      0.7706974556243943,
      0.7711518015070533,
      0.7709606033842228,
      0.7712062279632406
    ],
    "lr": [
      0.0009997532801828658,
      0.0009990133642141358,
      0.00099778098230154,
      0.000996057350657239,
      0.0009938441702975688,
      0.0009911436253643444,
      0.0009879583809693736,
      0.0009842915805643154,
      0.0009801468428384714,
      0.0009755282581475767,
      0.0009704403844771127,
      0.0009648882429441257,
      0.0009588773128419905,
      0.0009524135262330098,
      0.0009455032620941839,
      0.0009381533400219318,
      0.0009303710135019719,
      0.0009221639627510076,
      0.000913540287137281,
      0.0009045084971874739,
      0.0008950775061878452,
      0.0008852566213878947,
      0.0008750555348152298,
      0.0008644843137107057,
      0.0008535533905932737,
      0.0008422735529643444,
      0.0008306559326618259,
      0.0008187119948743449,
      0.0008064535268264883,
      0.0007938926261462367,
      0.0007810416889260654,
      0.0007679133974894983,
      0.0007545207078751857,
      0.0007408768370508577,
      0.0007269952498697734,
      0.0007128896457825364,
      0.0006985739453173903,
      0.0006840622763423391,
      0.0006693689601226458,
      0.0006545084971874737,
      0.0006394955530196147,
      0.0006243449435824273,
      0.0006090716206982714,
      0.0005936906572928625,
      0.0005782172325201156,
      0.0005626666167821523,
      0.0005470541566592572,
      0.0005313952597646569,
      0.0005157053795390643,
      0.0005000000000000002,
      0.00048429462046093607,
      0.0004686047402353435,
      0.000452945843340743,
      0.00043733338321784806,
      0.0004217827674798847,
      0.00040630934270713783,
      0.000390928379301729,
      0.0003756550564175727,
      0.00036050444698038553,
      0.00034549150281252655,
      0.0003306310398773544,
      0.00031593772365766127,
      0.0003014260546826097,
      0.0002871103542174637,
      0.0002730047501302267,
      0.00025912316294914234,
      0.0002454792921248144,
      0.00023208660251050164,
      0.00021895831107393473,
      0.00020610737385376356,
      0.00019354647317351177,
      0.0001812880051256552,
      0.00016934406733817422,
      0.0001577264470356557,
      0.00014644660940672634,
      0.0001355156862892944,
      0.00012494446518477025,
      0.00011474337861210548
    ]
  },
  "best_val_dice": 0.7725184983541687,
  "best_epoch": 58,
  "per_slice_metrics_file": "dinov3_vitl16_linear_probe_20260501_155322_per_slice.csv",
  "n_test_slices": 3154,
  "per_stack_metrics_file": "dinov3_vitl16_linear_probe_20260501_155322_per_stack.csv",
  "n_test_stacks": 268
}
