{
  "config": {
    "dataset": "mnm",
    "backbone": "dinov3",
    "model_name": "dinov3_vitb16",
    "decoder": "linear_probe",
    "embed_dim": 768,
    "cache_layers": [
      3,
      6,
      9,
      11
    ],
    "probe_layers": [
      11
    ],
    "lr": 0.001,
    "weight_decay": 0.001,
    "batch_size": 16,
    "n_epochs": 100,
    "patience": 20,
    "seed": 0,
    "trainable_params": 4612
  },
  "per_class_dice": {
    "BG": 0.9879719248681067,
    "RV": 0.7508612803360201,
    "MYO": 0.6644110269571878,
    "LV": 0.8361909769514135
  },
  "macro_dice": 0.7504877614148738,
  "training_history": {
    "train_loss": [
      1.016210940299612,
      0.4964630078486722,
      0.45691452408679806,
      0.43843147339242877,
      0.4273252994424165,
      0.4229890479884966,
      0.4131488383117348,
      0.41316998576877095,
      0.40912460016481805,
      0.41121715939406195,
      0.40963720056143677,
      0.40375346983924054,
      0.40315632808088053,
      0.40384695039253043,
      0.40029138492213356,
      0.4025366042900567,
      0.39917268099808934,
      0.39870188754014296,
      0.40016589802925034,
      0.39528710824070556,
      0.40190050186532916,
      0.3981569599021565,
      0.3994659326895319,
      0.39584735096103013,
      0.39606889615757296,
      0.39657729623293636,
      0.3995166780671688,
      0.3989707473853622,
      0.397420624139333,
      0.39391590203299665,
      0.3994348150010061,
      0.4026256182579079,
      0.39690921688922726,
      0.39763908554809263,
      0.393240696553028,
      0.3963121177271159,
      0.3970425339660259,
      0.3937279861984831,
      0.3960835449021272,
      0.3956893924811874,
      0.39178276829647296,
      0.39580107322244934,
      0.39503679371843436,
      0.39603958391782007,
      0.3976349208993141,
      0.39288411838839754,
      0.3923477610253324,
      0.3941105966917192,
      0.39366533727657915,
      0.39612185082050283,
      0.39435302654300075,
      0.3950095608679935
    ],
    "val_macro_dice": [
      0.6917928587195172,
      0.7226211777118455,
      0.730726441042305,
      0.7356242448989958,
      0.739229828433,
      0.7480342143375022,
      0.7494663761266187,
      0.7512472251363849,
      0.7527433666285935,
      0.7522242256875716,
      0.7533709714598523,
      0.7515060754738073,
      0.7521564846440499,
      0.7527108787111371,
      0.7555508121976464,
      0.7523692551525659,
      0.7556519286459852,
      0.7548461781538984,
      0.7545279316440544,
      0.7578395240027183,
      0.7549177821729516,
      0.7502572270580172,
      0.7570156751067865,
      0.7563816938284772,
      0.7580022339250324,
      0.7554787733873966,
      0.7594425102638769,
      0.7570112144059188,
      0.7569350750603353,
      0.7565778278408737,
      0.7580419157703583,
      0.7599225738978356,
      0.7575507665273858,
      0.7584123696779738,
      0.7591220659969401,
      0.7581423803373127,
      0.7584935344955795,
      0.7579034391595023,
      0.7560842516357429,
      0.7592381411488566,
      0.7585351284027403,
      0.757679569256633,
      0.7587431052913974,
      0.7586312811936686,
      0.757147720481394,
      0.7579962544369812,
      0.7579975917134519,
      0.7592207534701046,
      0.7597801111643948,
      0.7585504833287003,
      0.7588396841110857,
      0.7561852674979219
    ],
    "lr": [
      0.0009997532801828658,
      0.0009990133642141358,
      0.00099778098230154,
      0.000996057350657239,
      0.0009938441702975688,
      0.0009911436253643444,
      0.0009879583809693736,
      0.0009842915805643154,
      0.0009801468428384714,
      0.0009755282581475767,
      0.0009704403844771127,
      0.0009648882429441257,
      0.0009588773128419905,
      0.0009524135262330098,
      0.0009455032620941839,
      0.0009381533400219318,
      0.0009303710135019719,
      0.0009221639627510076,
      0.000913540287137281,
      0.0009045084971874739,
      0.0008950775061878452,
      0.0008852566213878947,
      0.0008750555348152298,
      0.0008644843137107057,
      0.0008535533905932737,
      0.0008422735529643444,
      0.0008306559326618259,
      0.0008187119948743449,
      0.0008064535268264883,
      0.0007938926261462367,
      0.0007810416889260654,
      0.0007679133974894983,
      0.0007545207078751857,
      0.0007408768370508577,
      0.0007269952498697734,
      0.0007128896457825364,
      0.0006985739453173903,
      0.0006840622763423391,
      0.0006693689601226458,
      0.0006545084971874737,
      0.0006394955530196147,
      0.0006243449435824273,
      0.0006090716206982714,
      0.0005936906572928625,
      0.0005782172325201156,
      0.0005626666167821523,
      0.0005470541566592572,
      0.0005313952597646569,
      0.0005157053795390643,
      0.0005000000000000002,
      0.00048429462046093607,
      0.0004686047402353435
    ]
  },
  "best_val_dice": 0.7599225738978356,
  "best_epoch": 32,
  "per_slice_metrics_file": "dinov3_vitb16_linear_probe_20260421_080859_per_slice.csv",
  "n_test_slices": 3154,
  "per_stack_metrics_file": "dinov3_vitb16_linear_probe_20260421_080859_per_stack.csv",
  "n_test_stacks": 268
}