{
  "config": {
    "dataset": "mnm",
    "backbone": "dinov3",
    "model_name": "dinov3_vitl16",
    "decoder": "unetr",
    "embed_dim": 1024,
    "cache_layers": [
      5,
      11,
      17,
      23
    ],
    "probe_layers": [
      5,
      11,
      17,
      23
    ],
    "lr": 0.001,
    "weight_decay": 0.001,
    "batch_size": 16,
    "n_epochs": 100,
    "patience": 20,
    "seed": 0,
    "trainable_params": 48220068
  },
  "per_class_dice": {
    "BG": 0.9919258061423836,
    "RV": 0.8470191873412012,
    "MYO": 0.7764628237306906,
    "LV": 0.8945501169746476
  },
  "macro_dice": 0.8393440426821798,
  "training_history": {
    "train_loss": [
      1.9409490761003996,
      0.9160845185581007,
      0.5989069217129758,
      0.46592274935621963,
      0.39714839897657694,
      0.35594284848163005,
      0.32035371033768906,
      0.2981565092739306,
      0.2734577577365072,
      0.25214662598936183,
      0.23098119936491313,
      0.21558870453583567,
      0.20314894930312508,
      0.1950905542624624,
      0.18651059740468076,
      0.16885326332167575,
      0.1615189580540908,
      0.15443439703238637,
      0.14580175280570984,
      0.13259817032437576,
      0.12935465770332435,
      0.12811830914334246,
      0.1286181705562692,
      0.12256279234823428,
      0.1164369587051241,
      0.10735918385417838,
      0.10066320551069159,
      0.1120951846241951,
      0.11050489544868469,
      0.1017050154899296,
      0.0994744410640315,
      0.09460497333815224,
      0.09152333281542126,
      0.08923051192572243,
      0.08609450804559808,
      0.08175553342229441,
      0.07807445800618122,
      0.07531111452140306,
      0.0753150797988239,
      0.07340183854103088,
      0.07199396663590481,
      0.0692095799665702,
      0.06882937134880769,
      0.0673187457417187,
      0.06683824211359024,
      0.06567283210001494,
      0.06361114429800134,
      0.06290758009019651,
      0.0630709534805072,
      0.06770445896606696,
      0.06594780361966084,
      0.0636983547163637,
      0.06353868504888133,
      0.0636122754137767,
      0.06176915078570968,
      0.060012481322414,
      0.05950856228408061,
      0.05684873030373925,
      0.05512657879214538,
      0.053337706350966504,
      0.05271670888913305,
      0.05196523215425642,
      0.05112189936794733,
      0.05035186382500749,
      0.04974445367329999,
      0.049101077216236216,
      0.048577634323584404,
      0.048064303437345905,
      0.04764101419009661
    ],
    "val_macro_dice": [
      0.3393006452772682,
      0.6197359298695221,
      0.7087514076001781,
      0.7810506975556932,
      0.7807561760288975,
      0.8070059684780831,
      0.8128748543663292,
      0.8203634370337359,
      0.8231540958176998,
      0.8473506930213376,
      0.8313154355881175,
      0.8323782329967493,
      0.8372640629070741,
      0.8453271409269103,
      0.8445886131393946,
      0.8239857597753176,
      0.8407302990953424,
      0.8451825432357847,
      0.8528985947909504,
      0.8450518191829249,
      0.8547204169341063,
      0.846773139777394,
      0.8470155538818234,
      0.8457923938445372,
      0.85161044248724,
      0.8569552262966287,
      0.8536971090971989,
      0.842023027971749,
      0.8513130045601159,
      0.8615900311037032,
      0.8555998191264692,
      0.8580911073662265,
      0.8595174735391934,
      0.8549420485617899,
      0.8590882994964887,
      0.8554395776602853,
      0.8594249303161562,
      0.857522981438729,
      0.8563555384060911,
      0.8597955454157766,
      0.8581607970093535,
      0.8590966257508672,
      0.8555790216591831,
      0.8570979438534153,
      0.8554421203998953,
      0.8594478617915048,
      0.8568747959870472,
      0.8585113589242163,
      0.8617455136614711,
      0.8589358280970609,
      0.8561968884931273,
      0.859903904590829,
      0.8583609297518547,
      0.85877093692093,
      0.8587533834967003,
      0.8560312486291336,
      0.8594264758862146,
      0.8584963320174338,
      0.8585363439226908,
      0.8592468715569236,
      0.8585386929927715,
      0.8596867636686968,
      0.8575719767067413,
      0.8589917093851818,
      0.8591202193701598,
      0.858680974295526,
      0.8592189754297017,
      0.8583728683077757,
      0.8586655958970559
    ],
    "lr": [
      0.0009997532801828658,
      0.0009990133642141358,
      0.00099778098230154,
      0.000996057350657239,
      0.0009938441702975688,
      0.0009911436253643444,
      0.0009879583809693736,
      0.0009842915805643154,
      0.0009801468428384714,
      0.0009755282581475767,
      0.0009704403844771127,
      0.0009648882429441257,
      0.0009588773128419905,
      0.0009524135262330098,
      0.0009455032620941839,
      0.0009381533400219318,
      0.0009303710135019719,
      0.0009221639627510076,
      0.000913540287137281,
      0.0009045084971874739,
      0.0008950775061878452,
      0.0008852566213878947,
      0.0008750555348152298,
      0.0008644843137107057,
      0.0008535533905932737,
      0.0008422735529643444,
      0.0008306559326618259,
      0.0008187119948743449,
      0.0008064535268264883,
      0.0007938926261462367,
      0.0007810416889260654,
      0.0007679133974894983,
      0.0007545207078751857,
      0.0007408768370508577,
      0.0007269952498697734,
      0.0007128896457825364,
      0.0006985739453173903,
      0.0006840622763423391,
      0.0006693689601226458,
      0.0006545084971874737,
      0.0006394955530196147,
      0.0006243449435824273,
      0.0006090716206982714,
      0.0005936906572928625,
      0.0005782172325201156,
      0.0005626666167821523,
      0.0005470541566592572,
      0.0005313952597646569,
      0.0005157053795390643,
      0.0005000000000000002,
      0.00048429462046093607,
      0.0004686047402353435,
      0.000452945843340743,
      0.00043733338321784806,
      0.0004217827674798847,
      0.00040630934270713783,
      0.000390928379301729,
      0.0003756550564175727,
      0.00036050444698038553,
      0.00034549150281252655,
      0.0003306310398773544,
      0.00031593772365766127,
      0.0003014260546826097,
      0.0002871103542174637,
      0.0002730047501302267,
      0.00025912316294914234,
      0.0002454792921248144,
      0.00023208660251050164,
      0.00021895831107393473
    ]
  },
  "best_val_dice": 0.8617455136614711,
  "best_epoch": 49,
  "per_sample_metrics_file": "dinov3_vitl16_unetr_20260421_082609_per_sample.csv",
  "n_test_samples": 268,
  "per_slice_metrics_file": "dinov3_vitl16_unetr_20260421_082609_per_slice.csv",
  "n_test_slices": 3154
}