{
  "config": {
    "dataset": "mnm",
    "backbone": "dinov3",
    "model_name": "dinov3_vitl16",
    "decoder": "unetr",
    "embed_dim": 1024,
    "cache_layers": [
      5,
      11,
      17,
      23
    ],
    "probe_layers": [
      5,
      11,
      17,
      23
    ],
    "lr": 0.001,
    "weight_decay": 0.001,
    "batch_size": 16,
    "n_epochs": 100,
    "patience": 20,
    "seed": 0,
    "trainable_params": 48220068
  },
  "per_class_dice": {
    "BG": 0.9917668052068879,
    "RV": 0.8470349192246197,
    "MYO": 0.7719115949302371,
    "LV": 0.8986514936401375
  },
  "macro_dice": 0.8391993359316648,
  "training_history": {
    "train_loss": [
      1.6608538251174123,
      0.8221206884635123,
      0.5583709227411371,
      0.4713955160818602,
      0.4021798733033632,
      0.3599210601103933,
      0.3217423605291467,
      0.31555608542341934,
      0.2939370682365016,
      0.2669462820417003,
      0.24141943533169596,
      0.23272683589082016,
      0.23500977691851163,
      0.23001241527105631,
      0.20616402202530912,
      0.184730085887407,
      0.17150862436545522,
      0.18059207028464266,
      0.1629141341698797,
      0.15358744796953702,
      0.14172827021071785,
      0.13802619435285268,
      0.12993012447106211,
      0.12769445306376406,
      0.12400089831728685,
      0.1197666745436819,
      0.11986794283515528,
      0.11755276432162837,
      0.10922732008130927,
      0.10202781032574804,
      0.09838037663384487,
      0.10120275969568052,
      0.1085570415383891,
      0.09646934231645182,
      0.09882657935744837,
      0.09241842243232225,
      0.08764141405883588,
      0.08354091761927855,
      0.08382755831668251,
      0.07993798350033007,
      0.07998993561456078,
      0.07569470727129986,
      0.07458696239872982,
      0.07131163148503554,
      0.06948553104149668,
      0.06809439157184802,
      0.0681641474366188,
      0.06857612807499736,
      0.06814948900749809,
      0.0664267100785908,
      0.0645208199949641,
      0.06402839504574474,
      0.0633102982844177,
      0.06400384048098012,
      0.06219380662629479,
      0.0620118689380194,
      0.06271237703530412,
      0.06045805427588915,
      0.058743809202783985,
      0.05839498439117482,
      0.05857054987236073
    ],
    "val_macro_dice": [
      0.467776179905514,
      0.6877492546039736,
      0.717539360539758,
      0.7846821987164238,
      0.7973676528852329,
      0.7941685556116352,
      0.8218540970085946,
      0.769874637046145,
      0.8123912343105082,
      0.837638153923709,
      0.8353750649774218,
      0.8327134611095076,
      0.8455741409164911,
      0.8472659072374435,
      0.8434345994298796,
      0.8507998813410502,
      0.8500862606198787,
      0.8441729228637941,
      0.8353270369431244,
      0.8467560239090348,
      0.8412151205845618,
      0.8511415653222963,
      0.854314463727777,
      0.8499022175360337,
      0.8400063876216176,
      0.8422937202150532,
      0.8515593518231931,
      0.8562799754532636,
      0.8501767202114952,
      0.8513487824129076,
      0.847948229184318,
      0.8481700454397384,
      0.8565256135672975,
      0.8548490783806996,
      0.8531201473341774,
      0.8530858128858104,
      0.8523504957407,
      0.8543651326625697,
      0.8549591486696859,
      0.8544779028308902,
      0.8575014177841945,
      0.8555047510148045,
      0.8540504524826259,
      0.8537009894619221,
      0.8535625179152366,
      0.8523572925123113,
      0.8525917547916482,
      0.8513482666630591,
      0.8510671810744753,
      0.8547665104343505,
      0.8530569212027617,
      0.8559381857891939,
      0.8553585012747623,
      0.8550168275432268,
      0.8510086911349779,
      0.8542945137608365,
      0.8526364060417104,
      0.85346844020164,
      0.8516409082689239,
      0.8541257711623284,
      0.8532308381763746
    ],
    "lr": [
      0.0009997532801828658,
      0.0009990133642141358,
      0.00099778098230154,
      0.000996057350657239,
      0.0009938441702975688,
      0.0009911436253643444,
      0.0009879583809693736,
      0.0009842915805643154,
      0.0009801468428384714,
      0.0009755282581475767,
      0.0009704403844771127,
      0.0009648882429441257,
      0.0009588773128419905,
      0.0009524135262330098,
      0.0009455032620941839,
      0.0009381533400219318,
      0.0009303710135019719,
      0.0009221639627510076,
      0.000913540287137281,
      0.0009045084971874739,
      0.0008950775061878452,
      0.0008852566213878947,
      0.0008750555348152298,
      0.0008644843137107057,
      0.0008535533905932737,
      0.0008422735529643444,
      0.0008306559326618259,
      0.0008187119948743449,
      0.0008064535268264883,
      0.0007938926261462367,
      0.0007810416889260654,
      0.0007679133974894983,
      0.0007545207078751857,
      0.0007408768370508577,
      0.0007269952498697734,
      0.0007128896457825364,
      0.0006985739453173903,
      0.0006840622763423391,
      0.0006693689601226458,
      0.0006545084971874737,
      0.0006394955530196147,
      0.0006243449435824273,
      0.0006090716206982714,
      0.0005936906572928625,
      0.0005782172325201156,
      0.0005626666167821523,
      0.0005470541566592572,
      0.0005313952597646569,
      0.0005157053795390643,
      0.0005000000000000002,
      0.00048429462046093607,
      0.0004686047402353435,
      0.000452945843340743,
      0.00043733338321784806,
      0.0004217827674798847,
      0.00040630934270713783,
      0.000390928379301729,
      0.0003756550564175727,
      0.00036050444698038553,
      0.00034549150281252655,
      0.0003306310398773544
    ]
  },
  "best_val_dice": 0.8575014177841945,
  "best_epoch": 41,
  "per_sample_metrics_file": "dinov3_vitl16_unetr_20260501_201638_per_sample.csv",
  "n_test_samples": 268,
  "per_slice_metrics_file": "dinov3_vitl16_unetr_20260501_201638_per_slice.csv",
  "n_test_slices": 3154
}
