{
  "config": {
    "dataset": "mnm",
    "backbone": "dinov3",
    "model_name": "dinov3_vitl16",
    "decoder": "conv_decoder",
    "embed_dim": 1024,
    "cache_layers": [
      5,
      11,
      17,
      23
    ],
    "probe_layers": [
      5,
      11,
      17,
      23
    ],
    "lr": 0.001,
    "weight_decay": 0.001,
    "batch_size": 16,
    "n_epochs": 100,
    "patience": 20,
    "seed": 0,
    "trainable_params": 4867076
  },
  "per_class_dice": {
    "BG": 0.9923694563041883,
    "RV": 0.843391943369021,
    "MYO": 0.7853670847977313,
    "LV": 0.898704800724553
  },
  "macro_dice": 0.8424879429637685,
  "training_history": {
    "train_loss": [
      0.7086340885872793,
      0.44063917645300277,
      0.39432144149987386,
      0.3534524135216318,
      0.3194334552896143,
      0.3035058280584788,
      0.2765660580962595,
      0.27119039789293753,
      0.2636712384645385,
      0.24346835986532347,
      0.23644898741534262,
      0.22886309750152356,
      0.2228987631623191,
      0.21218511808400203,
      0.20618169002159678,
      0.20005182146725028,
      0.18908444532390797,
      0.18309455613295236,
      0.18248978656048725,
      0.17584187582586752,
      0.17220895142868312,
      0.1680623481821532,
      0.16441419479822872,
      0.16234658831598783,
      0.16332018593646058,
      0.15900729235374567,
      0.15680178187110208,
      0.14738773983536343,
      0.1419405218100909,
      0.1436293860050765,
      0.14204045776465926,
      0.14160292727327106,
      0.14036231371338923,
      0.1376849211225606,
      0.13211112130771985,
      0.1270133373186444,
      0.12662066809005207,
      0.12321827015039896,
      0.1242621106029761,
      0.12377364094359707,
      0.11905684269437886,
      0.11582951243929189,
      0.11561300470070406,
      0.1128055335144804,
      0.11118182946335185,
      0.10930343408777256,
      0.10830360161836701,
      0.10753955451225994,
      0.1092784059694921,
      0.10660568056534035,
      0.1021926226188438,
      0.09901663706158147,
      0.09851889500413279,
      0.09888970449265808,
      0.09763045770802883,
      0.09788556415775809,
      0.09604816710708117,
      0.09652327708523682,
      0.0915944307590976,
      0.09198990347560006,
      0.09036590136361844,
      0.08960240605202588,
      0.08911108312131179,
      0.08763688768852841,
      0.08600068231574212,
      0.08406520668755878,
      0.08448738266121257,
      0.0837051821778519,
      0.08246532052454322,
      0.08283882938099629,
      0.0809594684779042,
      0.08009241069808151,
      0.08082118600305885,
      0.07916570849942439,
      0.07835832610726357,
      0.07755914179965703,
      0.07726438934303294,
      0.07716911865605248,
      0.07596945484178234
    ],
    "val_macro_dice": [
      0.7817312942922467,
      0.8147148712527222,
      0.8101475965821948,
      0.8255239895692097,
      0.811386041084349,
      0.834580596713085,
      0.8432341048638058,
      0.8217067809879763,
      0.8437929404024397,
      0.8449566124868961,
      0.8261673265412632,
      0.8433795205669715,
      0.8400331910075213,
      0.8497958399919766,
      0.8401869216734994,
      0.8459129238493103,
      0.8477419398268236,
      0.8339649308194027,
      0.848463428110391,
      0.8511929592543469,
      0.8488886523968008,
      0.8554597022168052,
      0.8493085584172612,
      0.8366558004507811,
      0.8390873189328601,
      0.8469010474857877,
      0.8515101614712625,
      0.8524014586458989,
      0.8498981701584065,
      0.8554808708067347,
      0.8510400465756769,
      0.845879101440124,
      0.856048688815855,
      0.8500543695778487,
      0.8614057744707443,
      0.8515756474496395,
      0.8595833477220959,
      0.8593905148878939,
      0.8536723523594834,
      0.8576742948031258,
      0.8609972531940918,
      0.8618516622145757,
      0.8587277822824646,
      0.8577088381551464,
      0.8488834794300201,
      0.8586462370950767,
      0.8602825660898693,
      0.8594782827033312,
      0.86002234806146,
      0.8592015538655904,
      0.8601161914140834,
      0.8607156149666381,
      0.8613322681277199,
      0.8593503920405738,
      0.8609574853672344,
      0.8596538849829595,
      0.8567957087328212,
      0.8602002788217352,
      0.8635490972193486,
      0.8622745947913506,
      0.8568815500167317,
      0.8622133678499485,
      0.86136076236631,
      0.8626578430336233,
      0.8629503383074445,
      0.8620937986539884,
      0.85705968518453,
      0.8632508140215883,
      0.861442640823651,
      0.8619211055709831,
      0.862181522242559,
      0.8618833598571819,
      0.8627276323119363,
      0.8608439979670212,
      0.8625979603751223,
      0.8618498560414453,
      0.8628444576191233,
      0.8622525786481484,
      0.8610758189190723
    ],
    "lr": [
      0.0009997532801828658,
      0.0009990133642141358,
      0.00099778098230154,
      0.000996057350657239,
      0.0009938441702975688,
      0.0009911436253643444,
      0.0009879583809693736,
      0.0009842915805643154,
      0.0009801468428384714,
      0.0009755282581475767,
      0.0009704403844771127,
      0.0009648882429441257,
      0.0009588773128419905,
      0.0009524135262330098,
      0.0009455032620941839,
      0.0009381533400219318,
      0.0009303710135019719,
      0.0009221639627510076,
      0.000913540287137281,
      0.0009045084971874739,
      0.0008950775061878452,
      0.0008852566213878947,
      0.0008750555348152298,
      0.0008644843137107057,
      0.0008535533905932737,
      0.0008422735529643444,
      0.0008306559326618259,
      0.0008187119948743449,
      0.0008064535268264883,
      0.0007938926261462367,
      0.0007810416889260654,
      0.0007679133974894983,
      0.0007545207078751857,
      0.0007408768370508577,
      0.0007269952498697734,
      0.0007128896457825364,
      0.0006985739453173903,
      0.0006840622763423391,
      0.0006693689601226458,
      0.0006545084971874737,
      0.0006394955530196147,
      0.0006243449435824273,
      0.0006090716206982714,
      0.0005936906572928625,
      0.0005782172325201156,
      0.0005626666167821523,
      0.0005470541566592572,
      0.0005313952597646569,
      0.0005157053795390643,
      0.0005000000000000002,
      0.00048429462046093607,
      0.0004686047402353435,
      0.000452945843340743,
      0.00043733338321784806,
      0.0004217827674798847,
      0.00040630934270713783,
      0.000390928379301729,
      0.0003756550564175727,
      0.00036050444698038553,
      0.00034549150281252655,
      0.0003306310398773544,
      0.00031593772365766127,
      0.0003014260546826097,
      0.0002871103542174637,
      0.0002730047501302267,
      0.00025912316294914234,
      0.0002454792921248144,
      0.00023208660251050164,
      0.00021895831107393473,
      0.00020610737385376356,
      0.00019354647317351177,
      0.0001812880051256552,
      0.00016934406733817422,
      0.0001577264470356557,
      0.00014644660940672634,
      0.0001355156862892944,
      0.00012494446518477025,
      0.00011474337861210548,
      0.00010492249381215483
    ]
  },
  "best_val_dice": 0.8635490972193486,
  "best_epoch": 59,
  "per_slice_metrics_file": "dinov3_vitl16_conv_decoder_20260501_160708_per_slice.csv",
  "n_test_slices": 3154,
  "per_stack_metrics_file": "dinov3_vitl16_conv_decoder_20260501_160708_per_stack.csv",
  "n_test_stacks": 268
}
