{
  "config": {
    "dataset": "mnm",
    "backbone": "dinov3",
    "model_name": "dinov3_vitb16",
    "decoder": "linear_probe",
    "embed_dim": 768,
    "cache_layers": [
      3,
      6,
      9,
      11
    ],
    "probe_layers": [
      11
    ],
    "lr": 0.001,
    "weight_decay": 0.001,
    "batch_size": 16,
    "n_epochs": 100,
    "patience": 20,
    "seed": 0,
    "trainable_params": 4612
  },
  "per_class_dice": {
    "BG": 0.9881257213833523,
    "RV": 0.7529557704919418,
    "MYO": 0.665848266622548,
    "LV": 0.8360755816138656
  },
  "macro_dice": 0.7516265395761185,
  "training_history": {
    "train_loss": [
      1.0090302111524525,
      0.4969860157280257,
      0.4592673581356954,
      0.44301035292822905,
      0.428776277737184,
      0.4230779990403339,
      0.4132911093307264,
      0.41307860281732345,
      0.414627719256613,
      0.41191111339463127,
      0.4078827744180506,
      0.40465736163384985,
      0.405247360317394,
      0.4025853354521472,
      0.40368101632956305,
      0.4041139546668891,
      0.4036049239262186,
      0.40242420182083594,
      0.40090351032488275,
      0.40252844236715873,
      0.4012536379424008,
      0.39780529957227034,
      0.3990412113642452,
      0.39813420236712754,
      0.395766500872795,
      0.39433471120969216,
      0.3962886890377661,
      0.39736283608157225,
      0.3980674674414625,
      0.3925519675919504,
      0.39888081917859086,
      0.4015730441820742,
      0.3949534501692261,
      0.39716463648911676,
      0.3949561674486507,
      0.3962988265686565,
      0.3979448379591258,
      0.39672010384424766,
      0.3964752362232016,
      0.39691290364723014,
      0.3923591471681691,
      0.3932428615863877,
      0.39438092347347375,
      0.39871086165158437,
      0.3940592847689234,
      0.39084350144622304,
      0.3906880985907834,
      0.3909857014212946,
      0.3915039249742874,
      0.3936665238756122,
      0.3932290293953635,
      0.39782473459990336,
      0.3927722905922418,
      0.3937768117345945,
      0.3903735674390889,
      0.3928868207666609,
      0.3949268695079919,
      0.39371982698488717,
      0.3907342774398399,
      0.39600320852766135,
      0.39123037020967466,
      0.3946409973532263,
      0.38783268073592525,
      0.39246183979992916,
      0.39162814286020065,
      0.3903829807584936,
      0.38873781730430296,
      0.3889536734181221,
      0.39075214980226575,
      0.3892545895745056,
      0.3908532154981536,
      0.3877873348467278,
      0.3898341842372008,
      0.39205658887371875,
      0.3912915388743083,
      0.39304223295414087,
      0.39119831600574534,
      0.38766590949862895,
      0.39099876597674205,
      0.38973012581618144,
      0.38742015382858236,
      0.3894752199300612,
      0.3877792668463004,
      0.390778348451913
    ],
    "val_macro_dice": [
      0.682803281020773,
      0.7204544409809411,
      0.7300222299884026,
      0.7368692128317389,
      0.7394113445002525,
      0.7477114474813907,
      0.7487551616634293,
      0.7500362888265072,
      0.7511638915614213,
      0.751281871231715,
      0.7522857780914975,
      0.7490299389317953,
      0.750273728237727,
      0.7525335897686913,
      0.7541402404453509,
      0.7550606419995356,
      0.7553713253748989,
      0.7540627247332617,
      0.7545422273351715,
      0.755048386958625,
      0.753697998155696,
      0.7494926936096946,
      0.7562182689286745,
      0.7569419456528834,
      0.7584844073043672,
      0.7575742529422941,
      0.7577426685245038,
      0.7547547211216251,
      0.7560784246379931,
      0.7556581338330103,
      0.7547583611057243,
      0.7572134599713173,
      0.7544237216473647,
      0.7576543049206831,
      0.7580392125313287,
      0.7572883235819668,
      0.7584773936675168,
      0.7555180713746962,
      0.7563180233894861,
      0.7578765398091417,
      0.7584249129141182,
      0.7583261406157753,
      0.7571093255855982,
      0.7585505526331646,
      0.7556131046207867,
      0.7560880248298423,
      0.7587821373459515,
      0.7580001821319642,
      0.759594971358781,
      0.7590081480763541,
      0.7581453455096114,
      0.75711536134519,
      0.7559104931512878,
      0.7570613432292338,
      0.7580461053229857,
      0.7558924031260889,
      0.7572029913359386,
      0.759918709797598,
      0.7598016600986748,
      0.7588550411191487,
      0.7569966764563025,
      0.7581141041349412,
      0.7572679476214059,
      0.761058994786216,
      0.7593920323637452,
      0.7595458584162791,
      0.7591285169734151,
      0.7583762674397851,
      0.7589241580339001,
      0.7582993832122426,
      0.7593434928370018,
      0.7599685575063629,
      0.760106959576874,
      0.7608806633456222,
      0.7594350753366368,
      0.7586939820842796,
      0.7583342821096505,
      0.7594461836887504,
      0.7599874762943055,
      0.760062251118001,
      0.7590896824772599,
      0.7598089398539263,
      0.7573924980008381,
      0.760589617699741
    ],
    "lr": [
      0.0009997532801828658,
      0.0009990133642141358,
      0.00099778098230154,
      0.000996057350657239,
      0.0009938441702975688,
      0.0009911436253643444,
      0.0009879583809693736,
      0.0009842915805643154,
      0.0009801468428384714,
      0.0009755282581475767,
      0.0009704403844771127,
      0.0009648882429441257,
      0.0009588773128419905,
      0.0009524135262330098,
      0.0009455032620941839,
      0.0009381533400219318,
      0.0009303710135019719,
      0.0009221639627510076,
      0.000913540287137281,
      0.0009045084971874739,
      0.0008950775061878452,
      0.0008852566213878947,
      0.0008750555348152298,
      0.0008644843137107057,
      0.0008535533905932737,
      0.0008422735529643444,
      0.0008306559326618259,
      0.0008187119948743449,
      0.0008064535268264883,
      0.0007938926261462367,
      0.0007810416889260654,
      0.0007679133974894983,
      0.0007545207078751857,
      0.0007408768370508577,
      0.0007269952498697734,
      0.0007128896457825364,
      0.0006985739453173903,
      0.0006840622763423391,
      0.0006693689601226458,
      0.0006545084971874737,
      0.0006394955530196147,
      0.0006243449435824273,
      0.0006090716206982714,
      0.0005936906572928625,
      0.0005782172325201156,
      0.0005626666167821523,
      0.0005470541566592572,
      0.0005313952597646569,
      0.0005157053795390643,
      0.0005000000000000002,
      0.00048429462046093607,
      0.0004686047402353435,
      0.000452945843340743,
      0.00043733338321784806,
      0.0004217827674798847,
      0.00040630934270713783,
      0.000390928379301729,
      0.0003756550564175727,
      0.00036050444698038553,
      0.00034549150281252655,
      0.0003306310398773544,
      0.00031593772365766127,
      0.0003014260546826097,
      0.0002871103542174637,
      0.0002730047501302267,
      0.00025912316294914234,
      0.0002454792921248144,
      0.00023208660251050164,
      0.00021895831107393473,
      0.00020610737385376356,
      0.00019354647317351177,
      0.0001812880051256552,
      0.00016934406733817422,
      0.0001577264470356557,
      0.00014644660940672634,
      0.0001355156862892944,
      0.00012494446518477025,
      0.00011474337861210548,
      0.00010492249381215483,
      9.549150281252637e-05,
      8.645971286271918e-05,
      7.78360372489926e-05,
      6.962898649802815e-05,
      6.184665997806824e-05
    ]
  },
  "best_val_dice": 0.761058994786216,
  "best_epoch": 64,
  "per_slice_metrics_file": "dinov3_vitb16_linear_probe_20260501_105251_per_slice.csv",
  "n_test_slices": 3154,
  "per_stack_metrics_file": "dinov3_vitb16_linear_probe_20260501_105251_per_stack.csv",
  "n_test_stacks": 268
}
