{
  "config": {
    "dataset": "mnm",
    "backbone": "dinov3",
    "model_name": "dinov3_vits16",
    "decoder": "conv_decoder",
    "embed_dim": 384,
    "cache_layers": [
      3,
      6,
      9,
      11
    ],
    "probe_layers": [
      3,
      6,
      9,
      11
    ],
    "lr": 0.001,
    "weight_decay": 0.001,
    "batch_size": 16,
    "n_epochs": 100,
    "patience": 20,
    "seed": 0,
    "trainable_params": 1917956
  },
  "per_class_dice": {
    "BG": 0.9920400433324258,
    "RV": 0.8370949918255216,
    "MYO": 0.7794719015189658,
    "LV": 0.898821105854131
  },
  "macro_dice": 0.8384626663995395,
  "training_history": {
    "train_loss": [
      0.7200368000100358,
      0.46922886416767584,
      0.42978501094110083,
      0.3928791085879008,
      0.3583050984324831,
      0.33564028339554564,
      0.3193895180117,
      0.3114047772956617,
      0.3049471626679103,
      0.28879165551578156,
      0.2805999399285124,
      0.2738742036650879,
      0.2636452756746851,
      0.2543278859570773,
      0.2480800300836563,
      0.24075010795183857,
      0.23694829785763616,
      0.22788951824409792,
      0.22785553411401885,
      0.21931304203139412,
      0.21397931896375888,
      0.21129752770818847,
      0.21334980127185282,
      0.20474447234712465,
      0.2018172468500908,
      0.19624582000754096,
      0.19473195459806558,
      0.19119149092772994,
      0.18459908491132235,
      0.1845722713253715,
      0.1817335526298995,
      0.18026389174088084,
      0.1798975324690944,
      0.1787063738312384,
      0.1715938320966682,
      0.17005905501469218,
      0.16611955043944446,
      0.16508724894186463,
      0.16024910368853146,
      0.16052059859338433,
      0.15469809900028536,
      0.15412049123434104,
      0.15113070238419254,
      0.15028716443162976,
      0.1475637744020934,
      0.14654463205975715,
      0.14416489592104248,
      0.1410927607706099,
      0.1404472195891419,
      0.14413829640758158,
      0.1373011577460501,
      0.13443833785225648,
      0.13266953780795587,
      0.130971053822173,
      0.1319780686136448,
      0.12991283976971502,
      0.12775422798262703,
      0.1287053645861269,
      0.12478915575628328,
      0.12327471962480833,
      0.12377055497332053,
      0.12195727473708114
    ],
    "val_macro_dice": [
      0.7771590533390453,
      0.8076862992518391,
      0.7890489902410803,
      0.7894313623825305,
      0.8220143416680793,
      0.8334067353987938,
      0.8273610570907461,
      0.8181976869807421,
      0.8296120067055578,
      0.8221726592218045,
      0.8138167900842896,
      0.8234812439262836,
      0.8228371152972703,
      0.8396363467281801,
      0.8366738131255979,
      0.8391101495135188,
      0.8392191413860023,
      0.8404641455410712,
      0.8373713970550613,
      0.8433065227604377,
      0.8402494265016273,
      0.8369067203085724,
      0.8427791772681607,
      0.8376350293313166,
      0.8333702572665399,
      0.8393592226020182,
      0.8361619963967833,
      0.8460487023090737,
      0.842142093566577,
      0.8487759288853597,
      0.8424038684835514,
      0.8367833614457924,
      0.8430127956550825,
      0.8456872624180479,
      0.8454130668095831,
      0.84291157927873,
      0.8457286679173248,
      0.8450578666677919,
      0.8439014482861372,
      0.8421113147349101,
      0.8468899590879264,
      0.8488621515375505,
      0.8443685276235886,
      0.8482267656380422,
      0.8424754176603829,
      0.8442299352766726,
      0.8478813527983092,
      0.8465532620732854,
      0.8465768826851675,
      0.8461391680462599,
      0.8467713454419092,
      0.8469377410670967,
      0.8455004120570434,
      0.8456461827045897,
      0.8470541965892987,
      0.8475750474392386,
      0.8467502518457685,
      0.8455689309436444,
      0.8470709117992882,
      0.8475541672626266,
      0.8434289112060043,
      0.8460959977827381
    ],
    "lr": [
      0.0009997532801828658,
      0.0009990133642141358,
      0.00099778098230154,
      0.000996057350657239,
      0.0009938441702975688,
      0.0009911436253643444,
      0.0009879583809693736,
      0.0009842915805643154,
      0.0009801468428384714,
      0.0009755282581475767,
      0.0009704403844771127,
      0.0009648882429441257,
      0.0009588773128419905,
      0.0009524135262330098,
      0.0009455032620941839,
      0.0009381533400219318,
      0.0009303710135019719,
      0.0009221639627510076,
      0.000913540287137281,
      0.0009045084971874739,
      0.0008950775061878452,
      0.0008852566213878947,
      0.0008750555348152298,
      0.0008644843137107057,
      0.0008535533905932737,
      0.0008422735529643444,
      0.0008306559326618259,
      0.0008187119948743449,
      0.0008064535268264883,
      0.0007938926261462367,
      0.0007810416889260654,
      0.0007679133974894983,
      0.0007545207078751857,
      0.0007408768370508577,
      0.0007269952498697734,
      0.0007128896457825364,
      0.0006985739453173903,
      0.0006840622763423391,
      0.0006693689601226458,
      0.0006545084971874737,
      0.0006394955530196147,
      0.0006243449435824273,
      0.0006090716206982714,
      0.0005936906572928625,
      0.0005782172325201156,
      0.0005626666167821523,
      0.0005470541566592572,
      0.0005313952597646569,
      0.0005157053795390643,
      0.0005000000000000002,
      0.00048429462046093607,
      0.0004686047402353435,
      0.000452945843340743,
      0.00043733338321784806,
      0.0004217827674798847,
      0.00040630934270713783,
      0.000390928379301729,
      0.0003756550564175727,
      0.00036050444698038553,
      0.00034549150281252655,
      0.0003306310398773544,
      0.00031593772365766127
    ]
  },
  "best_val_dice": 0.8488621515375505,
  "best_epoch": 42,
  "per_slice_metrics_file": "dinov3_vits16_conv_decoder_20260501_082943_per_slice.csv",
  "n_test_slices": 3154,
  "per_stack_metrics_file": "dinov3_vits16_conv_decoder_20260501_082943_per_stack.csv",
  "n_test_stacks": 268
}
