{
  "config": {
    "dataset": "mnm",
    "backbone": "dinov3",
    "model_name": "dinov3_vitb16",
    "decoder": "unetr",
    "embed_dim": 768,
    "cache_layers": [
      3,
      6,
      9,
      11
    ],
    "probe_layers": [
      3,
      6,
      9,
      11
    ],
    "lr": 0.001,
    "weight_decay": 0.001,
    "batch_size": 16,
    "n_epochs": 100,
    "patience": 20,
    "seed": 0,
    "trainable_params": 41338788
  },
  "per_class_dice": {
    "BG": 0.9917900087131832,
    "RV": 0.8366831697188982,
    "MYO": 0.7762834271425033,
    "LV": 0.893208814828527
  },
  "macro_dice": 0.8353918038966429,
  "training_history": {
    "train_loss": [
      1.5537994723570974,
      0.8139556207154927,
      0.6112683917346754,
      0.4705110035444561,
      0.4030600315646121,
      0.35938865260074015,
      0.32582718918198034,
      0.32192947048889964,
      0.29971460762776825,
      0.28346639401034307,
      0.2553061317456396,
      0.237424415193106,
      0.22262245730349892,
      0.21120878348225042,
      0.19973803037091306,
      0.18799008272196116,
      0.17772981446040303,
      0.1836001018160268,
      0.16514443802206139,
      0.15717417550714394,
      0.14757263738858073,
      0.14059637879070483,
      0.1334486635107743,
      0.12722343990677282,
      0.11993075828803212,
      0.11833591327855461,
      0.11036725106992219,
      0.1063883394787186,
      0.10424088608277471,
      0.09889808101089377,
      0.102114316664244,
      0.0988940478939759,
      0.09640676724283319,
      0.09855210075252935,
      0.10235110278192319,
      0.09893280934346349,
      0.09189989457004949,
      0.09267983389528174,
      0.08686881826112144,
      0.07988774658817994,
      0.0757779941747063,
      0.07447457195896852,
      0.07187166613967795,
      0.07043442443797462,
      0.06816672965099937,
      0.06704728285733022,
      0.06659947237686108,
      0.06620606623197857,
      0.06496091932058334,
      0.0639079832716992,
      0.06296268419215553,
      0.06331064336394009,
      0.06156155663101297,
      0.06101320958451221,
      0.059602073540813046
    ],
    "val_macro_dice": [
      0.5422140851040903,
      0.6398808290450292,
      0.7353722840812463,
      0.7847042010813517,
      0.7874920774773734,
      0.8001381670370208,
      0.811078276320209,
      0.7965305552248196,
      0.8274089271515533,
      0.8291220598359129,
      0.82714719813518,
      0.8344949667876188,
      0.8287363454631146,
      0.8382148936193269,
      0.8322411201010239,
      0.8438528341733768,
      0.8445939900516107,
      0.8416709502783805,
      0.8421517883715192,
      0.842085408766804,
      0.8452487192797246,
      0.8365658188880841,
      0.836860141893005,
      0.8456098090597259,
      0.8504767352612358,
      0.8483134158428168,
      0.8500676985635657,
      0.8412623366204043,
      0.8439824344232546,
      0.8474662741150595,
      0.8444810935156589,
      0.8503041912553096,
      0.8445167877375327,
      0.8454050423528144,
      0.8515597457909992,
      0.8443156406171229,
      0.8489757028974486,
      0.8443387529428218,
      0.8481159127717576,
      0.8496379499339998,
      0.8501134548090475,
      0.8498680672821773,
      0.847330475506272,
      0.8476114649907177,
      0.8497185058483968,
      0.8489509209634577,
      0.8496323200687211,
      0.8473065413524975,
      0.847962601103797,
      0.8469917543546485,
      0.8432531374581508,
      0.8483836916204419,
      0.8452354748099458,
      0.8476702847194594,
      0.8486620892956257
    ],
    "lr": [
      0.0009997532801828658,
      0.0009990133642141358,
      0.00099778098230154,
      0.000996057350657239,
      0.0009938441702975688,
      0.0009911436253643444,
      0.0009879583809693736,
      0.0009842915805643154,
      0.0009801468428384714,
      0.0009755282581475767,
      0.0009704403844771127,
      0.0009648882429441257,
      0.0009588773128419905,
      0.0009524135262330098,
      0.0009455032620941839,
      0.0009381533400219318,
      0.0009303710135019719,
      0.0009221639627510076,
      0.000913540287137281,
      0.0009045084971874739,
      0.0008950775061878452,
      0.0008852566213878947,
      0.0008750555348152298,
      0.0008644843137107057,
      0.0008535533905932737,
      0.0008422735529643444,
      0.0008306559326618259,
      0.0008187119948743449,
      0.0008064535268264883,
      0.0007938926261462367,
      0.0007810416889260654,
      0.0007679133974894983,
      0.0007545207078751857,
      0.0007408768370508577,
      0.0007269952498697734,
      0.0007128896457825364,
      0.0006985739453173903,
      0.0006840622763423391,
      0.0006693689601226458,
      0.0006545084971874737,
      0.0006394955530196147,
      0.0006243449435824273,
      0.0006090716206982714,
      0.0005936906572928625,
      0.0005782172325201156,
      0.0005626666167821523,
      0.0005470541566592572,
      0.0005313952597646569,
      0.0005157053795390643,
      0.0005000000000000002,
      0.00048429462046093607,
      0.0004686047402353435,
      0.000452945843340743,
      0.00043733338321784806,
      0.0004217827674798847
    ]
  },
  "best_val_dice": 0.8515597457909992,
  "best_epoch": 35,
  "per_sample_metrics_file": "dinov3_vitb16_unetr_20260501_145115_per_sample.csv",
  "n_test_samples": 268,
  "per_slice_metrics_file": "dinov3_vitb16_unetr_20260501_145115_per_slice.csv",
  "n_test_slices": 3154
}
