{
  "config": {
    "dataset": "mnm",
    "backbone": "dinov3",
    "model_name": "dinov3_vitl16",
    "decoder": "linear_probe",
    "embed_dim": 1024,
    "cache_layers": [
      5,
      11,
      17,
      23
    ],
    "probe_layers": [
      23
    ],
    "lr": 0.001,
    "weight_decay": 0.001,
    "batch_size": 16,
    "n_epochs": 100,
    "patience": 20,
    "seed": 0,
    "trainable_params": 6148
  },
  "per_class_dice": {
    "BG": 0.9882351366209163,
    "RV": 0.7546984193613873,
    "MYO": 0.6622427315623906,
    "LV": 0.8418975078660448
  },
  "macro_dice": 0.7529462195966076,
  "training_history": {
    "train_loss": [
      0.9542352832628019,
      0.4868177752001117,
      0.45379461498573576,
      0.4384542504946391,
      0.4232584254609214,
      0.4152582764926583,
      0.4132193939553367,
      0.4119883492739514,
      0.4137166910099261,
      0.40885352230433264,
      0.40269238419002956,
      0.4040455590895932,
      0.40488678713639575,
      0.4010234387836071,
      0.40119243721769315,
      0.400467010158481,
      0.39953502425641724,
      0.4010000645813316,
      0.3992839738576099,
      0.3999448829528057,
      0.39808891532999097,
      0.3985208620627721,
      0.3970951841335104,
      0.3984132759799861,
      0.39677959213955233,
      0.39734158913294476,
      0.3997107030767383,
      0.39672717015550596,
      0.3979210943886728,
      0.3958759751885828,
      0.39705504793109314,
      0.4017391662404995,
      0.3985748284994954,
      0.3966100069910589,
      0.3949063721329275,
      0.3935612002105424,
      0.3964710548670605,
      0.39846838107614807,
      0.39894612615156655,
      0.39491894961607577,
      0.3961946867933177,
      0.39493716018970565,
      0.3926695818551863,
      0.3931953900992268,
      0.396126236427914,
      0.39663000645661595,
      0.39183309794676424,
      0.39473445969398574,
      0.39331041125938143,
      0.39361926010160736,
      0.3935758944111641,
      0.39441950017153615,
      0.3933813814261947,
      0.39326156344678664,
      0.3907577812370628,
      0.394112963267047,
      0.39337618664057566,
      0.3945081661445926,
      0.39416167982900985,
      0.39241070353021523,
      0.3931002120176951,
      0.3934384921584467,
      0.39075622383994285,
      0.3935706093154772,
      0.39066339728206095,
      0.38950077722771,
      0.3911644391941302,
      0.38873318244110455,
      0.39185517604904946,
      0.38921696083112195,
      0.3907180804796893,
      0.3880042123674142,
      0.3906626031555311,
      0.38967372191072713,
      0.38990828981905273,
      0.39179414826812164,
      0.3912435131843644,
      0.3921455105747839,
      0.38955434795581934,
      0.3892189089698021,
      0.391427399985718,
      0.3886456366139229,
      0.38972650769383016,
      0.3903338454588495,
      0.38829093674818677,
      0.3894886695074313
    ],
    "val_macro_dice": [
      0.7080282165509736,
      0.7353015093447123,
      0.7482455485209757,
      0.7536339109654614,
      0.7585331852178617,
      0.7611501877356569,
      0.7637047924640875,
      0.7621637658279418,
      0.7675599977668544,
      0.7663554272653342,
      0.7659461525134938,
      0.7572426128458117,
      0.7652977177301555,
      0.7670635283189782,
      0.7665095814921538,
      0.7682234009403336,
      0.7680930821615236,
      0.7678005273640593,
      0.766913181464408,
      0.7696184850228871,
      0.7692814110635489,
      0.7656027519428843,
      0.7695797172619937,
      0.7698942679243569,
      0.7676669787302363,
      0.7706129899137947,
      0.766790847349462,
      0.7675860918216227,
      0.7684154653516916,
      0.7700998479447314,
      0.764480092544658,
      0.768120006684084,
      0.7677511154388772,
      0.7701532758261691,
      0.7688922847424907,
      0.7692702211117846,
      0.7700930298784326,
      0.7665230572424996,
      0.7677281616618287,
      0.7693988707717815,
      0.7715210989936293,
      0.768461514015033,
      0.7698530792919058,
      0.7681449279532052,
      0.7662133062493209,
      0.7717090978623259,
      0.7698874749889142,
      0.7666729286119436,
      0.7715734392458122,
      0.769313131276019,
      0.7700079322617657,
      0.7711032890796248,
      0.770311354411823,
      0.7700951962076888,
      0.7696139027166938,
      0.7705202839403472,
      0.7688370751368921,
      0.7723131952148922,
      0.7707425368829289,
      0.770150930412086,
      0.769284172891365,
      0.7703168630409621,
      0.7718011908580923,
      0.7719901858169398,
      0.7709999103839777,
      0.7732619834200772,
      0.7714449153569983,
      0.7710014649406648,
      0.772517705391199,
      0.7708576280931067,
      0.7711141803166489,
      0.7715238043297917,
      0.7711811698585053,
      0.7723904989661904,
      0.7705063454198674,
      0.7702679762220818,
      0.7709805104108055,
      0.771108576261775,
      0.7717106802434371,
      0.7712413247814931,
      0.7720091204462068,
      0.7712572451109091,
      0.7708976160707951,
      0.771550964185704,
      0.7715277351695984,
      0.771478715763069
    ],
    "lr": [
      0.0009997532801828658,
      0.0009990133642141358,
      0.00099778098230154,
      0.000996057350657239,
      0.0009938441702975688,
      0.0009911436253643444,
      0.0009879583809693736,
      0.0009842915805643154,
      0.0009801468428384714,
      0.0009755282581475767,
      0.0009704403844771127,
      0.0009648882429441257,
      0.0009588773128419905,
      0.0009524135262330098,
      0.0009455032620941839,
      0.0009381533400219318,
      0.0009303710135019719,
      0.0009221639627510076,
      0.000913540287137281,
      0.0009045084971874739,
      0.0008950775061878452,
      0.0008852566213878947,
      0.0008750555348152298,
      0.0008644843137107057,
      0.0008535533905932737,
      0.0008422735529643444,
      0.0008306559326618259,
      0.0008187119948743449,
      0.0008064535268264883,
      0.0007938926261462367,
      0.0007810416889260654,
      0.0007679133974894983,
      0.0007545207078751857,
      0.0007408768370508577,
      0.0007269952498697734,
      0.0007128896457825364,
      0.0006985739453173903,
      0.0006840622763423391,
      0.0006693689601226458,
      0.0006545084971874737,
      0.0006394955530196147,
      0.0006243449435824273,
      0.0006090716206982714,
      0.0005936906572928625,
      0.0005782172325201156,
      0.0005626666167821523,
      0.0005470541566592572,
      0.0005313952597646569,
      0.0005157053795390643,
      0.0005000000000000002,
      0.00048429462046093607,
      0.0004686047402353435,
      0.000452945843340743,
      0.00043733338321784806,
      0.0004217827674798847,
      0.00040630934270713783,
      0.000390928379301729,
      0.0003756550564175727,
      0.00036050444698038553,
      0.00034549150281252655,
      0.0003306310398773544,
      0.00031593772365766127,
      0.0003014260546826097,
      0.0002871103542174637,
      0.0002730047501302267,
      0.00025912316294914234,
      0.0002454792921248144,
      0.00023208660251050164,
      0.00021895831107393473,
      0.00020610737385376356,
      0.00019354647317351177,
      0.0001812880051256552,
      0.00016934406733817422,
      0.0001577264470356557,
      0.00014644660940672634,
      0.0001355156862892944,
      0.00012494446518477025,
      0.00011474337861210548,
      0.00010492249381215483,
      9.549150281252637e-05,
      8.645971286271918e-05,
      7.78360372489926e-05,
      6.962898649802815e-05,
      6.184665997806824e-05,
      5.449673790581613e-05,
      4.758647376699034e-05
    ]
  },
  "best_val_dice": 0.7732619834200772,
  "best_epoch": 66,
  "per_slice_metrics_file": "dinov3_vitl16_linear_probe_20260421_080859_per_slice.csv",
  "n_test_slices": 3154,
  "per_stack_metrics_file": "dinov3_vitl16_linear_probe_20260421_080859_per_stack.csv",
  "n_test_stacks": 268
}