{
  "config": {
    "dataset": "mnm",
    "backbone": "dinov3",
    "model_name": "dinov3_vits16",
    "decoder": "unetr",
    "embed_dim": 384,
    "cache_layers": [
      3,
      6,
      9,
      11
    ],
    "probe_layers": [
      3,
      6,
      9,
      11
    ],
    "lr": 0.001,
    "weight_decay": 0.001,
    "batch_size": 16,
    "n_epochs": 100,
    "patience": 20,
    "seed": 0,
    "trainable_params": 31016868
  },
  "per_class_dice": {
    "BG": 0.9915052076860158,
    "RV": 0.8417911261167536,
    "MYO": 0.7698337083968675,
    "LV": 0.9010045109314411
  },
  "macro_dice": 0.8375431151483541,
  "training_history": {
    "train_loss": [
      1.7946872146506059,
      0.9331318610592892,
      0.6202312143225419,
      0.48422908469250325,
      0.41933872197803695,
      0.38096107307233307,
      0.3509754883615594,
      0.3341529777175502,
      0.3090549785839884,
      0.2873595984358537,
      0.26695743516871806,
      0.26107509042087357,
      0.23979157601532183,
      0.22287185019568392,
      0.2152457605851324,
      0.2029221606881995,
      0.1896463444358424,
      0.19983676075935364,
      0.17424625079882772,
      0.1633070573994988,
      0.1560656726360321,
      0.14388040335554825,
      0.1431700022597062,
      0.1488487438151711,
      0.13714191395985453,
      0.13643592399986168,
      0.13222439508689077,
      0.11991856364827407,
      0.11144173302148518,
      0.10366710393052352,
      0.0994625836610794,
      0.10098614700530704,
      0.10757947360214434,
      0.10145103656931927,
      0.09449029360946856,
      0.09035940860447131,
      0.08722693786809319,
      0.08565868319649446,
      0.08559651947335194,
      0.08683413620057859,
      0.08520770151364176,
      0.08245108943236501,
      0.08279881940076225,
      0.07731650456001884,
      0.07321116406666606,
      0.07177471800854332,
      0.07197352734051253,
      0.07284309087615264,
      0.06901417907915618,
      0.06705894085921739,
      0.0674092342194758,
      0.0674086805236967,
      0.06491401360223167,
      0.06327702007011364
    ],
    "val_macro_dice": [
      0.49520572459518614,
      0.6583891092235187,
      0.7271872180199569,
      0.7850227549588454,
      0.7738560441721406,
      0.7761206219463445,
      0.7955041945351938,
      0.7934679396050536,
      0.8247522045717518,
      0.8291067524769068,
      0.8239620714186802,
      0.8403475806046133,
      0.8392616352529144,
      0.8260461056049105,
      0.8342104308589757,
      0.8497484668859935,
      0.8501222755910253,
      0.8373209038471982,
      0.8329501114945081,
      0.8402144740183356,
      0.842366333420656,
      0.8465862585027834,
      0.8517789229914308,
      0.8532150281704013,
      0.8434499388579573,
      0.8531618456965674,
      0.8495379884927652,
      0.8531043751236461,
      0.8473036140597158,
      0.8511400057466952,
      0.8491941254084047,
      0.8487976590682357,
      0.8495503964311831,
      0.8548517693255403,
      0.8544528251246869,
      0.8521285869632123,
      0.8488198066574913,
      0.8523881773523211,
      0.8484965031308386,
      0.8503271196197589,
      0.8497284755024057,
      0.8518245692690835,
      0.8529264696092437,
      0.8530714443623628,
      0.8516733278425009,
      0.8517576538037114,
      0.8501143977508369,
      0.8544843348388631,
      0.8529711339257605,
      0.8516533875782012,
      0.8469581239173416,
      0.853113229865278,
      0.8518803096932243,
      0.853292132599377
    ],
    "lr": [
      0.0009997532801828658,
      0.0009990133642141358,
      0.00099778098230154,
      0.000996057350657239,
      0.0009938441702975688,
      0.0009911436253643444,
      0.0009879583809693736,
      0.0009842915805643154,
      0.0009801468428384714,
      0.0009755282581475767,
      0.0009704403844771127,
      0.0009648882429441257,
      0.0009588773128419905,
      0.0009524135262330098,
      0.0009455032620941839,
      0.0009381533400219318,
      0.0009303710135019719,
      0.0009221639627510076,
      0.000913540287137281,
      0.0009045084971874739,
      0.0008950775061878452,
      0.0008852566213878947,
      0.0008750555348152298,
      0.0008644843137107057,
      0.0008535533905932737,
      0.0008422735529643444,
      0.0008306559326618259,
      0.0008187119948743449,
      0.0008064535268264883,
      0.0007938926261462367,
      0.0007810416889260654,
      0.0007679133974894983,
      0.0007545207078751857,
      0.0007408768370508577,
      0.0007269952498697734,
      0.0007128896457825364,
      0.0006985739453173903,
      0.0006840622763423391,
      0.0006693689601226458,
      0.0006545084971874737,
      0.0006394955530196147,
      0.0006243449435824273,
      0.0006090716206982714,
      0.0005936906572928625,
      0.0005782172325201156,
      0.0005626666167821523,
      0.0005470541566592572,
      0.0005313952597646569,
      0.0005157053795390643,
      0.0005000000000000002,
      0.00048429462046093607,
      0.0004686047402353435,
      0.000452945843340743,
      0.00043733338321784806
    ]
  },
  "best_val_dice": 0.8548517693255403,
  "best_epoch": 34,
  "per_sample_metrics_file": "dinov3_vits16_unetr_20260501_095635_per_sample.csv",
  "n_test_samples": 268,
  "per_slice_metrics_file": "dinov3_vits16_unetr_20260501_095635_per_slice.csv",
  "n_test_slices": 3154
}
