{
  "config": {
    "dataset": "mnm",
    "backbone": "dinov3",
    "model_name": "dinov3_vits16",
    "decoder": "linear_probe",
    "embed_dim": 384,
    "cache_layers": [
      3,
      6,
      9,
      11
    ],
    "probe_layers": [
      11
    ],
    "lr": 0.001,
    "weight_decay": 0.001,
    "batch_size": 16,
    "n_epochs": 100,
    "patience": 20,
    "seed": 0,
    "trainable_params": 2308
  },
  "per_class_dice": {
    "BG": 0.9871610190667831,
    "RV": 0.723968339476774,
    "MYO": 0.6376239396853721,
    "LV": 0.8221448876653284
  },
  "macro_dice": 0.7279123889424916,
  "training_history": {
    "train_loss": [
      1.2115173321781736,
      0.5911448941086278,
      0.5378715505804679,
      0.5170055967990799,
      0.5034610642628237,
      0.4944208205649347,
      0.4855365760699667,
      0.48613030651603084,
      0.47615030121923696,
      0.48032364535211314,
      0.4746898649015812,
      0.4774304169296014,
      0.4771594549670364,
      0.47194986933409566,
      0.47427113850911456,
      0.4709811701317026,
      0.4734790480197078,
      0.46790540835472066,
      0.4637298359714373,
      0.46572694272706006,
      0.46845761227487315,
      0.4668084393547039,
      0.46466481068519633,
      0.46281777096517157,
      0.4623300132125315,
      0.46575190126895905,
      0.4655209406457766,
      0.4651464168170486,
      0.46014559946276923,
      0.4630859710953452,
      0.4640532763618411,
      0.46827249590194586,
      0.4664885943586176,
      0.46743728536548035,
      0.46266082546325643,
      0.4635199535675723,
      0.46235727044669067,
      0.4596143608743494,
      0.46369531600162234,
      0.4634905401805435,
      0.46658927247379767,
      0.4689130989289043,
      0.4606240587403076,
      0.46608397334513035,
      0.46553618363057725,
      0.46123136384318575,
      0.45852473122302934,
      0.46183084779315525,
      0.46387672138334524,
      0.4623498558396041,
      0.4618394672870636
    ],
    "val_macro_dice": [
      0.6608394531894786,
      0.6920603579011247,
      0.7068540805967282,
      0.713501897033059,
      0.7152966439465599,
      0.7231445076021018,
      0.7264089518904417,
      0.72923787135219,
      0.7320317717885283,
      0.7328298822584441,
      0.7330658408973285,
      0.7311018449652985,
      0.7313991573057468,
      0.7353352127583984,
      0.7351212495018759,
      0.737236704145773,
      0.7345422773469066,
      0.7366584907676271,
      0.7367959609132257,
      0.7385945188451686,
      0.7365685518748651,
      0.7359438716429586,
      0.7352205906167653,
      0.7401850213080406,
      0.7404259129128228,
      0.7393952971975937,
      0.7395613910427076,
      0.7391044004713715,
      0.7407558827142878,
      0.740664989527538,
      0.7425383399571036,
      0.7395822773099701,
      0.7408752094086498,
      0.7411544776853596,
      0.7416716712595152,
      0.7406376262132524,
      0.7391536719011631,
      0.7387807442323729,
      0.7382392511247402,
      0.7382528505139913,
      0.7407412637545289,
      0.741234058922745,
      0.7414795329351039,
      0.7405004322828991,
      0.741800065350608,
      0.7387644072222028,
      0.7414355638446691,
      0.7403739273807574,
      0.7383821548477721,
      0.7388570719579421,
      0.7402301588617027
    ],
    "lr": [
      0.0009997532801828658,
      0.0009990133642141358,
      0.00099778098230154,
      0.000996057350657239,
      0.0009938441702975688,
      0.0009911436253643444,
      0.0009879583809693736,
      0.0009842915805643154,
      0.0009801468428384714,
      0.0009755282581475767,
      0.0009704403844771127,
      0.0009648882429441257,
      0.0009588773128419905,
      0.0009524135262330098,
      0.0009455032620941839,
      0.0009381533400219318,
      0.0009303710135019719,
      0.0009221639627510076,
      0.000913540287137281,
      0.0009045084971874739,
      0.0008950775061878452,
      0.0008852566213878947,
      0.0008750555348152298,
      0.0008644843137107057,
      0.0008535533905932737,
      0.0008422735529643444,
      0.0008306559326618259,
      0.0008187119948743449,
      0.0008064535268264883,
      0.0007938926261462367,
      0.0007810416889260654,
      0.0007679133974894983,
      0.0007545207078751857,
      0.0007408768370508577,
      0.0007269952498697734,
      0.0007128896457825364,
      0.0006985739453173903,
      0.0006840622763423391,
      0.0006693689601226458,
      0.0006545084971874737,
      0.0006394955530196147,
      0.0006243449435824273,
      0.0006090716206982714,
      0.0005936906572928625,
      0.0005782172325201156,
      0.0005626666167821523,
      0.0005470541566592572,
      0.0005313952597646569,
      0.0005157053795390643,
      0.0005000000000000002,
      0.00048429462046093607
    ]
  },
  "best_val_dice": 0.7425383399571036,
  "best_epoch": 31,
  "per_slice_metrics_file": "dinov3_vits16_linear_probe_20260418_164813_per_slice.csv",
  "n_test_slices": 3154,
  "per_stack_metrics_file": "dinov3_vits16_linear_probe_20260418_164813_per_stack.csv",
  "n_test_stacks": 268
}