{
  "config": {
    "dataset": "mnm",
    "backbone": "dinov3",
    "model_name": "dinov3_vitl16",
    "decoder": "conv_decoder",
    "embed_dim": 1024,
    "cache_layers": [
      5,
      11,
      17,
      23
    ],
    "probe_layers": [
      5,
      11,
      17,
      23
    ],
    "lr": 0.001,
    "weight_decay": 0.001,
    "batch_size": 16,
    "n_epochs": 100,
    "patience": 20,
    "seed": 0,
    "trainable_params": 4867076
  },
  "per_class_dice": {
    "BG": 0.9924281125236295,
    "RV": 0.8446076076299742,
    "MYO": 0.7857980373721274,
    "LV": 0.900599611184257
  },
  "macro_dice": 0.8436684187287863,
  "training_history": {
    "train_loss": [
      0.7080761606645103,
      0.43592457337812945,
      0.3913508482051618,
      0.3526296872984279,
      0.3179202319094629,
      0.3024421724857706,
      0.27734464053252733,
      0.2749648586367116,
      0.2595658332410485,
      0.24211584859424168,
      0.2352771486597832,
      0.22690106913296862,
      0.22442301806777415,
      0.22091889923269098,
      0.20965374532071027,
      0.1992741571080805,
      0.1880463883280754,
      0.18767387999428642,
      0.18954255973750894,
      0.17976660281419754,
      0.17526957625993575,
      0.17117627499380497,
      0.16676931963725525,
      0.15986874413610708,
      0.1584840818788066,
      0.1551137941353249,
      0.15240519602942948,
      0.1497089924911658,
      0.14459190224156235,
      0.14387065160906676,
      0.14378072389147498,
      0.141102604643263,
      0.14054204948773288,
      0.14178928702768653,
      0.13452913676096936,
      0.12674476029445428,
      0.12474300772553742,
      0.12318303955323769,
      0.12205917576346735,
      0.12480936594533198,
      0.11918386798163857,
      0.11670074423756262,
      0.11534647180727034,
      0.1120253015648235,
      0.11227643282877074,
      0.10981348484303012,
      0.10791245494226012,
      0.10905598009927105,
      0.10716725020396589,
      0.10604901815002615,
      0.10293723116017352,
      0.10055746277323876,
      0.09895072903747511,
      0.09815428947860544,
      0.09743704552752804,
      0.09817217301690218,
      0.09517500809196269,
      0.09526065545100154,
      0.0932958528700501,
      0.09232228309518159,
      0.09056474539366635,
      0.09020459700864975,
      0.08829309731119811,
      0.0883837223730304,
      0.08709538419439335,
      0.08456188891873215,
      0.08428399076666494,
      0.08359733698042957,
      0.08241384359772759,
      0.08255414638404894,
      0.08172600340060514,
      0.08030941529255925,
      0.08114278463251663,
      0.07953968147436778,
      0.07870460756950909,
      0.07773640146008645,
      0.0781094589919755,
      0.07744511619511277,
      0.07677945878469583,
      0.07621099344558185,
      0.07562648896316085,
      0.07517238792897475,
      0.07468552447178146,
      0.07435415926003697,
      0.07404342019046196,
      0.07406054252777437,
      0.07346251621992901,
      0.07357617554188979,
      0.07316477901556274,
      0.07304570601895602,
      0.07261846929487556,
      0.07267116860608862,
      0.07250040541920397,
      0.0721535791802888,
      0.07223779664873475
    ],
    "val_macro_dice": [
      0.7829881961382196,
      0.8137843981543168,
      0.8044493266217669,
      0.8301955855872841,
      0.8211864609564822,
      0.8360278939846503,
      0.8479793192597235,
      0.8243909002032237,
      0.8477067418216965,
      0.8522487668121127,
      0.834062537735676,
      0.8466173488228633,
      0.8375852879463791,
      0.848613598770683,
      0.8481150126767605,
      0.8435958462256048,
      0.8506830329826672,
      0.8343521378694678,
      0.8481608023038101,
      0.8513089408645734,
      0.8444904273228665,
      0.8545401408943712,
      0.8545459177269699,
      0.8491662668999483,
      0.8451115313009158,
      0.8449556489635318,
      0.847624209476837,
      0.8526722607666347,
      0.8493795930905405,
      0.8512386030032252,
      0.8554469006965597,
      0.8464594615523663,
      0.8510567571351384,
      0.8544574295675886,
      0.8554801028131135,
      0.8486977261129741,
      0.8535349911726019,
      0.8557104225794255,
      0.8513730968032873,
      0.8558225882584466,
      0.8582153932489911,
      0.8598456978652451,
      0.8583200102538341,
      0.8577490905877178,
      0.8524127794082258,
      0.8613614521325103,
      0.8594413256174541,
      0.8591778405404185,
      0.8610186422656326,
      0.8588926172302435,
      0.85891590177472,
      0.8619071944197577,
      0.8606122085628712,
      0.8588096532027706,
      0.8579172904977638,
      0.8591407395707961,
      0.8590046795214104,
      0.8597407051465439,
      0.8623211865714978,
      0.861914574429559,
      0.85768997203237,
      0.8616569780505688,
      0.8591330783109196,
      0.8626060848645266,
      0.8608502003223516,
      0.862119166640773,
      0.8576027264103256,
      0.8623535056009074,
      0.8616532462279226,
      0.8622947151634782,
      0.8629150414041195,
      0.8611934566210158,
      0.8616683242254899,
      0.8612968254184906,
      0.8632644017640728,
      0.8616337347540096,
      0.8628697402592765,
      0.8622663383629646,
      0.8610656843001453,
      0.8618634659606964,
      0.8617137802237026,
      0.8619154041111888,
      0.8625254629054906,
      0.8619418949737069,
      0.8621089736079836,
      0.8624716636765268,
      0.8625897028995729,
      0.8623699462869058,
      0.8625889000938513,
      0.8619497379884757,
      0.8619176929487616,
      0.8623689566615798,
      0.8625868951434362,
      0.8618897915161816,
      0.862464488909075
    ],