{
  "config": {
    "dataset": "mnm",
    "backbone": "dinov3",
    "model_name": "dinov3_vits16",
    "decoder": "unetr",
    "embed_dim": 384,
    "cache_layers": [
      3,
      6,
      9,
      11
    ],
    "probe_layers": [
      3,
      6,
      9,
      11
    ],
    "lr": 0.001,
    "weight_decay": 0.001,
    "batch_size": 16,
    "n_epochs": 100,
    "patience": 20,
    "seed": 0,
    "trainable_params": 31016868
  },
  "per_class_dice": {
    "BG": 0.9913980235638726,
    "RV": 0.8382383080684599,
    "MYO": 0.7764764235179694,
    "LV": 0.8992295686763647
  },
  "macro_dice": 0.8379814334209313,
  "training_history": {
    "train_loss": [
      1.9068517245744403,
      0.9889573988161589,
      0.6272980978614405,
      0.49757045977994013,
      0.4304237695116746,
      0.39254735488640635,
      0.3519592991000728,
      0.3438855989983207,
      0.3301064560287877,
      0.3285461585772665,
      0.286087890988902,
      0.2700670392889726,
      0.2501880652026126,
      0.243762994283124,
      0.2316548432174482,
      0.2409948181164892,
      0.24953543355590418,
      0.21348856075813896,
      0.18879372665756627,
      0.1775718307808826,
      0.16940601640626005,
      0.1576897321563018,
      0.17365310066624692,
      0.1673701264356312,
      0.15535160193317815,
      0.1496237790898273,
      0.14098698841898064,
      0.13268749651155973,
      0.13172377724396556,
      0.12244075928863726,
      0.1162362294761758,
      0.11176196877893649,
      0.10933137253711098,
      0.10553556798320067,
      0.10791123344709999,
      0.10289836714142248,
      0.09983209402937639,
      0.09538163519219349,
      0.09604145272781975,
      0.09286790380352422,
      0.09006308528937791,
      0.08876084889236249,
      0.0846606720434992,
      0.08611319959163666,
      0.08168838212364599
    ],
    "val_macro_dice": [
      0.416297461930419,
      0.6616288778708276,
      0.7332314497377147,
      0.761537544160292,
      0.7642319622605988,
      0.790542237901935,
      0.8072475914810163,
      0.7630337660436607,
      0.8287978340817687,
      0.808367016887393,
      0.8050007381936576,
      0.8318019151091255,
      0.8288652707553957,
      0.8327463291670515,
      0.8286228812376094,
      0.8004906702098783,
      0.8395788566918668,
      0.8459183676961276,
      0.8367327686755998,
      0.8381992113500975,
      0.8447765839975608,
      0.8437744308575884,
      0.8293314173488594,
      0.8350605149992837,
      0.8541893620868594,
      0.8457148514230012,
      0.8494547952486146,
      0.8451226663443991,
      0.8504369928401418,
      0.8488752823265173,
      0.8495653439299992,
      0.8469778597414522,
      0.8484278771114001,
      0.8528576902209508,
      0.8506421485663838,
      0.8521647919095511,
      0.8518886430724621,
      0.8512060888625821,
      0.8514613387969391,
      0.8535041747052073,
      0.8541535646420653,
      0.8519653442170517,
      0.8503271804665107,
      0.8532244662644844,
      0.8468224749706929
    ],
    "lr": [
      0.0009997532801828658,
      0.0009990133642141358,
      0.00099778098230154,
      0.000996057350657239,
      0.0009938441702975688,
      0.0009911436253643444,
      0.0009879583809693736,
      0.0009842915805643154,
      0.0009801468428384714,
      0.0009755282581475767,
      0.0009704403844771127,
      0.0009648882429441257,
      0.0009588773128419905,
      0.0009524135262330098,
      0.0009455032620941839,
      0.0009381533400219318,
      0.0009303710135019719,
      0.0009221639627510076,
      0.000913540287137281,
      0.0009045084971874739,
      0.0008950775061878452,
      0.0008852566213878947,
      0.0008750555348152298,
      0.0008644843137107057,
      0.0008535533905932737,
      0.0008422735529643444,
      0.0008306559326618259,
      0.0008187119948743449,
      0.0008064535268264883,
      0.0007938926261462367,
      0.0007810416889260654,
      0.0007679133974894983,
      0.0007545207078751857,
      0.0007408768370508577,
      0.0007269952498697734,
      0.0007128896457825364,
      0.0006985739453173903,
      0.0006840622763423391,
      0.0006693689601226458,
      0.0006545084971874737,
      0.0006394955530196147,
      0.0006243449435824273,
      0.0006090716206982714,
      0.0005936906572928625,
      0.0005782172325201156
    ]
  },
  "best_val_dice": 0.8541893620868594,
  "best_epoch": 25,
  "per_sample_metrics_file": "dinov3_vits16_unetr_20260418_164814_per_sample.csv",
  "n_test_samples": 268,
  "per_slice_metrics_file": "dinov3_vits16_unetr_20260418_164814_per_slice.csv",
  "n_test_slices": 3154
}