{
  "config": {
    "dataset": "mnm",
    "backbone": "dinov3",
    "model_name": "dinov3_vits16",
    "decoder": "conv_decoder",
    "embed_dim": 384,
    "cache_layers": [
      3,
      6,
      9,
      11
    ],
    "probe_layers": [
      3,
      6,
      9,
      11
    ],
    "lr": 0.001,
    "weight_decay": 0.001,
    "batch_size": 16,
    "n_epochs": 100,
    "patience": 20,
    "seed": 0,
    "trainable_params": 1917956
  },
  "per_class_dice": {
    "BG": 0.9917794892521427,
    "RV": 0.8340385136684569,
    "MYO": 0.776950021248373,
    "LV": 0.8974854944351194
  },
  "macro_dice": 0.836158009783983,
  "training_history": {
    "train_loss": [
      0.7510122701977239,
      0.4757225566139125,
      0.43153738147682613,
      0.39513067284015696,
      0.35916289920457684,
      0.33771757194490143,
      0.3242014048225952,
      0.3159276420118833,
      0.3076304220641502,
      0.2895909331814207,
      0.27933997314686726,
      0.27490376365004165,
      0.2636119457657891,
      0.2560990338373666,
      0.25086902420629154,
      0.24200494617524773,
      0.23427022677479367,
      0.23003525452481377,
      0.2259161365453643,
      0.22098503284382098,
      0.2135618208634733,
      0.21436701684889167,
      0.21593484538372118,
      0.2041591815274171,
      0.20224731152105813,
      0.1978861667742633,
      0.19193003394386984,
      0.1902307400649244,
      0.1834619041494649,
      0.18302655182402544,
      0.18098858593389242,
      0.18136001972839086,
      0.1782453071438905,
      0.1791820666103652,
      0.17184478556266938,
      0.16995238226772558,
      0.16346499963541222,
      0.16101424554080673,
      0.15918459980325264,
      0.1613813933700022,
      0.15651563193761941,
      0.15848515950369113,
      0.15215132904775214,
      0.15107849721956734,
      0.14708109993976776,
      0.1465488787778098,
      0.14241426389175232,
      0.14032110778821838,
      0.14013360880992629,
      0.14403729667567244,
      0.13654157541918033,
      0.1341221073284896,
      0.13180934645310796,
      0.13193128927789552,
      0.12964372852384443,
      0.12693644796658043,
      0.1271594048600004,
      0.12693255597894842,
      0.12348390336741101,
      0.12314722254270255,
      0.12374117116283889,
      0.12157197036977971,
      0.1196003740258289,
      0.11898870615646093,
      0.11747362927505464,
      0.11508837282055556,
      0.11484996880395244,
      0.11365287355852849,
      0.11275696050789621,
      0.11218300879453168,
      0.11157189038666812,
      0.11019469214358715,
      0.11052858923571278,
      0.10852226129535472,
      0.1074939463475738,
      0.10703283887017857
    ],
    "val_macro_dice": [
      0.7785589780381065,
      0.8021374007144981,
      0.7824792088657823,
      0.7902872147237806,
      0.8193264445778952,
      0.8340847307723086,
      0.8283339783492965,
      0.8205391286891399,
      0.827053736008602,
      0.8253373931643256,
      0.8183464482274836,
      0.8276085384941125,
      0.8262868717787212,
      0.8359475795308141,
      0.8380964817080664,
      0.8354623029540997,
      0.8370941531466043,
      0.8421928823458181,
      0.8391110970729523,
      0.8427754273477643,
      0.8396123786809895,
      0.8351829059882739,
      0.844412351815206,
      0.838552662822195,
      0.8358505821472632,
      0.8364115168644718,
      0.8371576047820203,
      0.8468853865288284,
      0.8430440259348995,
      0.8480974909397055,
      0.8432087569563583,
      0.839703068687418,
      0.8455474844301825,
      0.8455733771826478,
      0.8401487241389667,
      0.8455500311143584,
      0.8493634840162212,
      0.8454952620256226,
      0.8460764449367052,
      0.8408481837605714,
      0.8463134043035456,
      0.8478824520328071,
      0.8457496805554725,
      0.8478254795986447,
      0.8432230420181753,
      0.8474539794351986,
      0.8474235523643202,
      0.8473009201926368,
      0.8465689424148252,
      0.8458832899566141,
      0.8488802525691126,
      0.847873386572267,
      0.8487108251107446,
      0.8479945825079316,
      0.8483488447000234,
      0.849418512808746,
      0.8474772193257163,
      0.844560300921647,
      0.849315234897352,
      0.8488588276342744,
      0.8466961209263061,
      0.8467099065873952,
      0.845588489687164,
      0.8467399329614854,
      0.8475707767754715,
      0.8483605274622175,
      0.8465948704909283,
      0.8476134203786563,
      0.8484170951433491,
      0.8492785251709654,
      0.8480391074710149,
      0.8469327021377167,
      0.8469720100027085,
      0.8459607290041303,
      0.8486532536163106,
      0.8473919720860851
    ],
    "lr": [
      0.0009997532801828658,
      0.0009990133642141358,
      0.00099778098230154,
      0.000996057350657239,
      0.0009938441702975688,
      0.0009911436253643444,
      0.0009879583809693736,
      0.0009842915805643154,
      0.0009801468428384714,
      0.0009755282581475767,
      0.0009704403844771127,
      0.0009648882429441257,
      0.0009588773128419905,
      0.0009524135262330098,
      0.0009455032620941839,
      0.0009381533400219318,
      0.0009303710135019719,
      0.0009221639627510076,
      0.000913540287137281,
      0.0009045084971874739,
      0.0008950775061878452,
      0.0008852566213878947,
      0.0008750555348152298,
      0.0008644843137107057,
      0.0008535533905932737,
      0.0008422735529643444,
      0.0008306559326618259,
      0.0008187119948743449,
      0.0008064535268264883,
      0.0007938926261462367,
      0.0007810416889260654,
      0.0007679133974894983,
      0.0007545207078751857,
      0.0007408768370508577,
      0.0007269952498697734,
      0.0007128896457825364,
      0.0006985739453173903,
      0.0006840622763423391,
      0.0006693689601226458,
      0.0006545084971874737,
      0.0006394955530196147,
      0.0006243449435824273,
      0.0006090716206982714,
      0.0005936906572928625,
      0.0005782172325201156,
      0.0005626666167821523,
      0.0005470541566592572,
      0.0005313952597646569,
      0.0005157053795390643,
      0.0005000000000000002,
      0.00048429462046093607,
      0.0004686047402353435,
      0.000452945843340743,
      0.00043733338321784806,
      0.0004217827674798847,
      0.00040630934270713783,
      0.000390928379301729,
      0.0003756550564175727,
      0.00036050444698038553,
      0.00034549150281252655,
      0.0003306310398773544,
      0.00031593772365766127,
      0.0003014260546826097,
      0.0002871103542174637,
      0.0002730047501302267,
      0.00025912316294914234,
      0.0002454792921248144,
      0.00023208660251050164,
      0.00021895831107393473,
      0.00020610737385376356,
      0.00019354647317351177,
      0.0001812880051256552,
      0.00016934406733817422,
      0.0001577264470356557,
      0.00014644660940672634,
      0.0001355156862892944
    ]
  },
  "best_val_dice": 0.849418512808746,
  "best_epoch": 56,
  "per_slice_metrics_file": "dinov3_vits16_conv_decoder_20260418_164812_per_slice.csv",
  "n_test_slices": 3154,
  "per_stack_metrics_file": "dinov3_vits16_conv_decoder_20260418_164812_per_stack.csv",
  "n_test_stacks": 268
}