{
  "config": {
    "dataset": "mnm",
    "backbone": "sam2",
    "model_name": "sam2_1_hiera_base_plus",
    "decoder": "unetr",
    "embed_dim": 448,
    "cache_layers": [
      6,
      11,
      16,
      21
    ],
    "probe_layers": [
      6,
      11,
      16,
      21
    ],
    "lr": 0.001,
    "weight_decay": 0.001,
    "batch_size": 16,
    "n_epochs": 100,
    "patience": 20,
    "seed": 0,
    "trainable_params": 32737188
  },
  "per_class_dice": {
    "BG": 0.9913230726254435,
    "RV": 0.8311729534826775,
    "MYO": 0.7704300777426908,
    "LV": 0.8941718754943806
  },
  "macro_dice": 0.831924968906583,
  "training_history": {
    "train_loss": [
      1.7385917901992798,
      1.0748805654676337,
      0.8726363527147394,
      0.7451173945477134,
      0.6488431943090338,
      0.5402744600647374,
      0.43819002101295873,
      0.3940382646886926,
      0.36170424442542226,
      0.3461666891449376,
      0.34276629592242996,
      0.31037031976800217,
      0.2858798660730061,
      0.27003082084028346,
      0.25357785899388163,
      0.24228182591890035,
      0.22319288238098747,
      0.21090323987760043,
      0.19311388072214627,
      0.18789381180938922,
      0.19108778708859495,
      0.17959311996635638,
      0.17131925491910233,
      0.1540289121238809,
      0.14525165918626284,
      0.14323725355298897,
      0.14284914810406535,
      0.15018414745205327,
      0.14278990736133174,
      0.1284763534602366,
      0.11732569532959085,
      0.11157674930597607,
      0.12028904023923372,
      0.12312023655364387,
      0.13536882988716425,
      0.11761695930832311,
      0.10855891163411893,
      0.10561071846045945,
      0.10228739992568367,
      0.10064267131843065,
      0.10013329786689658,
      0.0922257261056649,
      0.0879751855605527,
      0.08358328946326908,
      0.08210797294190056,
      0.08427428101238452,
      0.08367956939496492,
      0.08102663096628691,
      0.07960741182691172,
      0.07780703510108747,
      0.07655644456022664,
      0.07493593582981511,
      0.07250667559473138,
      0.07050381247934542,
      0.06875711561817872,
      0.06717230497222197,
      0.06618596613407135,
      0.06547929934765163,
      0.06436076034840785,
      0.06460836921867572,
      0.0649088932887504,
      0.06434097846871928
    ],
    "val_macro_dice": [
      0.38176430064265093,
      0.5422629892829487,
      0.6041984483007429,
      0.7108658455619005,
      0.7181605353207261,
      0.7141524803482432,
      0.7848017239337484,
      0.7647718916220435,
      0.8142018538708022,
      0.7950349124481474,
      0.8317990335327181,
      0.8181452002432418,
      0.8341310586997773,
      0.8208849904626249,
      0.8336072135129139,
      0.8383490893213007,
      0.8462032732421374,
      0.8368882785772646,
      0.8410297562567304,
      0.8454380074539563,
      0.8384160687744372,
      0.8402498926968295,
      0.8423226994006984,
      0.8434302209106622,
      0.8440197835224007,
      0.8502650598807421,
      0.8382280647742467,
      0.8348713567702432,
      0.8434936733102051,
      0.8475321076982446,
      0.8500350500302849,
      0.8484181282516632,
      0.8491630400654689,
      0.8438390091037511,
      0.8412704282128343,
      0.8439486459179286,
      0.8502307891667549,
      0.852697508299786,
      0.8502329035101464,
      0.8537321346762935,
      0.8480146695809284,
      0.8562428939022313,
      0.8519001256311681,
      0.8539211637396642,
      0.8535356473945255,
      0.8542508704924626,
      0.8477527657161527,
      0.8515276696893351,
      0.8493582159539791,
      0.8533266283739555,
      0.849733844276377,
      0.8509644878772228,
      0.8520439725794261,
      0.8510460735284919,
      0.8513457146314067,
      0.8481873496689758,
      0.8523508527438836,
      0.8500955888197184,
      0.8496407836294807,
      0.8488139311601715,
      0.8492712970981943,
      0.8501268807451513
    ],
    "lr": [
      0.0009997532801828658,
      0.0009990133642141358,
      0.00099778098230154,
      0.000996057350657239,
      0.0009938441702975688,
      0.0009911436253643444,
      0.0009879583809693736,
      0.0009842915805643154,
      0.0009801468428384714,
      0.0009755282581475767,
      0.0009704403844771127,
      0.0009648882429441257,
      0.0009588773128419905,
      0.0009524135262330098,
      0.0009455032620941839,
      0.0009381533400219318,
      0.0009303710135019719,
      0.0009221639627510076,
      0.000913540287137281,
      0.0009045084971874739,
      0.0008950775061878452,
      0.0008852566213878947,
      0.0008750555348152298,
      0.0008644843137107057,
      0.0008535533905932737,
      0.0008422735529643444,
      0.0008306559326618259,
      0.0008187119948743449,
      0.0008064535268264883,
      0.0007938926261462367,
      0.0007810416889260654,
      0.0007679133974894983,
      0.0007545207078751857,
      0.0007408768370508577,
      0.0007269952498697734,
      0.0007128896457825364,
      0.0006985739453173903,
      0.0006840622763423391,
      0.0006693689601226458,
      0.0006545084971874737,
      0.0006394955530196147,
      0.0006243449435824273,
      0.0006090716206982714,
      0.0005936906572928625,
      0.0005782172325201156,
      0.0005626666167821523,
      0.0005470541566592572,
      0.0005313952597646569,
      0.0005157053795390643,
      0.0005000000000000002,
      0.00048429462046093607,
      0.0004686047402353435,
      0.000452945843340743,
      0.00043733338321784806,
      0.0004217827674798847,
      0.00040630934270713783,
      0.000390928379301729,
      0.0003756550564175727,
      0.00036050444698038553,
      0.00034549150281252655,
      0.0003306310398773544,
      0.00031593772365766127
    ]
  },
  "best_val_dice": 0.8562428939022313,
  "best_epoch": 42,
  "per_sample_metrics_file": "sam2_1_hiera_base_plus_unetr_20260421_141331_per_sample.csv",
  "n_test_samples": 268,
  "per_slice_metrics_file": "sam2_1_hiera_base_plus_unetr_20260421_141331_per_slice.csv",
  "n_test_slices": 3154
}