{
  "config": {
    "dataset": "mnm",
    "backbone": "sam2",
    "model_name": "sam2_1_hiera_large",
    "decoder": "linear_probe",
    "embed_dim": 576,
    "cache_layers": [
      9,
      21,
      33,
      44
    ],
    "probe_layers": [
      44
    ],
    "lr": 0.001,
    "weight_decay": 0.001,
    "batch_size": 16,
    "n_epochs": 100,
    "patience": 20,
    "seed": 0,
    "trainable_params": 3460
  },
  "per_class_dice": {
    "BG": 0.9882415614495351,
    "RV": 0.7486695659389898,
    "MYO": 0.6786655657354391,
    "LV": 0.8395476472351859
  },
  "macro_dice": 0.7556275929698716,
  "training_history": {
    "train_loss": [
      0.9832832668766831,
      0.4757873768156225,
      0.447691033584903,
      0.43186896000847674,
      0.42275769617220366,
      0.4172799265143847,
      0.4115288058916728,
      0.4134883547973151,
      0.4106144164547776,
      0.40738148219657666,
      0.40410206173405505,
      0.4049263038117476,
      0.40385803866266,
      0.3993420939553868,
      0.4006901609175133,
      0.39998899550751005,
      0.39795053215942,
      0.39931919207476607,
      0.3964854283164246,
      0.39701790565794165,
      0.397984947520073,
      0.3973112678287005,
      0.3959837713927934,
      0.3962500894611532,
      0.39587645067109,
      0.39439445237318677,
      0.3973620031217132,
      0.39707886043823126,
      0.39619516257685844,
      0.39643037529906844,
      0.397973955881716,
      0.40055719680256313,
      0.39744591457073136,
      0.39812006583117476,
      0.3939484533938495,
      0.39524750878112486,
      0.39311380880047575,
      0.39517119391398,
      0.39672179098683175,
      0.39521202926683907,
      0.3949183937576082,
      0.3978440600513208,
      0.3930710137191445,
      0.39669818860111816,
      0.3967012728404517,
      0.39423801441385287,
      0.3931132663380016,
      0.3952230266248337,
      0.392186503819745,
      0.39531189474192535,
      0.393159165075331,
      0.39565548436208203,
      0.3930414865414302,
      0.39349780495118614,
      0.39415748763566066,
      0.3957996359377196,
      0.393215865799875,
      0.3938011379555018,
      0.39213602741559345,
      0.39142733706970406,
      0.3918520347638564,
      0.39236285695523926,
      0.3914958005300676,
      0.39511877433820203,
      0.39316505223813686,
      0.38890538236709554,
      0.39009656328143494,
      0.38981423113081193,
      0.3908611492376135,
      0.3920086610196817,
      0.3931934768804396,
      0.392491456836161,
      0.39487635517361186,
      0.3925564978459869,
      0.3898801836702559,
      0.39411974209125594,
      0.3919832944267928
    ],
    "val_macro_dice": [
      0.7125758428025262,
      0.7339896409438129,
      0.7437503243746512,
      0.7504385484887087,
      0.7542115829778803,
      0.7574352925475498,
      0.7580085740061163,
      0.7603173164022013,
      0.7614120065812654,
      0.7614882598708327,
      0.7636156285308893,
      0.7650101812813014,
      0.7675316467587553,
      0.7669618064958463,
      0.7678107924146197,
      0.7678228319303538,
      0.7692421580418737,
      0.7668725371336352,
      0.7687182140048794,
      0.7694512508222172,
      0.7694419446170281,
      0.7694017391743073,
      0.7698842937856121,
      0.7710795708890935,
      0.7705358412312912,
      0.771263012556521,
      0.768554204484661,
      0.7712175701578929,
      0.772250535549483,
      0.7698043731168879,
      0.7680766610961425,
      0.7706012391081453,
      0.771792321541848,
      0.7711058281508939,
      0.7717257025818464,
      0.7712390236422872,
      0.7707474740414963,
      0.7693459199628876,
      0.7716899553812812,
      0.7721965324082746,
      0.7718212254324751,
      0.7723712369788466,
      0.7715780607623651,
      0.7721346384010851,
      0.7715895891429626,
      0.7720300835604145,
      0.7714357502489947,
      0.7720069333367837,
      0.7724132179258754,
      0.7725397668594374,
      0.772206317581151,
      0.7721198061165685,
      0.7719744538467933,
      0.7716838675774462,
      0.771335316974405,
      0.7720213994354674,
      0.7726943367072892,
      0.7724269007841311,
      0.7723392621488783,
      0.7723559062428955,
      0.7722789376268194,
      0.7717917345421011,
      0.7725077262613532,
      0.7723745019678088,
      0.7725339083015247,
      0.7722712665699345,
      0.7725282204687586,
      0.772216732110679,
      0.7726443064583006,
      0.7722141693329826,
      0.7724075914082479,
      0.7726042670712708,
      0.7725432375299581,
      0.7721425023502334,
      0.7725748197364514,
      0.7726837750100208,
      0.7724576729684617
    ],
    "lr": [
      0.0009997532801828658,
      0.0009990133642141358,
      0.00099778098230154,
      0.000996057350657239,
      0.0009938441702975688,
      0.0009911436253643444,
      0.0009879583809693736,
      0.0009842915805643154,
      0.0009801468428384714,
      0.0009755282581475767,
      0.0009704403844771127,
      0.0009648882429441257,
      0.0009588773128419905,
      0.0009524135262330098,
      0.0009455032620941839,
      0.0009381533400219318,
      0.0009303710135019719,
      0.0009221639627510076,
      0.000913540287137281,
      0.0009045084971874739,
      0.0008950775061878452,
      0.0008852566213878947,
      0.0008750555348152298,
      0.0008644843137107057,
      0.0008535533905932737,
      0.0008422735529643444,
      0.0008306559326618259,
      0.0008187119948743449,
      0.0008064535268264883,
      0.0007938926261462367,
      0.0007810416889260654,
      0.0007679133974894983,
      0.0007545207078751857,
      0.0007408768370508577,
      0.0007269952498697734,
      0.0007128896457825364,
      0.0006985739453173903,
      0.0006840622763423391,
      0.0006693689601226458,
      0.0006545084971874737,
      0.0006394955530196147,
      0.0006243449435824273,
      0.0006090716206982714,
      0.0005936906572928625,
      0.0005782172325201156,
      0.0005626666167821523,
      0.0005470541566592572,
      0.0005313952597646569,
      0.0005157053795390643,
      0.0005000000000000002,
      0.00048429462046093607,
      0.0004686047402353435,
      0.000452945843340743,
      0.00043733338321784806,
      0.0004217827674798847,
      0.00040630934270713783,
      0.000390928379301729,
      0.0003756550564175727,
      0.00036050444698038553,
      0.00034549150281252655,
      0.0003306310398773544,
      0.00031593772365766127,
      0.0003014260546826097,
      0.0002871103542174637,
      0.0002730047501302267,
      0.00025912316294914234,
      0.0002454792921248144,
      0.00023208660251050164,
      0.00021895831107393473,
      0.00020610737385376356,
      0.00019354647317351177,
      0.0001812880051256552,
      0.00016934406733817422,
      0.0001577264470356557,
      0.00014644660940672634,
      0.0001355156862892944,
      0.00012494446518477025
    ]
  },
  "best_val_dice": 0.7726943367072892,
  "best_epoch": 57,
  "per_slice_metrics_file": "sam2_1_hiera_large_linear_probe_20260422_160710_per_slice.csv",
  "n_test_slices": 3154,
  "per_stack_metrics_file": "sam2_1_hiera_large_linear_probe_20260422_160710_per_stack.csv",
  "n_test_stacks": 268
}