{
  "config": {
    "dataset": "mnm",
    "backbone": "sam2",
    "model_name": "sam2_1_hiera_small",
    "decoder": "unetr",
    "embed_dim": 384,
    "cache_layers": [
      4,
      7,
      11,
      14
    ],
    "probe_layers": [
      4,
      7,
      11,
      14
    ],
    "lr": 0.001,
    "weight_decay": 0.001,
    "batch_size": 16,
    "n_epochs": 100,
    "patience": 20,
    "seed": 0,
    "trainable_params": 31016868
  },
  "per_class_dice": {
    "BG": 0.991099752598122,
    "RV": 0.8342831818314761,
    "MYO": 0.7583964593606005,
    "LV": 0.8973000982444228
  },
  "macro_dice": 0.8299932464788332,
  "training_history": {
    "train_loss": [
      1.661973426216527,
      0.9752428688501057,
      0.7268382342238175,
      0.5877833178168849,
      0.5214162343426755,
      0.47108280345013265,
      0.4213039733861622,
      0.4002300563611482,
      0.3614803803594489,
      0.3373522460460663,
      0.3210347859483016,
      0.29611353811464813,
      0.27662816330006246,
      0.26499649803889425,
      0.23834523558616638,
      0.22322511280837812,
      0.20490673968666478,
      0.18696652980227219,
      0.17419280503925524,
      0.16832560065545535,
      0.16426952340100942,
      0.16631980710907987,
      0.15405498680315519,
      0.1592763011392794,
      0.15303529955838857,
      0.14730037121396317,
      0.14106969064787814,
      0.1305707344099095,
      0.11882893035286352,
      0.11403780312914598,
      0.11931296124270088,
      0.11807585233136227,
      0.11875282973051071,
      0.11292145401239395,
      0.11006072281222594,
      0.10667266500623603,
      0.10000156924912804,
      0.09419143827337968,
      0.08969742451843463,
      0.08751222412837178,
      0.08504634742674075,
      0.08403274064001284,
      0.08197589336257231,
      0.07938856396235917,
      0.07708648670660823,
      0.07553847643889879,
      0.07441629665462594,
      0.0741231370913355,
      0.07451120528735612,
      0.0738390127294942,
      0.07280047551581734,
      0.07034399242777574,
      0.06904003494664242,
      0.0683365479895943,
      0.06746289212452738,
      0.06757762557581852,
      0.06684028670976036,
      0.06516787762704648,
      0.06390975827449247,
      0.06335397280360523,
      0.06325955061536086,
      0.06302405834982269,
      0.06154216845568858,
      0.06040497163408681,
      0.059608070081786105,
      0.05907784029841423,
      0.05837172877631689,
      0.05736748599692395
    ],
    "val_macro_dice": [
      0.40601185792197886,
      0.5652391167855985,
      0.6519515008323272,
      0.7473687287960441,
      0.769495937547212,
      0.7567042925427488,
      0.7630211720840269,
      0.7789691543400231,
      0.8116105146819237,
      0.8041694788493512,
      0.8232092056081587,
      0.8045163028206505,
      0.8360560335741171,
      0.8309793617356975,
      0.8366457731493434,
      0.8384370177841824,
      0.8436340071507686,
      0.8434212986363425,
      0.8402668267698172,
      0.8417704623333893,
      0.8437325162112849,
      0.8409991444359469,
      0.8503562012376188,
      0.8505355647844342,
      0.8441357990470012,
      0.8475936157197977,
      0.8494018521563649,
      0.8521482428664765,
      0.8441725723822354,
      0.8465830075746282,
      0.8449686495017147,
      0.8432186067202802,
      0.8495511792389747,
      0.8520465705379155,
      0.849581711882907,
      0.8520398666914453,
      0.8520351340388096,
      0.8524374692565567,
      0.8499471341506979,
      0.8522184880460749,
      0.8471688376351003,
      0.8515188619583358,
      0.8524453961336208,
      0.8512725755477141,
      0.8519942790957623,
      0.8527944486328516,
      0.8509136899457389,
      0.8537266487802356,
      0.8519127540556273,
      0.8516991052566483,
      0.8501252433546259,
      0.8504331940536948,
      0.8508043348024806,
      0.8513531537588969,
      0.8512068737226309,
      0.8511679183423727,
      0.8510600235263199,
      0.8516323713009216,
      0.8506334790644736,
      0.8498493850769971,
      0.8521483953127492,
      0.8511978059208465,
      0.852154271136393,
      0.8501052208564773,
      0.8507781970516222,
      0.8498984291964921,
      0.8506077869500982,
      0.8506778617357774
    ],
    "lr": [
      0.0009997532801828658,
      0.0009990133642141358,
      0.00099778098230154,
      0.000996057350657239,
      0.0009938441702975688,
      0.0009911436253643444,
      0.0009879583809693736,
      0.0009842915805643154,
      0.0009801468428384714,
      0.0009755282581475767,
      0.0009704403844771127,
      0.0009648882429441257,
      0.0009588773128419905,
      0.0009524135262330098,
      0.0009455032620941839,
      0.0009381533400219318,
      0.0009303710135019719,
      0.0009221639627510076,
      0.000913540287137281,
      0.0009045084971874739,
      0.0008950775061878452,
      0.0008852566213878947,
      0.0008750555348152298,
      0.0008644843137107057,
      0.0008535533905932737,
      0.0008422735529643444,
      0.0008306559326618259,
      0.0008187119948743449,
      0.0008064535268264883,
      0.0007938926261462367,
      0.0007810416889260654,
      0.0007679133974894983,
      0.0007545207078751857,
      0.0007408768370508577,
      0.0007269952498697734,
      0.0007128896457825364,
      0.0006985739453173903,
      0.0006840622763423391,
      0.0006693689601226458,
      0.0006545084971874737,
      0.0006394955530196147,
      0.0006243449435824273,
      0.0006090716206982714,
      0.0005936906572928625,
      0.0005782172325201156,
      0.0005626666167821523,
      0.0005470541566592572,
      0.0005313952597646569,
      0.0005157053795390643,
      0.0005000000000000002,
      0.00048429462046093607,
      0.0004686047402353435,
      0.000452945843340743,
      0.00043733338321784806,
      0.0004217827674798847,
      0.00040630934270713783,
      0.000390928379301729,
      0.0003756550564175727,
      0.00036050444698038553,
      0.00034549150281252655,
      0.0003306310398773544,
      0.00031593772365766127,
      0.0003014260546826097,
      0.0002871103542174637,
      0.0002730047501302267,
      0.00025912316294914234,
      0.0002454792921248144,
      0.00023208660251050164
    ]
  },
  "best_val_dice": 0.8537266487802356,
  "best_epoch": 48,
  "per_sample_metrics_file": "sam2_1_hiera_small_unetr_20260421_141249_per_sample.csv",
  "n_test_samples": 268,
  "per_slice_metrics_file": "sam2_1_hiera_small_unetr_20260421_141249_per_slice.csv",
  "n_test_slices": 3154
}