{
  "config": {
    "dataset": "mnm",
    "backbone": "sam2",
    "model_name": "sam2_1_hiera_large",
    "decoder": "unetr",
    "embed_dim": 576,
    "cache_layers": [
      9,
      21,
      33,
      44
    ],
    "probe_layers": [
      9,
      21,
      33,
      44
    ],
    "lr": 0.001,
    "weight_decay": 0.001,
    "batch_size": 16,
    "n_epochs": 100,
    "patience": 20,
    "seed": 0,
    "trainable_params": 36177828
  },
  "per_class_dice": {
    "BG": 0.9915142795210506,
    "RV": 0.842733367146088,
    "MYO": 0.7713199942207869,
    "LV": 0.8987887071367073
  },
  "macro_dice": 0.8376140228345275,
  "training_history": {
    "train_loss": [
      1.6368724860643085,
      0.9524578295255962,
      0.7139170201201188,
      0.5891731287303724,
      0.5108958341573414,
      0.44520251217641327,
      0.4036352399148439,
      0.3882727419075213,
      0.35349308189592865,
      0.329250178839031,
      0.30321029456038223,
      0.28826602979710225,
      0.28066735832314743,
      0.26257102662011195,
      0.2500580525711963,
      0.22908898560624374,
      0.20501118663110232,
      0.2055191523150394,
      0.19385093215264773,
      0.18117423590860868,
      0.1785379593309603,
      0.1611288746720866,
      0.15477389803058222,
      0.15936787897034696,
      0.15312854867232473,
      0.15441542001147018,
      0.142670402401372,
      0.1292164506096589,
      0.1199553906917572,
      0.11655073965850629,
      0.11344304288688459,
      0.11444937124064095,
      0.1116318836023933,
      0.10540523968244854,
      0.10428612875310998,
      0.09827893384193119,
      0.09788187083445098,
      0.09849457011411064,
      0.09710762375279476,
      0.09780751207941457,
      0.09078202710339897,
      0.08477549843097988,
      0.08302521156637292,
      0.08076481403488862,
      0.0814273126031223,
      0.08106763033490431,
      0.08015416444916475,
      0.07861743043912084,
      0.07600029401089016,
      0.07333187758922577,
      0.07130755248822664,
      0.06959553729546697,
      0.07081815757249531,
      0.07066716057689566
    ],
    "val_macro_dice": [
      0.47646922855885426,
      0.5879462440001704,
      0.6825620320941764,
      0.7202535588325517,
      0.7663150834888762,
      0.775498506873336,
      0.7829187946366067,
      0.7804089553544323,
      0.8212038741175752,
      0.8209234190741402,
      0.827103146113771,
      0.83670078321591,
      0.8304404037742393,
      0.8458023709888572,
      0.8170336922392439,
      0.834285015352792,
      0.8502580645953138,
      0.828079239917992,
      0.8358177962581013,
      0.8342270852989305,
      0.8501311225763738,
      0.8515365518479033,
      0.8474400276933512,
      0.8521071704136468,
      0.8279971175939763,
      0.8492500078495043,
      0.8488809870653441,
      0.8507715200020183,
      0.8470890317896393,
      0.8554299804156197,
      0.854251689477063,
      0.8448015992359997,
      0.8550071545669155,
      0.8569015081419012,
      0.850899808086126,
      0.8534597367137443,
      0.847597845945521,
      0.8505880678782809,
      0.8522887763142926,
      0.8566384140666051,
      0.854302073419972,
      0.8567802557720349,
      0.8492621826050234,
      0.8538878788563918,
      0.8559127499948036,
      0.8525831360473971,
      0.8562442865478687,
      0.8543279843744133,
      0.8533414508771808,
      0.8531772222228567,
      0.8540550268084389,
      0.8551901808725556,
      0.8550924481181843,
      0.8527201225059354
    ],
    "lr": [
      0.0009997532801828658,
      0.0009990133642141358,
      0.00099778098230154,
      0.000996057350657239,
      0.0009938441702975688,
      0.0009911436253643444,
      0.0009879583809693736,
      0.0009842915805643154,
      0.0009801468428384714,
      0.0009755282581475767,
      0.0009704403844771127,
      0.0009648882429441257,
      0.0009588773128419905,
      0.0009524135262330098,
      0.0009455032620941839,
      0.0009381533400219318,
      0.0009303710135019719,
      0.0009221639627510076,
      0.000913540287137281,
      0.0009045084971874739,
      0.0008950775061878452,
      0.0008852566213878947,
      0.0008750555348152298,
      0.0008644843137107057,
      0.0008535533905932737,
      0.0008422735529643444,
      0.0008306559326618259,
      0.0008187119948743449,
      0.0008064535268264883,
      0.0007938926261462367,
      0.0007810416889260654,
      0.0007679133974894983,
      0.0007545207078751857,
      0.0007408768370508577,
      0.0007269952498697734,
      0.0007128896457825364,
      0.0006985739453173903,
      0.0006840622763423391,
      0.0006693689601226458,
      0.0006545084971874737,
      0.0006394955530196147,
      0.0006243449435824273,
      0.0006090716206982714,
      0.0005936906572928625,
      0.0005782172325201156,
      0.0005626666167821523,
      0.0005470541566592572,
      0.0005313952597646569,
      0.0005157053795390643,
      0.0005000000000000002,
      0.00048429462046093607,
      0.0004686047402353435,
      0.000452945843340743,
      0.00043733338321784806
    ]
  },
  "best_val_dice": 0.8569015081419012,
  "best_epoch": 34,
  "per_sample_metrics_file": "sam2_1_hiera_large_unetr_20260421_141331_per_sample.csv",
  "n_test_samples": 268,
  "per_slice_metrics_file": "sam2_1_hiera_large_unetr_20260421_141331_per_slice.csv",
  "n_test_slices": 3154
}