{
  "config": {
    "dataset": "mnm",
    "backbone": "sam2",
    "model_name": "sam2_1_hiera_small",
    "decoder": "linear_probe",
    "embed_dim": 384,
    "cache_layers": [
      4,
      7,
      11,
      14
    ],
    "probe_layers": [
      14
    ],
    "lr": 0.001,
    "weight_decay": 0.001,
    "batch_size": 16,
    "n_epochs": 100,
    "patience": 20,
    "seed": 0,
    "trainable_params": 2308
  },
  "per_class_dice": {
    "BG": 0.987368157473162,
    "RV": 0.7251540583787227,
    "MYO": 0.6585868038547167,
    "LV": 0.8396636120993191
  },
  "macro_dice": 0.7411348247775861,
  "training_history": {
    "train_loss": [
      1.0473854153445272,
      0.4958947577861824,
      0.46380945799326656,
      0.44531929673570575,
      0.4364258421189857,
      0.42931498481769753,
      0.42486903041300145,
      0.4233072373000058,
      0.42143173711468473,
      0.4201335116769328,
      0.41790348261293736,
      0.41728501940014384,
      0.4171200087576201,
      0.41274066510224583,
      0.41474353996190155,
      0.41406382259094354,
      0.41314231506501786,
      0.41417531202537844,
      0.40858294310593846,
      0.41136969836673354,
      0.41037907489020414,
      0.41149845854802564,
      0.4118376195129722,
      0.4110461419278925,
      0.4095486196303608,
      0.40842686262395644,
      0.41206208157418955,
      0.4124099997558979,
      0.40725456930772225,
      0.40746530724896324,
      0.4096233772509026,
      0.41438953608575496,
      0.41136712889478666,
      0.40937801352655045,
      0.41020052556437675,
      0.40965485723331724,
      0.40827669564521674,
      0.4083177615897824,
      0.41126662327183616,
      0.40659460937133945,
      0.40812031352760814,
      0.40918459540063684,
      0.40670942281833805,
      0.4078807337115509,
      0.4086553669638104,
      0.40656565957599217,
      0.4073491736192896,
      0.4064778488392782,
      0.4062417105893896,
      0.40794495967301453,
      0.40769149649022807,
      0.41027709826676534,
      0.4073138530507232,
      0.40949011646737954,
      0.41142418423686367,
      0.40867240486120937,
      0.41175450219048393,
      0.40964387522803414,
      0.4058600524158189,
      0.4075106346245968,
      0.4084687214909178
    ],
    "val_macro_dice": [
      0.6845243923586347,
      0.7164501525375996,
      0.7283948694613688,
      0.7366009391531113,
      0.7401619429714198,
      0.7450638403841601,
      0.7471136943644187,
      0.7486057533791248,
      0.7500198112915447,
      0.7509911772656386,
      0.7524401274817322,
      0.7533425401071159,
      0.7552156081728358,
      0.7535438486761207,
      0.7557124075428114,
      0.7556422761413831,
      0.7567325660170381,
      0.7552495314655695,
      0.7567791183596912,
      0.7560628444603142,
      0.7568498861116493,
      0.7573540338066582,
      0.7584045899280696,
      0.7585688593381615,
      0.758853709887429,
      0.7577885525022325,
      0.7575846993506881,
      0.75840697692475,
      0.7592215837433726,
      0.7577734887998963,
      0.7587206173969251,
      0.7587787912233832,
      0.7592932363458916,
      0.7589251732798815,
      0.7593717085668689,
      0.7589275058935723,
      0.7594329848462364,
      0.7586270413304357,
      0.7598743789490174,
      0.7603863710249357,
      0.7606967991747166,
      0.7596343520595399,
      0.7594488270107901,
      0.7601320872990459,
      0.7591141062033948,
      0.7591662801220435,
      0.7587605970073472,
      0.7594847973175968,
      0.7587003252406701,
      0.759835921208804,
      0.7595687539361999,
      0.7595062306808679,
      0.7592601480582944,
      0.7594329677818145,
      0.7592200795297366,
      0.7593630874661869,
      0.7599772900242098,
      0.759849716233353,
      0.7603666561946588,
      0.7597476040309971,
      0.7596979602095179
    ],
    "lr": [
      0.0009997532801828658,
      0.0009990133642141358,
      0.00099778098230154,
      0.000996057350657239,
      0.0009938441702975688,
      0.0009911436253643444,
      0.0009879583809693736,
      0.0009842915805643154,
      0.0009801468428384714,
      0.0009755282581475767,
      0.0009704403844771127,
      0.0009648882429441257,
      0.0009588773128419905,
      0.0009524135262330098,
      0.0009455032620941839,
      0.0009381533400219318,
      0.0009303710135019719,
      0.0009221639627510076,
      0.000913540287137281,
      0.0009045084971874739,
      0.0008950775061878452,
      0.0008852566213878947,
      0.0008750555348152298,
      0.0008644843137107057,
      0.0008535533905932737,
      0.0008422735529643444,
      0.0008306559326618259,
      0.0008187119948743449,
      0.0008064535268264883,
      0.0007938926261462367,
      0.0007810416889260654,
      0.0007679133974894983,
      0.0007545207078751857,
      0.0007408768370508577,
      0.0007269952498697734,
      0.0007128896457825364,
      0.0006985739453173903,
      0.0006840622763423391,
      0.0006693689601226458,
      0.0006545084971874737,
      0.0006394955530196147,
      0.0006243449435824273,
      0.0006090716206982714,
      0.0005936906572928625,
      0.0005782172325201156,
      0.0005626666167821523,
      0.0005470541566592572,
      0.0005313952597646569,
      0.0005157053795390643,
      0.0005000000000000002,
      0.00048429462046093607,
      0.0004686047402353435,
      0.000452945843340743,
      0.00043733338321784806,
      0.0004217827674798847,
      0.00040630934270713783,
      0.000390928379301729,
      0.0003756550564175727,
      0.00036050444698038553,
      0.00034549150281252655,
      0.0003306310398773544
    ]
  },
  "best_val_dice": 0.7606967991747166,
  "best_epoch": 41,
  "per_slice_metrics_file": "sam2_1_hiera_small_linear_probe_20260422_160612_per_slice.csv",
  "n_test_slices": 3154,
  "per_stack_metrics_file": "sam2_1_hiera_small_linear_probe_20260422_160612_per_stack.csv",
  "n_test_stacks": 268
}