{
  "config": {
    "dataset": "mnm",
    "backbone": "sam2",
    "model_name": "sam2_1_hiera_small",
    "decoder": "conv_decoder",
    "embed_dim": 384,
    "cache_layers": [
      4,
      7,
      11,
      14
    ],
    "probe_layers": [
      4,
      7,
      11,
      14
    ],
    "lr": 0.001,
    "weight_decay": 0.001,
    "batch_size": 16,
    "n_epochs": 100,
    "patience": 20,
    "seed": 0,
    "trainable_params": 1917956
  },
  "per_class_dice": {
    "BG": 0.990431042460936,
    "RV": 0.8099900641315133,
    "MYO": 0.7587461208469889,
    "LV": 0.893033077699843
  },
  "macro_dice": 0.820589754226115,
  "training_history": {
    "train_loss": [
      0.8048518473150754,
      0.5531760618241146,
      0.49885830659456926,
      0.4630292447829487,
      0.4334509074687958,
      0.4106163469829945,
      0.39158985545538894,
      0.3813680988369566,
      0.37238533689518166,
      0.359936333063877,
      0.3467439009685709,
      0.34307828771345544,
      0.3389571788485604,
      0.32762809112818553,
      0.31052634443598565,
      0.3123221854970913,
      0.30416052510039976,
      0.2962497952911589,
      0.28846573543668996,
      0.28500078859353306,
      0.2823405418582637,
      0.28194881524100446,
      0.2725351799768631,
      0.27199744651413926,
      0.26579343091056806,
      0.25611100684512744,
      0.2529301081943994,
      0.2541769214651801,
      0.24314669015431645,
      0.24140004053561373,
      0.23792595235687314,
      0.23710850084369833,
      0.23460848065036716,
      0.2349968898025426,
      0.2244996429242269,
      0.224258426614482,
      0.223698119924526,
      0.21689316118606414,
      0.21275257853546528,
      0.21282023469908068,
      0.20560706948692148,
      0.20346289444150348,
      0.1986131217293065,
      0.19872412589764354,
      0.20112494093300115,
      0.1931298283314464,
      0.19068912454325743,
      0.18704106154465916,
      0.1874972791081727,
      0.18704791081072103,
      0.18296681487500066,
      0.17969153362392176,
      0.17815107099636637,
      0.17498274493699123,
      0.17356080441462873,
      0.17279977148229425,
      0.17103054065897008,
      0.1709343318385307,
      0.16550639106167686,
      0.16517473426130083,
      0.16314017283495028,
      0.16040803138354812,
      0.15966694102142798,
      0.1578824756422428,
      0.15692339054863863,
      0.15395124388313053,
      0.15409874419371286,
      0.15175022500934024,
      0.15053497138197977,
      0.14995112364189794,
      0.14857161831524637,
      0.14658057561727486,
      0.14658092854149413,
      0.14505555819381366,
      0.14366962470942074,
      0.14334125075526913,
      0.14224797573806058,
      0.1413777954123839,
      0.1398396161996355,
      0.13954824890301684,
      0.13891790987867297,
      0.13816305332713658,
      0.13688187391468973,
      0.13625015374837499,
      0.13507885436969574,
      0.13573632758073131,
      0.1349572767738742,
      0.1347192707236367,
      0.13402587141502986
    ],
    "val_macro_dice": [
      0.7135272586541385,
      0.7674248243734484,
      0.7488525161718096,
      0.7602759457916153,
      0.7837087478982655,
      0.8006117394969577,
      0.797198024292575,
      0.7792361409991871,
      0.8077202425857822,
      0.8017364155482927,
      0.7895423605390416,
      0.808560357773343,
      0.794212213770695,
      0.8080408614877568,
      0.8009196155401902,
      0.8080616339066783,
      0.8075866749442437,
      0.8090117133181719,
      0.8096017012164415,
      0.8164439625406327,
      0.8020140489882667,
      0.8109786456589241,
      0.8050485151564387,
      0.8069784693571488,
      0.8061986505338649,
      0.8098870814009486,
      0.8108943895733282,
      0.8249682604911209,
      0.8250652852830552,
      0.8172482542602338,
      0.8107958191539945,
      0.8154181938822136,
      0.8171926873255343,
      0.8225779833937444,
      0.8254661583056176,
      0.8232476482800317,
      0.8250252934789559,
      0.8133687789719658,
      0.8196391472503554,
      0.8161995562338767,
      0.8282355636875366,
      0.8280119247014373,
      0.8240402235171543,
      0.8278408411878345,
      0.8191861068478783,
      0.8253180278260719,
      0.824223169122933,
      0.8248476488148283,
      0.8287367177556536,
      0.8236031326878693,
      0.8251840909170851,
      0.8252444075667652,
      0.8278585656216628,
      0.825278874446687,
      0.8250859148535143,
      0.8294689317617983,
      0.8249836809262342,
      0.8270649033543825,
      0.8282195083510692,
      0.8239369200620087,
      0.8248351158647078,
      0.8276266638812014,
      0.8271522657861586,
      0.8267720633494656,
      0.8273313029355891,
      0.828311966702608,
      0.828305362835963,
      0.8274934186338752,
      0.8301319967972508,
      0.8300859671592509,
      0.826477742303941,
      0.8260720391936308,
      0.8264858229689606,
      0.8263784939206831,
      0.8296841402529034,
      0.8282983821424964,
      0.8286798468735581,
      0.8282359121026497,
      0.8300904004640982,
      0.8292035973846806,
      0.8274269663027743,
      0.8298747182665919,
      0.8292729096032624,
      0.8295550245653841,
      0.828378491815659,
      0.8294578626571522,
      0.8285896006724625,
      0.8293509301144503,
      0.8287975125751368
    ],
    "lr": [
      0.0009997532801828658,
      0.0009990133642141358,
      0.00099778098230154,
      0.000996057350657239,
      0.0009938441702975688,
      0.0009911436253643444,
      0.0009879583809693736,
      0.0009842915805643154,
      0.0009801468428384714,
      0.0009755282581475767,
      0.0009704403844771127,
      0.0009648882429441257,
      0.0009588773128419905,
      0.0009524135262330098,
      0.0009455032620941839,
      0.0009381533400219318,
      0.0009303710135019719,
      0.0009221639627510076,
      0.000913540287137281,
      0.0009045084971874739,
      0.0008950775061878452,
      0.0008852566213878947,
      0.0008750555348152298,
      0.0008644843137107057,
      0.0008535533905932737,
      0.0008422735529643444,
      0.0008306559326618259,
      0.0008187119948743449,
      0.0008064535268264883,
      0.0007938926261462367,
      0.0007810416889260654,
      0.0007679133974894983,
      0.0007545207078751857,
      0.0007408768370508577,
      0.0007269952498697734,
      0.0007128896457825364,
      0.0006985739453173903,
      0.0006840622763423391,
      0.0006693689601226458,
      0.0006545084971874737,
      0.0006394955530196147,
      0.0006243449435824273,
      0.0006090716206982714,
      0.0005936906572928625,
      0.0005782172325201156,
      0.0005626666167821523,
      0.0005470541566592572,
      0.0005313952597646569,
      0.0005157053795390643,
      0.0005000000000000002,
      0.00048429462046093607,
      0.0004686047402353435,
      0.000452945843340743,
      0.00043733338321784806,
      0.0004217827674798847,
      0.00040630934270713783,
      0.000390928379301729,
      0.0003756550564175727,
      0.00036050444698038553,
      0.00034549150281252655,
      0.0003306310398773544,
      0.00031593772365766127,
      0.0003014260546826097,
      0.0002871103542174637,
      0.0002730047501302267,
      0.00025912316294914234,
      0.0002454792921248144,
      0.00023208660251050164,
      0.00021895831107393473,
      0.00020610737385376356,
      0.00019354647317351177,
      0.0001812880051256552,
      0.00016934406733817422,
      0.0001577264470356557,
      0.00014644660940672634,
      0.0001355156862892944,
      0.00012494446518477025,
      0.00011474337861210548,
      0.00010492249381215483,
      9.549150281252637e-05,
      8.645971286271918e-05,
      7.78360372489926e-05,
      6.962898649802815e-05,
      6.184665997806824e-05,
      5.449673790581613e-05,
      4.758647376699034e-05,
      4.112268715800956e-05,
      3.511175705587434e-05,
      2.9559615522887284e-05
    ]
  },