{
  "config": {
    "dataset": "mnm",
    "backbone": "sam2",
    "model_name": "sam2_1_hiera_base_plus",
    "decoder": "conv_decoder",
    "embed_dim": 448,
    "cache_layers": [
      6,
      11,
      16,
      21
    ],
    "probe_layers": [
      6,
      11,
      16,
      21
    ],
    "lr": 0.001,
    "weight_decay": 0.001,
    "batch_size": 16,
    "n_epochs": 100,
    "patience": 20,
    "seed": 0,
    "trainable_params": 2212868
  },
  "per_class_dice": {
    "BG": 0.9901453869970526,
    "RV": 0.805407138578742,
    "MYO": 0.7545301750869642,
    "LV": 0.8877574926236647
  },
  "macro_dice": 0.8158982687631235,
  "training_history": {
    "train_loss": [
      0.7989065528216989,
      0.5607014805680574,
      0.5048036835711411,
      0.46763069190160195,
      0.43919538142103137,
      0.41643301856638204,
      0.3962750975230728,
      0.3837129059765074,
      0.3796577431035764,
      0.3548244744388744,
      0.34765185987708547,
      0.34244104670454756,
      0.33532949378996185,
      0.3197799471743179,
      0.30796369752197555,
      0.31139456209811295,
      0.2971288479789339,
      0.29021897972232163,
      0.28378342498432507,
      0.2778272665660791,
      0.2767243136209671,
      0.26980992459287545,
      0.2655279913333931,
      0.2648618831628501,
      0.25573747958799803,
      0.24837178721873446,
      0.24746285393984632,
      0.2442865708861688,
      0.2357017473138944,
      0.23178769173947247,
      0.228363276280538,
      0.23026696238854918,
      0.22418471644021043,
      0.23510667350557116,
      0.21469669488042292,
      0.21363473164312768,
      0.21206432791671367,
      0.20823473460746533,
      0.19979095218157528,
      0.20496872594260207,
      0.1969244462823627,
      0.19414234357048768,
      0.19078967216038945,
      0.18911960856481033,
      0.18505560531459672,
      0.18257297801248956,
      0.1780773861841722,
      0.17700596462295512,
      0.177932420463273,
      0.1770131711405937,
      0.1701704633205828,
      0.16692136506540606,
      0.1654399951750582,
      0.1632897714623297,
      0.16283847835629878,
      0.16086339732312194,
      0.15904173111975795,
      0.15862538951514948,
      0.1534501580577908,
      0.15288571027493236,
      0.1523436237164218,
      0.14965259336461925,
      0.1474368151917,
      0.1464359996595768,
      0.14459511020568885,
      0.14125430817254866,
      0.1413388369285097
    ],
    "val_macro_dice": [
      0.6690827774398184,
      0.7417283173692462,
      0.7249302203970037,
      0.7832912509638299,
      0.7752645970121024,
      0.8114271297309475,
      0.8000163414303132,
      0.7849033463628982,
      0.8136329188221455,
      0.79171084299869,
      0.7864659176162282,
      0.8138067421175931,
      0.792259289912213,
      0.8070591872831369,
      0.8029253266524212,
      0.7805352449874018,
      0.7932682567070198,
      0.8085181236769906,
      0.816680398894779,
      0.8185038565327286,
      0.7973697528011563,
      0.804397078707178,
      0.816692841537419,
      0.8144606272751177,
      0.8071345404009049,
      0.8199332976191246,
      0.808912545689335,
      0.8255798316543217,
      0.8132178150727102,
      0.8223784539442563,
      0.8185515423146769,
      0.8196126117446213,
      0.809752322041804,
      0.8105409113550311,
      0.8173144338711396,
      0.820984286400396,
      0.820213366531711,
      0.8156400631684909,
      0.8169125602826801,
      0.8128630821838353,
      0.826195741057901,
      0.8298501704200599,
      0.8091042857537162,
      0.8295374602550232,
      0.8242597293036344,
      0.8281366913060001,
      0.8311472404537342,
      0.8252505547102649,
      0.8214459438628582,
      0.8258206193376013,
      0.83100040429467,
      0.8188590916258693,
      0.825711053784652,
      0.826027168228594,
      0.8253784677004248,
      0.8298818824442584,
      0.8251343673053069,
      0.8250335256393022,
      0.8303325361245205,
      0.8291023068799631,
      0.8235518548293638,
      0.8266764999565339,
      0.824736336583498,
      0.826961978045042,
      0.8262180395046407,
      0.8279961941238133,
      0.8254652912073134
    ],
    "lr": [
      0.0009997532801828658,
      0.0009990133642141358,
      0.00099778098230154,
      0.000996057350657239,
      0.0009938441702975688,
      0.0009911436253643444,
      0.0009879583809693736,
      0.0009842915805643154,
      0.0009801468428384714,
      0.0009755282581475767,
      0.0009704403844771127,
      0.0009648882429441257,
      0.0009588773128419905,
      0.0009524135262330098,
      0.0009455032620941839,
      0.0009381533400219318,
      0.0009303710135019719,
      0.0009221639627510076,
      0.000913540287137281,
      0.0009045084971874739,
      0.0008950775061878452,
      0.0008852566213878947,
      0.0008750555348152298,
      0.0008644843137107057,
      0.0008535533905932737,
      0.0008422735529643444,
      0.0008306559326618259,
      0.0008187119948743449,
      0.0008064535268264883,
      0.0007938926261462367,
      0.0007810416889260654,
      0.0007679133974894983,
      0.0007545207078751857,
      0.0007408768370508577,
      0.0007269952498697734,
      0.0007128896457825364,
      0.0006985739453173903,
      0.0006840622763423391,
      0.0006693689601226458,
      0.0006545084971874737,
      0.0006394955530196147,
      0.0006243449435824273,
      0.0006090716206982714,
      0.0005936906572928625,
      0.0005782172325201156,
      0.0005626666167821523,
      0.0005470541566592572,
      0.0005313952597646569,
      0.0005157053795390643,
      0.0005000000000000002,
      0.00048429462046093607,
      0.0004686047402353435,
      0.000452945843340743,
      0.00043733338321784806,
      0.0004217827674798847,
      0.00040630934270713783,
      0.000390928379301729,
      0.0003756550564175727,
      0.00036050444698038553,
      0.00034549150281252655,
      0.0003306310398773544,
      0.00031593772365766127,
      0.0003014260546826097,
      0.0002871103542174637,
      0.0002730047501302267,
      0.00025912316294914234,
      0.0002454792921248144
    ]
  },
  "best_val_dice": 0.8311472404537342,
  "best_epoch": 47,
  "per_slice_metrics_file": "sam2_1_hiera_base_plus_conv_decoder_20260422_160715_per_slice.csv",
  "n_test_slices": 3154,
  "per_stack_metrics_file": "sam2_1_hiera_base_plus_conv_decoder_20260422_160715_per_stack.csv",
  "n_test_stacks": 268
}