{
  "config": {
    "dataset": "mnm",
    "backbone": "sam2",
    "model_name": "sam2_1_hiera_base_plus",
    "decoder": "linear_probe",
    "embed_dim": 448,
    "cache_layers": [
      6,
      11,
      16,
      21
    ],
    "probe_layers": [
      21
    ],
    "lr": 0.001,
    "weight_decay": 0.001,
    "batch_size": 16,
    "n_epochs": 100,
    "patience": 20,
    "seed": 0,
    "trainable_params": 2692
  },
  "per_class_dice": {
    "BG": 0.9870030835432128,
    "RV": 0.7156296896396995,
    "MYO": 0.6496340070213902,
    "LV": 0.8272722334132846
  },
  "macro_dice": 0.7308453100247915,
  "training_history": {
    "train_loss": [
      1.0608277579750678,
      0.5096248379259398,
      0.4785874209018669,
      0.4624469058983254,
      0.45229839330369775,
      0.44649571511480546,
      0.43927323456966516,
      0.4405268859682661,
      0.43794037567244637,
      0.4331115219328139,
      0.4333717959998834,
      0.43462595238228036,
      0.4346050052630781,
      0.429390478615809,
      0.4290937912283522,
      0.4313349448370211,
      0.42616594891355497,
      0.42919659268374394,
      0.426086796805112,
      0.42587426560695724,
      0.425004567762818,
      0.42568074211929785,
      0.427726345682385,
      0.4255775311077484,
      0.4272118483227913,
      0.4236154712811865,
      0.42573567953976715,
      0.42301250632965204,
      0.42279488661072473,
      0.42431787288550177,
      0.4238111304514336,
      0.4306309348103976,
      0.42538722792659145,
      0.4228669254466741,
      0.4233882371524368,
      0.4235604029111188,
      0.42369072259676577,
      0.4200024634900719,
      0.4265496641999543,
      0.4221322423580921,
      0.42742617654077936,
      0.42488434639844025,
      0.42056147483262146,
      0.4218303592819156,
      0.421025001490959,
      0.42205819592933463,
      0.42096107430530316,
      0.42033737205495736,
      0.41998199320802787,
      0.42230083499894,
      0.42327149724117435,
      0.4245643803868631,
      0.42121885400829895,
      0.42141795670143284,
      0.42315901153617436,
      0.42055657204955516,
      0.4218721788639974,
      0.4229456062870796,
      0.4215095440546672,
      0.4232787229497023,
      0.42054441149788674
    ],
    "val_macro_dice": [
      0.6841543858285375,
      0.7165527607451928,
      0.7278321102071535,
      0.7354514531895219,
      0.740897079132116,
      0.7442631652887073,
      0.7471941813096189,
      0.7466913632318888,
      0.7495555042357358,
      0.749472418794786,
      0.7530473818492216,
      0.7528914293770711,
      0.7535366435055013,
      0.7535315932137291,
      0.7535732833076049,
      0.7543810128633789,
      0.755648753346768,
      0.7546547160006325,
      0.7554004875037209,
      0.756864516655698,
      0.7578443448196758,
      0.7577618253666724,
      0.758149312903321,
      0.7577910610081564,
      0.7559652331060475,
      0.7575828362409012,
      0.7560883430959803,
      0.7572838405335766,
      0.7591347215152521,
      0.7573681427024797,
      0.7575584607685993,
      0.7573385380068567,
      0.7582509316955336,
      0.7590328632842502,
      0.7590096014747466,
      0.7567853400167146,
      0.7602811597191271,
      0.7592811423903135,
      0.7583814709230715,
      0.757509837662183,
      0.7604909529754997,
      0.7580953448506079,
      0.7592681377672289,
      0.7586832685788621,
      0.7585053390833733,
      0.7594710798357753,
      0.7581846400512116,
      0.7594470882721587,
      0.7582045458604845,
      0.7593937953832611,
      0.7591121794236825,
      0.759490254852745,
      0.7595836451184231,
      0.7585602495943626,
      0.7586493082563993,
      0.7589778430829205,
      0.75896375343925,
      0.7604762891320876,
      0.7599922321865739,
      0.7599073352028621,
      0.7601808986627433
    ],
    "lr": [
      0.0009997532801828658,
      0.0009990133642141358,
      0.00099778098230154,
      0.000996057350657239,
      0.0009938441702975688,
      0.0009911436253643444,
      0.0009879583809693736,
      0.0009842915805643154,
      0.0009801468428384714,
      0.0009755282581475767,
      0.0009704403844771127,
      0.0009648882429441257,
      0.0009588773128419905,
      0.0009524135262330098,
      0.0009455032620941839,
      0.0009381533400219318,
      0.0009303710135019719,
      0.0009221639627510076,
      0.000913540287137281,
      0.0009045084971874739,
      0.0008950775061878452,
      0.0008852566213878947,
      0.0008750555348152298,
      0.0008644843137107057,
      0.0008535533905932737,
      0.0008422735529643444,
      0.0008306559326618259,
      0.0008187119948743449,
      0.0008064535268264883,
      0.0007938926261462367,
      0.0007810416889260654,
      0.0007679133974894983,
      0.0007545207078751857,
      0.0007408768370508577,
      0.0007269952498697734,
      0.0007128896457825364,
      0.0006985739453173903,
      0.0006840622763423391,
      0.0006693689601226458,
      0.0006545084971874737,
      0.0006394955530196147,
      0.0006243449435824273,
      0.0006090716206982714,
      0.0005936906572928625,
      0.0005782172325201156,
      0.0005626666167821523,
      0.0005470541566592572,
      0.0005313952597646569,
      0.0005157053795390643,
      0.0005000000000000002,
      0.00048429462046093607,
      0.0004686047402353435,
      0.000452945843340743,
      0.00043733338321784806,
      0.0004217827674798847,
      0.00040630934270713783,
      0.000390928379301729,
      0.0003756550564175727,
      0.00036050444698038553,
      0.00034549150281252655,
      0.0003306310398773544
    ]
  },
  "best_val_dice": 0.7604909529754997,
  "best_epoch": 41,
  "per_slice_metrics_file": "sam2_1_hiera_base_plus_linear_probe_20260422_160631_per_slice.csv",
  "n_test_slices": 3154,
  "per_stack_metrics_file": "sam2_1_hiera_base_plus_linear_probe_20260422_160631_per_stack.csv",
  "n_test_stacks": 268
}