{
  "config": {
    "dataset": "mnm",
    "backbone": "sam2",
    "model_name": "sam2_1_hiera_large",
    "decoder": "conv_decoder",
    "embed_dim": 576,
    "cache_layers": [
      9,
      21,
      33,
      44
    ],
    "probe_layers": [
      9,
      21,
      33,
      44
    ],
    "lr": 0.001,
    "weight_decay": 0.001,
    "batch_size": 16,
    "n_epochs": 100,
    "patience": 20,
    "seed": 0,
    "trainable_params": 2802692
  },
  "per_class_dice": {
    "BG": 0.9909724896688366,
    "RV": 0.8203257459426196,
    "MYO": 0.7692469313566784,
    "LV": 0.8909119601101513
  },
  "macro_dice": 0.8268282124698164,
  "training_history": {
    "train_loss": [
      0.7861397234779416,
      0.5357316943130108,
      0.48488572224824117,
      0.45568061928556425,
      0.4274832929926689,
      0.40538518823156455,
      0.38519649749452417,
      0.3751524400831473,
      0.36654768056339687,
      0.3489216614251185,
      0.3442290863304427,
      0.33998145238317623,
      0.32838237571595896,
      0.31956214186820114,
      0.3108092038468881,
      0.3054337136522688,
      0.296425673922505,
      0.29061257794047846,
      0.28101680999753453,
      0.2752206257045871,
      0.2761700896903722,
      0.27760724836226663,
      0.2620231992367542,
      0.26356534848008495,
      0.25291863776216605,
      0.25034648676713306,
      0.2462647891405857,
      0.23851414935456383,
      0.23467868844969103,
      0.23360263789542998,
      0.23096162788193636,
      0.23200874015538378,
      0.2296545415213614,
      0.22167030503653518,
      0.21376245243079733,
      0.21324459779443164,
      0.2126238729165058,
      0.2085882977704809,
      0.20059872110082647,
      0.20208034995529386,
      0.19755061858832235,
      0.19513042338869788,
      0.19089675754910768,
      0.18707225817923595,
      0.18446869275184594,
      0.18409053725425642,
      0.17963813772105208,
      0.17574986740194184,
      0.1754787257976002,
      0.17585699395699936,
      0.17091066608525285,
      0.16953170389840097,
      0.16723073048122,
      0.1634433934408607,
      0.16264846996225493,
      0.16238072672576614,
      0.15749252331678312,
      0.15738294326295757,
      0.1534572762597089,
      0.15171103969667898,
      0.14993783549377412,
      0.14799600640180136,
      0.14680554853244263,
      0.14522803315159047,
      0.1425694776604874,
      0.14130582190071694,
      0.14148469137573483
    ],
    "val_macro_dice": [
      0.6584758147665722,
      0.7475921437876685,
      0.7639693652820091,
      0.774195966254508,
      0.7914550893425125,
      0.812040129039794,
      0.8040479228788119,
      0.7921734711542342,
      0.8037034789757955,
      0.8062592399813261,
      0.7852623851378056,
      0.7994195191067263,
      0.7824632021781528,
      0.8055752801655626,
      0.8028821209761161,
      0.8042858638768203,
      0.8018401971657161,
      0.8192748192837366,
      0.8065096763791435,
      0.8214292874986233,
      0.8145517780634247,
      0.8028298379161583,
      0.8071797825751315,
      0.8145116657398636,
      0.8055536388671346,
      0.8141167600654393,
      0.8186941756044716,
      0.8287171131836167,
      0.8233647756773785,
      0.8243454740678599,
      0.8111835950776585,
      0.8166483419210864,
      0.8237629325058179,
      0.8208234053601592,
      0.8318561340082696,
      0.8199063781781558,
      0.8213479114355856,
      0.8213358111785699,
      0.822357450758596,
      0.8277217316035971,
      0.8338682958915586,
      0.8380120028816439,
      0.8217772311889431,
      0.8297863426422181,
      0.8205274543454752,
      0.8298651017044422,
      0.8394917959117008,
      0.8322924187041835,
      0.8338121294490728,
      0.8321530093997328,
      0.8342606856186839,
      0.8306455048989773,
      0.8343877618072778,
      0.8307264623213942,
      0.8303899279399581,
      0.8383688656517384,
      0.833172555794842,
      0.8343120291211624,
      0.8346360045833755,
      0.8380954453702244,
      0.8343134117182496,
      0.8366837209192234,
      0.830292058884135,
      0.8337016886656814,
      0.8313101514156331,
      0.835874441765286,
      0.8334907564019566
    ],
    "lr": [
      0.0009997532801828658,
      0.0009990133642141358,
      0.00099778098230154,
      0.000996057350657239,
      0.0009938441702975688,
      0.0009911436253643444,
      0.0009879583809693736,
      0.0009842915805643154,
      0.0009801468428384714,
      0.0009755282581475767,
      0.0009704403844771127,
      0.0009648882429441257,
      0.0009588773128419905,
      0.0009524135262330098,
      0.0009455032620941839,
      0.0009381533400219318,
      0.0009303710135019719,
      0.0009221639627510076,
      0.000913540287137281,
      0.0009045084971874739,
      0.0008950775061878452,
      0.0008852566213878947,
      0.0008750555348152298,
      0.0008644843137107057,
      0.0008535533905932737,
      0.0008422735529643444,
      0.0008306559326618259,
      0.0008187119948743449,
      0.0008064535268264883,
      0.0007938926261462367,
      0.0007810416889260654,
      0.0007679133974894983,
      0.0007545207078751857,
      0.0007408768370508577,
      0.0007269952498697734,
      0.0007128896457825364,
      0.0006985739453173903,
      0.0006840622763423391,
      0.0006693689601226458,
      0.0006545084971874737,
      0.0006394955530196147,
      0.0006243449435824273,
      0.0006090716206982714,
      0.0005936906572928625,
      0.0005782172325201156,
      0.0005626666167821523,
      0.0005470541566592572,
      0.0005313952597646569,
      0.0005157053795390643,
      0.0005000000000000002,
      0.00048429462046093607,
      0.0004686047402353435,
      0.000452945843340743,
      0.00043733338321784806,
      0.0004217827674798847,
      0.00040630934270713783,
      0.000390928379301729,
      0.0003756550564175727,
      0.00036050444698038553,
      0.00034549150281252655,
      0.0003306310398773544,
      0.00031593772365766127,
      0.0003014260546826097,
      0.0002871103542174637,
      0.0002730047501302267,
      0.00025912316294914234,
      0.0002454792921248144
    ]
  },
  "best_val_dice": 0.8394917959117008,
  "best_epoch": 47,
  "per_slice_metrics_file": "sam2_1_hiera_large_conv_decoder_20260422_160639_per_slice.csv",
  "n_test_slices": 3154,
  "per_stack_metrics_file": "sam2_1_hiera_large_conv_decoder_20260422_160639_per_stack.csv",
  "n_test_stacks": 268
}