{
  "config": {
    "dataset": "mnm",
    "backbone": "sam",
    "model_name": "sam_vit_huge",
    "decoder": "unetr",
    "embed_dim": 1280,
    "cache_layers": [
      2,
      5,
      8,
      11
    ],
    "probe_layers": [
      2,
      5,
      8,
      11
    ],
    "lr": 0.001,
    "weight_decay": 0.001,
    "batch_size": 16,
    "n_epochs": 100,
    "patience": 20,
    "seed": 0,
    "trainable_params": 55101348
  },
  "per_class_dice": {
    "BG": 0.98971922848809,
    "RV": 0.8082707034394613,
    "MYO": 0.7409880310316616,
    "LV": 0.8772953814471484
  },
  "macro_dice": 0.8088513719727571,
  "training_history": {
    "train_loss": [
      1.669420694050036,
      0.9416636605011789,
      0.7887480227570784,
      0.6867775822940626,
      0.5919160811524642,
      0.5438634549316607,
      0.4875032446886364,
      0.4445860213355014,
      0.42974923002092463,
      0.4266243498576315,
      0.42246547811909724,
      0.4019310270485125,
      0.3503665092744325,
      0.3107173160502785,
      0.28461235761642456,
      0.25970787986328725,
      0.2431316438474153,
      0.2659847054042314,
      0.24996061936805122,
      0.24471370326845268,
      0.2295539512446052,
      0.19042101110282697,
      0.17574265363969302,
      0.17200034307806114,
      0.1582382470369339,
      0.14394411758372658,
      0.14281626124131053,
      0.1339616281421561,
      0.12545755387921081,
      0.1254327944234798,
      0.124436275347283,
      0.11766904984649859,
      0.12397584162260357,
      0.11272796125788438,
      0.1052454823726102,
      0.09839588952691931,
      0.09338713633386712,
      0.09146002640849665,
      0.0905245483705872,
      0.09052968574197669,
      0.10016338252707531,
      0.09839403433235068,
      0.08971162924641057,
      0.08257988722700822,
      0.07785614775983911,
      0.0749208589917735,
      0.0738476644221105,
      0.07539639386691545,
      0.07623157767873061,
      0.07818275690078735,
      0.07980151866611682,
      0.07744928880741722,
      0.07562873394865739,
      0.07246349085318415,
      0.06950209446643528,
      0.06787865726571334,
      0.06623213738203049,
      0.06409377545902603,
      0.06301967995731454,
      0.061682615037027155,
      0.061580117399755274
    ],
    "val_macro_dice": [
      0.5521649639894805,
      0.5685869390497623,
      0.6462001298032445,
      0.6873256547889479,
      0.6861271553162608,
      0.7088912908711963,
      0.739110242896586,
      0.7200902205344543,
      0.7558972646508337,
      0.7728684664979576,
      0.7352477255775381,
      0.7721491277017165,
      0.7980761797275218,
      0.8179789480910461,
      0.81647575741408,
      0.823336839547589,
      0.8240933462082621,
      0.803647842806348,
      0.7723917926722118,
      0.7678844658640308,
      0.8223192789303679,
      0.832072248587373,
      0.8246589356623555,
      0.8225949210998267,
      0.82347884751692,
      0.8252845826927112,
      0.827191298107869,
      0.8329788480383385,
      0.8226284833553441,
      0.836522658475417,
      0.828495445592412,
      0.8182757622215964,
      0.8369560578737221,
      0.8333906225409061,
      0.8326473268335758,
      0.829985150200211,
      0.8324897008525013,
      0.8290321308605021,
      0.8330274704508178,
      0.8260202034567535,
      0.8377197966792981,
      0.8297763620877143,
      0.8348739009849067,
      0.834136680592775,
      0.8321352552320338,
      0.8314235549504209,
      0.833361515469964,
      0.835267535137615,
      0.8314602255950728,
      0.8294032315839909,
      0.8297792410082184,
      0.8293798943874764,
      0.830850432620998,
      0.8339817934460508,
      0.830857270254772,
      0.8330385758085265,
      0.8329828614228737,
      0.832866521721523,
      0.8311961384595601,
      0.8337405949992188,
      0.8316332493430352
    ],
    "lr": [
      0.0009997532801828658,
      0.0009990133642141358,
      0.00099778098230154,
      0.000996057350657239,
      0.0009938441702975688,
      0.0009911436253643444,
      0.0009879583809693736,
      0.0009842915805643154,
      0.0009801468428384714,
      0.0009755282581475767,
      0.0009704403844771127,
      0.0009648882429441257,
      0.0009588773128419905,
      0.0009524135262330098,
      0.0009455032620941839,
      0.0009381533400219318,
      0.0009303710135019719,
      0.0009221639627510076,
      0.000913540287137281,
      0.0009045084971874739,
      0.0008950775061878452,
      0.0008852566213878947,
      0.0008750555348152298,
      0.0008644843137107057,
      0.0008535533905932737,
      0.0008422735529643444,
      0.0008306559326618259,
      0.0008187119948743449,
      0.0008064535268264883,
      0.0007938926261462367,
      0.0007810416889260654,
      0.0007679133974894983,
      0.0007545207078751857,
      0.0007408768370508577,
      0.0007269952498697734,
      0.0007128896457825364,
      0.0006985739453173903,
      0.0006840622763423391,
      0.0006693689601226458,
      0.0006545084971874737,
      0.0006394955530196147,
      0.0006243449435824273,
      0.0006090716206982714,
      0.0005936906572928625,
      0.0005782172325201156,
      0.0005626666167821523,
      0.0005470541566592572,
      0.0005313952597646569,
      0.0005157053795390643,
      0.0005000000000000002,
      0.00048429462046093607,
      0.0004686047402353435,
      0.000452945843340743,
      0.00043733338321784806,
      0.0004217827674798847,
      0.00040630934270713783,
      0.000390928379301729,
      0.0003756550564175727,
      0.00036050444698038553,
      0.00034549150281252655,
      0.0003306310398773544
    ]
  },
  "best_val_dice": 0.8377197966792981,
  "best_epoch": 41,
  "per_sample_metrics_file": "sam_vit_huge_unetr_20260502_200152_per_sample.csv",
  "n_test_samples": 268,
  "per_slice_metrics_file": "sam_vit_huge_unetr_20260502_200152_per_slice.csv",
  "n_test_slices": 3154
}
