{
  "config": {
    "dataset": "mnm",
    "backbone": "sam",
    "model_name": "sam_vit_base",
    "decoder": "unetr",
    "embed_dim": 768,
    "cache_layers": [
      2,
      5,
      8,
      11
    ],
    "probe_layers": [
      2,
      5,
      8,
      11
    ],
    "lr": 0.001,
    "weight_decay": 0.001,
    "batch_size": 16,
    "n_epochs": 100,
    "patience": 20,
    "seed": 0,
    "trainable_params": 41338788
  },
  "per_class_dice": {
    "BG": 0.9906229280379922,
    "RV": 0.8201048853755639,
    "MYO": 0.7541707124904208,
    "LV": 0.8890142434071344
  },
  "macro_dice": 0.8210966137577064,
  "training_history": {
    "train_loss": [
      1.8797645066913806,
      0.951726424066644,
      0.7094496143491644,
      0.5862943922218523,
      0.5224570428070269,
      0.4625735957371561,
      0.4108045352132697,
      0.3993568373353858,
      0.3722011164615029,
      0.37776654958724976,
      0.3185797239604749,
      0.29056752982892486,
      0.2688836612199482,
      0.2552610510273984,
      0.2402513364427968,
      0.2334335030693757,
      0.23146028502991325,
      0.20620653895955338,
      0.18330517960222145,
      0.17479059021723897,
      0.16591863491033254,
      0.15371941030025482,
      0.15946181040061147,
      0.1506694994474712,
      0.14917495689894023,
      0.1327471078226441,
      0.1266394630074501,
      0.14292496207513308,
      0.13584315619970622,
      0.12731368447604932,
      0.12035388107362546,
      0.11261837223642751,
      0.11115737573096626,
      0.10870401678900969,
      0.1035803674083007,
      0.099765251341619,
      0.09592106114876897,
      0.09186891662447076,
      0.09240379615833885,
      0.09450477910669226,
      0.0950173955214651,
      0.088800190702865,
      0.08867288733783521,
      0.08939627205070697
    ],
    "val_macro_dice": [
      0.49063804697412977,
      0.5702554883953384,
      0.6411904022153728,
      0.7067596913481484,
      0.754840148564043,
      0.768189814750348,
      0.8070912746392255,
      0.7456438886603783,
      0.7807304421064596,
      0.7816506604803138,
      0.8191421843212513,
      0.8268733845238163,
      0.8326762144594345,
      0.8153441707482271,
      0.8266247249516291,
      0.7954047462646695,
      0.8372841477368488,
      0.8341233356319862,
      0.8216774619038963,
      0.8388766753427901,
      0.8360059840855499,
      0.8405625120097954,
      0.8468022016784508,
      0.8525399992930253,
      0.839213249941506,
      0.8450243008991865,
      0.8423869582218187,
      0.8396464429581968,
      0.8458007039357028,
      0.8440288633125158,
      0.8495247340514626,
      0.8465807523553096,
      0.8521073951289506,
      0.8471242343084445,
      0.8487196018038435,
      0.8473536540504893,
      0.8471767122038751,
      0.8485261285341178,
      0.8522303634904245,
      0.8509546847026438,
      0.8489114001532876,
      0.8522379405168428,
      0.848000666072252,
      0.8471033894862806
    ],
    "lr": [
      0.0009997532801828658,
      0.0009990133642141358,
      0.00099778098230154,
      0.000996057350657239,
      0.0009938441702975688,
      0.0009911436253643444,
      0.0009879583809693736,
      0.0009842915805643154,
      0.0009801468428384714,
      0.0009755282581475767,
      0.0009704403844771127,
      0.0009648882429441257,
      0.0009588773128419905,
      0.0009524135262330098,
      0.0009455032620941839,
      0.0009381533400219318,
      0.0009303710135019719,
      0.0009221639627510076,
      0.000913540287137281,
      0.0009045084971874739,
      0.0008950775061878452,
      0.0008852566213878947,
      0.0008750555348152298,
      0.0008644843137107057,
      0.0008535533905932737,
      0.0008422735529643444,
      0.0008306559326618259,
      0.0008187119948743449,
      0.0008064535268264883,
      0.0007938926261462367,
      0.0007810416889260654,
      0.0007679133974894983,
      0.0007545207078751857,
      0.0007408768370508577,
      0.0007269952498697734,
      0.0007128896457825364,
      0.0006985739453173903,
      0.0006840622763423391,
      0.0006693689601226458,
      0.0006545084971874737,
      0.0006394955530196147,
      0.0006243449435824273,
      0.0006090716206982714,
      0.0005936906572928625
    ]
  },
  "best_val_dice": 0.8525399992930253,
  "best_epoch": 24,
  "per_sample_metrics_file": "sam_vit_base_unetr_20260502_032253_per_sample.csv",
  "n_test_samples": 268,
  "per_slice_metrics_file": "sam_vit_base_unetr_20260502_032253_per_slice.csv",
  "n_test_slices": 3154
}
