{
  "config": {
    "dataset": "mnm",
    "backbone": "sam",
    "model_name": "sam_vit_large",
    "decoder": "conv_decoder",
    "embed_dim": 1024,
    "cache_layers": [
      2,
      5,
      8,
      11
    ],
    "probe_layers": [
      2,
      5,
      8,
      11
    ],
    "lr": 0.001,
    "weight_decay": 0.001,
    "batch_size": 16,
    "n_epochs": 100,
    "patience": 20,
    "seed": 0,
    "trainable_params": 4867076
  },
  "per_class_dice": {
    "BG": 0.9883947501172374,
    "RV": 0.7527120536424001,
    "MYO": 0.7361314651831735,
    "LV": 0.8730314213503568
  },
  "macro_dice": 0.7872916467253103,
  "training_history": {
    "train_loss": [
      0.919395961845764,
      0.6604508075750235,
      0.599983484757067,
      0.5556097525839854,
      0.5256436145064807,
      0.49666805354633714,
      0.4815418217519317,
      0.4577410622979655,
      0.4548860810922854,
      0.4298516964972621,
      0.42325123136091714,
      0.4153501879085194,
      0.4024606326011696,
      0.3926862542978441,
      0.37848557486678613,
      0.37418458242006974,
      0.3648128223539603,
      0.3529282885067391,
      0.3466993799113264,
      0.34501377666237376,
      0.3386297672986984,
      0.3289512305548697,
      0.3264753354920281,
      0.31853810155933554,
      0.3092247580338006,
      0.3076883726047747,
      0.3028885312002115,
      0.29247949543324386,
      0.28528869867023793,
      0.2860350819549175,
      0.27879280438928894,
      0.2841336837772167,
      0.27823023076611336,
      0.2698369330980561,
      0.2584541742548798,
      0.2581175625173732,
      0.25429342032381985,
      0.24687194267306664,
      0.24807981860758077,
      0.2427711215133619,
      0.23870136882319595,
      0.23531820880945284,
      0.23033673707583938,
      0.22819511291354594,
      0.21987990327555723,
      0.2190623344345526,
      0.21376318574854822,
      0.21527737454332488,
      0.21054378919529193,
      0.2158936969559602,
      0.20545305401989908,
      0.2008721267785689,
      0.19832861905146126,
      0.19587821272587536,
      0.19087517743158822,
      0.19252363027948322,
      0.189593703758837,
      0.18806267017968978,
      0.18293319236148486,
      0.18207791470216983,
      0.17823609491490355,
      0.17519278997423673,
      0.17306307936557616,
      0.1700010143145166,
      0.16791633147783955,
      0.16571183502674103,
      0.16449435890624017,
      0.1618413043895153,
      0.1605557208560934,
      0.1594307002696124,
      0.1588346462960195
    ],
    "val_macro_dice": [
      0.5413245087615479,
      0.6347937629064822,
      0.6914636134279107,
      0.712631770142925,
      0.6426158291758983,
      0.7650338534635494,
      0.7652269453754609,
      0.6773145571109062,
      0.7079490780503024,
      0.721637165037572,
      0.7216728352982269,
      0.7148960614098,
      0.6827502393077229,
      0.7648100272308276,
      0.7663903651135865,
      0.7587246459506144,
      0.7342755066140123,
      0.7442208880737224,
      0.7853281339132753,
      0.7888969443347147,
      0.7737549895398993,
      0.7695360571776192,
      0.7632216870580298,
      0.7572792466856596,
      0.7697183935263849,
      0.733985675508027,
      0.7793897329493893,
      0.7897310588247638,
      0.7722244116963469,
      0.7608029629214811,
      0.7570451919168848,
      0.7727731457332331,
      0.7957539163186585,
      0.7807754747096588,
      0.7888082574254747,
      0.7821920257619633,
      0.7991173520307647,
      0.7511875073293046,
      0.7902324615455512,
      0.7854632243456162,
      0.7983907335910928,
      0.7701613005155972,
      0.7870797835517629,
      0.7947668465457864,
      0.78295656066547,
      0.8041173934218451,
      0.779916698773799,
      0.7953164953375197,
      0.7986566197358859,
      0.7721030170570707,
      0.8090129938123569,
      0.7947160852016947,
      0.7868714065061736,
      0.8039515097326023,
      0.7789854239100098,
      0.7989421645520397,
      0.7919009723455336,
      0.7974301492290906,
      0.800726439652779,
      0.8026965049620802,
      0.7890655272936257,
      0.8004538838033267,
      0.8003928193639473,
      0.8033289810053305,
      0.8018240230993038,
      0.8046682080893041,
      0.7977348556402987,
      0.8013081508047359,
      0.8042943910189347,
      0.8052085913939001,
      0.7993990923420765
    ],
    "lr": [
      0.0009997532801828658,
      0.0009990133642141358,
      0.00099778098230154,
      0.000996057350657239,
      0.0009938441702975688,
      0.0009911436253643444,
      0.0009879583809693736,
      0.0009842915805643154,
      0.0009801468428384714,
      0.0009755282581475767,
      0.0009704403844771127,
      0.0009648882429441257,
      0.0009588773128419905,
      0.0009524135262330098,
      0.0009455032620941839,
      0.0009381533400219318,
      0.0009303710135019719,
      0.0009221639627510076,
      0.000913540287137281,
      0.0009045084971874739,
      0.0008950775061878452,
      0.0008852566213878947,
      0.0008750555348152298,
      0.0008644843137107057,
      0.0008535533905932737,
      0.0008422735529643444,
      0.0008306559326618259,
      0.0008187119948743449,
      0.0008064535268264883,
      0.0007938926261462367,
      0.0007810416889260654,
      0.0007679133974894983,
      0.0007545207078751857,
      0.0007408768370508577,
      0.0007269952498697734,
      0.0007128896457825364,
      0.0006985739453173903,
      0.0006840622763423391,
      0.0006693689601226458,
      0.0006545084971874737,
      0.0006394955530196147,
      0.0006243449435824273,
      0.0006090716206982714,
      0.0005936906572928625,
      0.0005782172325201156,
      0.0005626666167821523,
      0.0005470541566592572,
      0.0005313952597646569,
      0.0005157053795390643,
      0.0005000000000000002,
      0.00048429462046093607,
      0.0004686047402353435,
      0.000452945843340743,
      0.00043733338321784806,
      0.0004217827674798847,
      0.00040630934270713783,
      0.000390928379301729,
      0.0003756550564175727,
      0.00036050444698038553,
      0.00034549150281252655,
      0.0003306310398773544,
      0.00031593772365766127,
      0.0003014260546826097,
      0.0002871103542174637,
      0.0002730047501302267,
      0.00025912316294914234,
      0.0002454792921248144,
      0.00023208660251050164,
      0.00021895831107393473,
      0.00020610737385376356,
      0.00019354647317351177
    ]
  },
  "best_val_dice": 0.8090129938123569,
  "best_epoch": 51,
  "per_slice_metrics_file": "sam_vit_large_conv_decoder_20260502_054225_per_slice.csv",
  "n_test_slices": 3154,
  "per_stack_metrics_file": "sam_vit_large_conv_decoder_20260502_054225_per_stack.csv",
  "n_test_stacks": 268
}
