{
  "config": {
    "dataset": "mnm",
    "backbone": "sam",
    "model_name": "sam_vit_large",
    "decoder": "linear_probe",
    "embed_dim": 1024,
    "cache_layers": [
      2,
      5,
      8,
      11
    ],
    "probe_layers": [
      11
    ],
    "lr": 0.001,
    "weight_decay": 0.001,
    "batch_size": 16,
    "n_epochs": 100,
    "patience": 20,
    "seed": 0,
    "trainable_params": 6148
  },
  "per_class_dice": {
    "BG": 0.9818999859435003,
    "RV": 0.6248403812633864,
    "MYO": 0.5967638897882369,
    "LV": 0.7990581082148904
  },
  "macro_dice": 0.6735541264221713,
  "training_history": {
    "train_loss": [
      1.0049448609352112,
      0.5981098424003581,
      0.5690560836081553,
      0.5502113939234705,
      0.5440786694637453,
      0.5346184649852791,
      0.5310177655533107,
      0.5308115849591265,
      0.5294312840760357,
      0.5254831762626918,
      0.5269550974621917,
      0.5253614251962816,
      0.5213922242624591,
      0.5204115531059227,
      0.5217103935552366,
      0.5195479685007923,
      0.5163359342500417,
      0.5206957074126812,
      0.5164064661119924,
      0.5177944760129909,
      0.5165128992362455,
      0.5188708504041036,
      0.5176210525360975,
      0.5155817289846112,
      0.5176692457512172,
      0.5154109658917996,
      0.5193699830108218,
      0.5185687064823478,
      0.5125625392403266,
      0.5141458398464954,
      0.5179652175819031,
      0.5250193997464999,
      0.5197080834345384,
      0.5164531824564693,
      0.5174394272493593,
      0.5154506394056358,
      0.5178947204893286,
      0.5133947858003655,
      0.5201420501025036,
      0.5164525877646725,
      0.5174512775859448,
      0.5151615510083208,
      0.5091665909446851,
      0.5153597612874676,
      0.5120556869290092,
      0.5146653143444446,
      0.513143935739392,
      0.5148146777140974,
      0.5106631764257797,
      0.513081520193755
    ],
    "val_macro_dice": [
      0.6408614671447559,
      0.6591055511165699,
      0.6757215302605225,
      0.6729190660642805,
      0.6868002309266149,
      0.6918815405862008,
      0.6882608416849102,
      0.6926313889117023,
      0.6948991287296163,
      0.6955212040576834,
      0.7001575875880515,
      0.7016164659636553,
      0.6918858443497132,
      0.69646911456339,
      0.7001760876357225,
      0.698944789936697,
      0.6952198572663754,
      0.698101803734029,
      0.7020946416307742,
      0.6992563297147393,
      0.697738728529436,
      0.6991746670541384,
      0.7007058711230516,
      0.7013978307050124,
      0.6974996903855152,
      0.70450299474862,
      0.6994612934475785,
      0.7025642489308429,
      0.6995817002803552,
      0.7055447684602062,
      0.7006483614165542,
      0.7000968523971342,
      0.7002712631695438,
      0.7009459235533483,
      0.6963895630627683,
      0.6969136015200665,
      0.7005722608222501,
      0.7036854909766728,
      0.6977017260497459,
      0.6990668688877455,
      0.7035046717429075,
      0.7018088272691356,
      0.7027034874473196,
      0.6988053121170638,
      0.7015535378689036,
      0.7014540566464738,
      0.7004925019269038,
      0.7012579854129308,
      0.6982919269647067,
      0.702235665728261
    ],
    "lr": [
      0.0009997532801828658,
      0.0009990133642141358,
      0.00099778098230154,
      0.000996057350657239,
      0.0009938441702975688,
      0.0009911436253643444,
      0.0009879583809693736,
      0.0009842915805643154,
      0.0009801468428384714,
      0.0009755282581475767,
      0.0009704403844771127,
      0.0009648882429441257,
      0.0009588773128419905,
      0.0009524135262330098,
      0.0009455032620941839,
      0.0009381533400219318,
      0.0009303710135019719,
      0.0009221639627510076,
      0.000913540287137281,
      0.0009045084971874739,
      0.0008950775061878452,
      0.0008852566213878947,
      0.0008750555348152298,
      0.0008644843137107057,
      0.0008535533905932737,
      0.0008422735529643444,
      0.0008306559326618259,
      0.0008187119948743449,
      0.0008064535268264883,
      0.0007938926261462367,
      0.0007810416889260654,
      0.0007679133974894983,
      0.0007545207078751857,
      0.0007408768370508577,
      0.0007269952498697734,
      0.0007128896457825364,
      0.0006985739453173903,
      0.0006840622763423391,
      0.0006693689601226458,
      0.0006545084971874737,
      0.0006394955530196147,
      0.0006243449435824273,
      0.0006090716206982714,
      0.0005936906572928625,
      0.0005782172325201156,
      0.0005626666167821523,
      0.0005470541566592572,
      0.0005313952597646569,
      0.0005157053795390643,
      0.0005000000000000002
    ]
  },
  "best_val_dice": 0.7055447684602062,
  "best_epoch": 30,
  "per_slice_metrics_file": "sam_vit_large_linear_probe_20260502_044246_per_slice.csv",
  "n_test_slices": 3154,
  "per_stack_metrics_file": "sam_vit_large_linear_probe_20260502_044246_per_stack.csv",
  "n_test_stacks": 268
}
