{
  "config": {
    "dataset": "mnm",
    "backbone": "sam",
    "model_name": "sam_vit_base",
    "decoder": "linear_probe",
    "embed_dim": 768,
    "cache_layers": [
      2,
      5,
      8,
      11
    ],
    "probe_layers": [
      11
    ],
    "lr": 0.001,
    "weight_decay": 0.001,
    "batch_size": 16,
    "n_epochs": 100,
    "patience": 20,
    "seed": 0,
    "trainable_params": 4612
  },
  "per_class_dice": {
    "BG": 0.9856194059373494,
    "RV": 0.7022082485120079,
    "MYO": 0.6222939750744265,
    "LV": 0.8219314558046054
  },
  "macro_dice": 0.7154778931303466,
  "training_history": {
    "train_loss": [
      0.9876970311607978,
      0.5430439691049884,
      0.5120126252824609,
      0.496847883167893,
      0.4822741194505884,
      0.4784847540084762,
      0.47363069728769436,
      0.47420649682030536,
      0.4689933079661745,
      0.4692642733906255,
      0.46823424958821497,
      0.4662096846585322,
      0.46519375389272516,
      0.46325488358435,
      0.4624023669295841,
      0.46335205255132733,
      0.4618167695071962,
      0.46157128145598403,
      0.4590911693645246,
      0.4574002486587775,
      0.4617291934261418,
      0.462816230425931,
      0.4636882350902365,
      0.4597521090146267,
      0.4571052688841868,
      0.4573979054135506,
      0.46062880092196995,
      0.45774803905173983,
      0.4568986046795893,
      0.4583023503573254,
      0.45951704184214276,
      0.46330737134422917,
      0.4589322689506743,
      0.4580273053260765,
      0.4586424472356083,
      0.45864416824446785,
      0.45847144271388196,
      0.4569285332855552,
      0.46122068874161654,
      0.45637964570161066,
      0.45895144689564754,
      0.45765448354109367,
      0.4555073013209333,
      0.45544463727209306,
      0.45841812304776125,
      0.46024334912348275,
      0.4589636666004104,
      0.45724788940314093,
      0.45861039543994747,
      0.45801822299307043,
      0.45678025484085083,
      0.45691468769853766,
      0.456811518530653,
      0.4561673353115718,
      0.45657386608196027,
      0.454072451952732,
      0.45796522543285834,
      0.4572349896635672,
      0.457375929361642,
      0.4558349590409886,
      0.4578788030629206,
      0.4539630244476627,
      0.4570915096938008,
      0.4561308565163853,
      0.4570477796022338,
      0.451386848332906,
      0.45473099763345237,
      0.4521286820221429,
      0.4512738469574187,
      0.4555697271017113,
      0.4562391074317874,
      0.4538714355892605,
      0.4557340534949543,
      0.4519110650125176,
      0.4542395850323667,
      0.45589916061873387,
      0.4549823948229202,
      0.4572833717772455
    ],
    "val_macro_dice": [
      0.6762308803923309,
      0.7026537992628897,
      0.7148691043098352,
      0.7207613849131803,
      0.7254250484813695,
      0.730024391999032,
      0.7305512567699104,
      0.7365735820846736,
      0.7358961015917781,
      0.7356168809059778,
      0.7397376661428411,
      0.7385938566168209,
      0.7388908264394627,
      0.740125885427823,
      0.7397498751792088,
      0.7391929295480969,
      0.7433957849699397,
      0.7414390467632782,
      0.740819946818101,
      0.7422050299036025,
      0.7432412268825942,
      0.740227744776346,
      0.7445481946195697,
      0.7447203687089545,
      0.7422448652408739,
      0.7439536635252259,
      0.7451884619114465,
      0.7434982349051275,
      0.7460408154280986,
      0.7459364405131749,
      0.7423309195796918,
      0.7455772356991403,
      0.7437306395133206,
      0.7447890413914927,
      0.7423098197095745,
      0.7429790456432969,
      0.744327647785171,
      0.7435494030524922,
      0.7447921985686028,
      0.7462450462879541,
      0.7457761551699494,
      0.743473500341535,
      0.7444539653018092,
      0.7466858154989634,
      0.7438318328294539,
      0.7435044293282586,
      0.7434295832177517,
      0.7438193539531311,
      0.7438148334592273,
      0.7457846626847667,
      0.7454548286134738,
      0.7453078948465627,
      0.7452776866327723,
      0.7449301989273741,
      0.7448798162787208,
      0.7453233827451012,
      0.7442973600572963,
      0.7473619279974345,
      0.7465145695314379,
      0.7454818896278333,
      0.7453424256486727,
      0.7458583978469263,
      0.7458052064667969,
      0.746831713917611,
      0.7464408560838921,
      0.7467776235042388,
      0.7467075565649823,
      0.7459089131437576,
      0.7468943619625548,
      0.7465919448169762,
      0.7465507723299286,
      0.7470689005661653,
      0.7469972576521208,
      0.7457636368578516,
      0.7467775081476118,
      0.7467192518177838,
      0.7463145027850935,
      0.7465612669101316
    ],
    "lr": [
      0.0009997532801828658,
      0.0009990133642141358,
      0.00099778098230154,
      0.000996057350657239,
      0.0009938441702975688,
      0.0009911436253643444,
      0.0009879583809693736,
      0.0009842915805643154,
      0.0009801468428384714,
      0.0009755282581475767,
      0.0009704403844771127,
      0.0009648882429441257,
      0.0009588773128419905,
      0.0009524135262330098,
      0.0009455032620941839,
      0.0009381533400219318,
      0.0009303710135019719,
      0.0009221639627510076,
      0.000913540287137281,
      0.0009045084971874739,
      0.0008950775061878452,
      0.0008852566213878947,
      0.0008750555348152298,
      0.0008644843137107057,
      0.0008535533905932737,
      0.0008422735529643444,
      0.0008306559326618259,
      0.0008187119948743449,
      0.0008064535268264883,
      0.0007938926261462367,
      0.0007810416889260654,
      0.0007679133974894983,
      0.0007545207078751857,
      0.0007408768370508577,
      0.0007269952498697734,
      0.0007128896457825364,
      0.0006985739453173903,
      0.0006840622763423391,
      0.0006693689601226458,
      0.0006545084971874737,
      0.0006394955530196147,
      0.0006243449435824273,
      0.0006090716206982714,
      0.0005936906572928625,
      0.0005782172325201156,
      0.0005626666167821523,
      0.0005470541566592572,
      0.0005313952597646569,
      0.0005157053795390643,
      0.0005000000000000002,
      0.00048429462046093607,
      0.0004686047402353435,
      0.000452945843340743,
      0.00043733338321784806,
      0.0004217827674798847,
      0.00040630934270713783,
      0.000390928379301729,
      0.0003756550564175727,
      0.00036050444698038553,
      0.00034549150281252655,
      0.0003306310398773544,
      0.00031593772365766127,
      0.0003014260546826097,
      0.0002871103542174637,
      0.0002730047501302267,
      0.00025912316294914234,
      0.0002454792921248144,
      0.00023208660251050164,
      0.00021895831107393473,
      0.00020610737385376356,
      0.00019354647317351177,
      0.0001812880051256552,
      0.00016934406733817422,
      0.0001577264470356557,
      0.00014644660940672634,
      0.0001355156862892944,
      0.00012494446518477025,
      0.00011474337861210548
    ]
  },
  "best_val_dice": 0.7473619279974345,
  "best_epoch": 58,
  "per_slice_metrics_file": "sam_vit_base_linear_probe_20260502_011518_per_slice.csv",
  "n_test_slices": 3154,
  "per_stack_metrics_file": "sam_vit_base_linear_probe_20260502_011518_per_stack.csv",
  "n_test_stacks": 268
}
