{
  "config": {
    "dataset": "mnm",
    "backbone": "sam",
    "model_name": "sam_vit_large",
    "decoder": "unetr",
    "embed_dim": 1024,
    "cache_layers": [
      2,
      5,
      8,
      11
    ],
    "probe_layers": [
      2,
      5,
      8,
      11
    ],
    "lr": 0.001,
    "weight_decay": 0.001,
    "batch_size": 16,
    "n_epochs": 100,
    "patience": 20,
    "seed": 0,
    "trainable_params": 48220068
  },
  "per_class_dice": {
    "BG": 0.9900313891089404,
    "RV": 0.8104008291238326,
    "MYO": 0.7492264248210473,
    "LV": 0.88535644255222
  },
  "macro_dice": 0.8149945654990333,
  "training_history": {
    "train_loss": [
      1.868576545464365,
      1.0258638294119584,
      0.7886261594922919,
      0.6705891897803858,
      0.5791654680904589,
      0.5120814662230643,
      0.46917090290471125,
      0.44275921269467,
      0.3911065192599046,
      0.4119911397758283,
      0.36308422684669495,
      0.3382561661695179,
      0.32640077408991364,
      0.3004827750356574,
      0.26253570694672435,
      0.2459743634650582,
      0.23297869374877528,
      0.22121900555334592,
      0.20219108148625023,
      0.1886770858576423,
      0.17968530874503286,
      0.17809313535690308,
      0.1639971944846605,
      0.16112653440550753,
      0.15314722296438718,
      0.13795258771432073,
      0.12987481528206876,
      0.13965805502314316,
      0.13499242459472857,
      0.12163004828126807,
      0.11888603199469416,
      0.11051508745080546,
      0.11708281228416845,
      0.1147511938684865,
      0.11133470503907454,
      0.10331720701958004,
      0.09604972836218383,
      0.09537759893818905,
      0.09850515385991648,
      0.08975998116166968,
      0.08339206364594008,
      0.08014152787233654,
      0.07864951146276374,
      0.07794820831010216,
      0.07886088913992832,
      0.0817431442831692,
      0.08126840936510187,
      0.07836900690668508,
      0.0753380793489908,
      0.07322905487135838,
      0.07059061370397869,
      0.06847820234926123,
      0.06692568487242649,
      0.06627289931240835
    ],
    "val_macro_dice": [
      0.5222116516740818,
      0.5897549250384224,
      0.63622154008656,
      0.6848949614123098,
      0.7099982616545595,
      0.7325745387045567,
      0.6960825468391775,
      0.7502711669304473,
      0.7964271746641046,
      0.784931658520347,
      0.8165638155586527,
      0.8010771926363609,
      0.8023635324362735,
      0.8236097493393885,
      0.8159493173599838,
      0.8119803714080508,
      0.8231652502438553,
      0.8210664938290684,
      0.8075467515146268,
      0.8352234553537308,
      0.8253100861029599,
      0.8279830785824661,
      0.8295499595487814,
      0.8391526921268199,
      0.8256804165268065,
      0.8277377111344051,
      0.8342673870826954,
      0.8313055077715474,
      0.8342981454811635,
      0.8312802414811878,
      0.8385721429270103,
      0.8323148641080361,
      0.8322221207805752,
      0.8395330407160414,
      0.8372381516251656,
      0.8357916370832564,
      0.8380567811564968,
      0.8378018946503039,
      0.833986441265414,
      0.8376135560937495,
      0.8371280585216258,
      0.8389759198769692,
      0.8373374934440756,
      0.839216902674533,
      0.8321375735189042,
      0.8383627460160833,
      0.8378556339321932,
      0.8340783251835538,
      0.837676650768732,
      0.8379041674915285,
      0.8353510766725557,
      0.83697501396068,
      0.8376081873974953,
      0.8363731432890007
    ],
    "lr": [
      0.0009997532801828658,
      0.0009990133642141358,
      0.00099778098230154,
      0.000996057350657239,
      0.0009938441702975688,
      0.0009911436253643444,
      0.0009879583809693736,
      0.0009842915805643154,
      0.0009801468428384714,
      0.0009755282581475767,
      0.0009704403844771127,
      0.0009648882429441257,
      0.0009588773128419905,
      0.0009524135262330098,
      0.0009455032620941839,
      0.0009381533400219318,
      0.0009303710135019719,
      0.0009221639627510076,
      0.000913540287137281,
      0.0009045084971874739,
      0.0008950775061878452,
      0.0008852566213878947,
      0.0008750555348152298,
      0.0008644843137107057,
      0.0008535533905932737,
      0.0008422735529643444,
      0.0008306559326618259,
      0.0008187119948743449,
      0.0008064535268264883,
      0.0007938926261462367,
      0.0007810416889260654,
      0.0007679133974894983,
      0.0007545207078751857,
      0.0007408768370508577,
      0.0007269952498697734,
      0.0007128896457825364,
      0.0006985739453173903,
      0.0006840622763423391,
      0.0006693689601226458,
      0.0006545084971874737,
      0.0006394955530196147,
      0.0006243449435824273,
      0.0006090716206982714,
      0.0005936906572928625,
      0.0005782172325201156,
      0.0005626666167821523,
      0.0005470541566592572,
      0.0005313952597646569,
      0.0005157053795390643,
      0.0005000000000000002,
      0.00048429462046093607,
      0.0004686047402353435,
      0.000452945843340743,
      0.00043733338321784806
    ]
  },
  "best_val_dice": 0.8395330407160414,
  "best_epoch": 34,
  "per_sample_metrics_file": "sam_vit_large_unetr_20260502_091956_per_sample.csv",
  "n_test_samples": 268,
  "per_slice_metrics_file": "sam_vit_large_unetr_20260502_091956_per_slice.csv",
  "n_test_slices": 3154
}
