{
  "config": {
    "dataset": "mnm",
    "backbone": "sam",
    "model_name": "sam_vit_base",
    "decoder": "conv_decoder",
    "embed_dim": 768,
    "cache_layers": [
      2,
      5,
      8,
      11
    ],
    "probe_layers": [
      2,
      5,
      8,
      11
    ],
    "lr": 0.001,
    "weight_decay": 0.001,
    "batch_size": 16,
    "n_epochs": 100,
    "patience": 20,
    "seed": 0,
    "trainable_params": 3687428
  },
  "per_class_dice": {
    "BG": 0.9896760401791641,
    "RV": 0.7881522896170187,
    "MYO": 0.7461899727126308,
    "LV": 0.8846681825649916
  },
  "macro_dice": 0.8063368149648804,
  "training_history": {
    "train_loss": [
      0.8417879731366129,
      0.578639821723254,
      0.5183894271501387,
      0.4827644478793096,
      0.44634138469142143,
      0.42809077404966256,
      0.40759045487702494,
      0.39608278599652375,
      0.39085525921498887,
      0.3677937039221176,
      0.36041445646322134,
      0.3533582646738399,
      0.3439376832108305,
      0.33371476226984853,
      0.31856362912992037,
      0.317666704757045,
      0.31272798708894034,
      0.3041973755215154,
      0.29549398822615847,
      0.29295300060149393,
      0.28834152296938076,
      0.28392664915082433,
      0.2756680916957181,
      0.27025862948762047,
      0.2687685812513034,
      0.2613294474554784,
      0.254212848842144,
      0.2499488131566481,
      0.2469641702494236,
      0.24162099164242695,
      0.2366328462958336,
      0.24327260639631387,
      0.23600471170261653,
      0.23433532091704282,
      0.22291681990780013,
      0.22096072716845405,
      0.2175267886633825,
      0.2154981732518986,
      0.21032131877210405
    ],
    "val_macro_dice": [
      0.6189627791617689,
      0.7290653119716,
      0.6674426833957755,
      0.757367224894064,
      0.6979665994613883,
      0.8131967178328385,
      0.8143494523780991,
      0.7737260873026411,
      0.806395289592389,
      0.774472344437796,
      0.7758993764864733,
      0.757048764967962,
      0.7750330526232512,
      0.8146472501036687,
      0.8081834727619804,
      0.7909109639153732,
      0.8001194893999634,
      0.8124659255811296,
      0.8250191369955333,
      0.82069306557574,
      0.7762085927782847,
      0.7774986656590044,
      0.8165535477595857,
      0.7829112585986581,
      0.8149718979078027,
      0.8069261224393354,
      0.8150025618277624,
      0.8073169901622294,
      0.8174567097946359,
      0.7982662292692481,
      0.8107579826305266,
      0.8221081470551425,
      0.8245339787264245,
      0.7979499875712802,
      0.8125218698864892,
      0.8212141022238088,
      0.8240617025230413,
      0.8186414347666965,
      0.8172085505767432
    ],
    "lr": [
      0.0009997532801828658,
      0.0009990133642141358,
      0.00099778098230154,
      0.000996057350657239,
      0.0009938441702975688,
      0.0009911436253643444,
      0.0009879583809693736,
      0.0009842915805643154,
      0.0009801468428384714,
      0.0009755282581475767,
      0.0009704403844771127,
      0.0009648882429441257,
      0.0009588773128419905,
      0.0009524135262330098,
      0.0009455032620941839,
      0.0009381533400219318,
      0.0009303710135019719,
      0.0009221639627510076,
      0.000913540287137281,
      0.0009045084971874739,
      0.0008950775061878452,
      0.0008852566213878947,
      0.0008750555348152298,
      0.0008644843137107057,
      0.0008535533905932737,
      0.0008422735529643444,
      0.0008306559326618259,
      0.0008187119948743449,
      0.0008064535268264883,
      0.0007938926261462367,
      0.0007810416889260654,
      0.0007679133974894983,
      0.0007545207078751857,
      0.0007408768370508577,
      0.0007269952498697734,
      0.0007128896457825364,
      0.0006985739453173903,
      0.0006840622763423391,
      0.0006693689601226458
    ]
  },
  "best_val_dice": 0.8250191369955333,
  "best_epoch": 19,
  "per_slice_metrics_file": "sam_vit_base_conv_decoder_20260502_014651_per_slice.csv",
  "n_test_slices": 3154,
  "per_stack_metrics_file": "sam_vit_base_conv_decoder_20260502_014651_per_stack.csv",
  "n_test_stacks": 268
}
