{
  "config": {
    "dataset": "mnm",
    "backbone": "sam",
    "model_name": "sam_vit_huge",
    "decoder": "conv_decoder",
    "embed_dim": 1280,
    "cache_layers": [
      2,
      5,
      8,
      11
    ],
    "probe_layers": [
      2,
      5,
      8,
      11
    ],
    "lr": 0.001,
    "weight_decay": 0.001,
    "batch_size": 16,
    "n_epochs": 100,
    "patience": 20,
    "seed": 0,
    "trainable_params": 6046724
  },
  "per_class_dice": {
    "BG": 0.9881773631098675,
    "RV": 0.7649488951673433,
    "MYO": 0.7367158589777785,
    "LV": 0.8748455891738193
  },
  "macro_dice": 0.792170114439647,
  "training_history": {
    "train_loss": [
      0.9294323204743742,
      0.6722654122294802,
      0.6069166199727491,
      0.5605190622084069,
      0.5279524574677149,
      0.49929983101107855,
      0.48914800494006183,
      0.46727537672327024,
      0.45491083131896126,
      0.43687283089666656,
      0.4257614529795117,
      0.42189090345243013,
      0.41040560001074666,
      0.39278048803709975,
      0.38059047812765295,
      0.3787804384424229,
      0.36924498129372646,
      0.36143307929689233,
      0.3557180685527397,
      0.3495186297881483,
      0.34596119685606525,
      0.3342709368226504,
      0.3305804530779521,
      0.32268803754840236,
      0.31811920357774004,
      0.313606869843271,
      0.30830768119506163,
      0.30265637615112345,
      0.29205864028196143,
      0.29437002261178663,
      0.2806123850321529,
      0.2918375071251031,
      0.2779573211164186,
      0.2780283349330979,
      0.26597778167989516,
      0.26321571689061446,
      0.26291607960005,
      0.25570944967595016,
      0.25013649712006253,
      0.2457264160568064,
      0.24180033787934466,
      0.24177920321623483,
      0.23452316924478067,
      0.2327177563701013,
      0.22617620034049254,
      0.2216454991186508,
      0.22048948012819194,
      0.2157490664359295,
      0.21509805201279997,
      0.21832366664000233,
      0.20737649966972044,
      0.20541147368423868,
      0.20435870657063493,
      0.19964088943570552,
      0.19444587668686203,
      0.1964893712088315,
      0.19322121135815226,
      0.19138421915998363,
      0.18613540057582084,
      0.18436798791993747,
      0.18033422981247757,
      0.17747370891197764,
      0.17666861256866745,
      0.1734331308139695,
      0.17163857215582723,
      0.17123477032991372,
      0.16850665256832587,
      0.16424154121466358,
      0.16382886168330607,
      0.1622694901595212,
      0.16225197963943386,
      0.15922355015922074,
      0.1592708845632245,
      0.15729610524093263,
      0.15479101726051533,
      0.15309833595999564,
      0.15291975999269822,
      0.15184209190986372,
      0.14954427829143976,
      0.14879034154794432,
      0.1479272133849486,
      0.1465595457891021,
      0.14555419025698094,
      0.1445952688127455,
      0.14319442332995058,
      0.14379210164300119,
      0.14275963431355929,
      0.14288247534722992,
      0.14183833566729467,
      0.1415301071423473,
      0.14112880024494548,
      0.14088055133970098,
      0.139995548911769,
      0.1403209939222745,
      0.13966029536242436,
      0.1396051085732802,
      0.13958191389989372,
      0.13865721470328293,
      0.13899499351027036,
      0.13966473884353733
    ],
    "val_macro_dice": [
      0.5513202474298843,
      0.6344119158183549,
      0.6968523129638439,
      0.6083726455706099,
      0.6500814340220484,
      0.75422085624463,
      0.7595811523347497,
      0.7019843642969442,
      0.7570312907147425,
      0.7438524999660446,
      0.6818048266833902,
      0.7038498525937394,
      0.6778306200567957,
      0.768827771560337,
      0.7424777060685028,
      0.7277144921864691,
      0.7045697268551403,
      0.6883891155053288,
      0.7699719621937401,
      0.7784325183415758,
      0.7457748185630676,
      0.775947854839499,
      0.7672202397790576,
      0.7450822329792418,
      0.7485746564409608,
      0.7118418616460848,
      0.7753452456801977,
      0.758025522297944,
      0.7658767200149779,
      0.7283034531052591,
      0.7572896287522876,
      0.7569930962323147,
      0.7558973853127773,
      0.7698980194114098,
      0.7985972670460636,
      0.764249301743186,
      0.7879068654092013,
      0.7578776220236373,
      0.774597200017273,
      0.789934084200545,
      0.8004843538762335,
      0.7818931466286484,
      0.7724838670529062,
      0.78271875112298,
      0.7794874834306199,
      0.7902265901338668,
      0.7759382700824847,
      0.7880377447111296,
      0.7990485256970445,
      0.7690081680162285,
      0.8008611130116025,
      0.7921535082684944,
      0.7842324398098159,
      0.7958186652323223,
      0.7824599794183813,
      0.7860478532942493,
      0.7692871534658573,
      0.7793979570891398,
      0.803629931936753,
      0.7982387597927353,
      0.7767501224313437,
      0.7939806643115714,
      0.7954189256853382,
      0.8058236936931275,
      0.8039587180648272,
      0.802429995711419,
      0.7982114937732808,
      0.7980226018859816,
      0.800785797504799,
      0.8032146459364206,
      0.8003823704146352,
      0.7931140876474935,
      0.8011550757218472,
      0.7870444282768784,
      0.7946520744222538,
      0.8043686882376586,
      0.8035593064045492,
      0.8019040598110379,
      0.8057776656569001,
      0.8064983196989366,
      0.8018583480976021,
      0.802566149918273,
      0.8031058604197421,
      0.8002631567188897,
      0.7983847770378759,
      0.8033536549162004,
      0.8030044188137548,
      0.8022692331803261,
      0.8028608062630074,
      0.8017503460015725,
      0.8046876378424717,
      0.8034309051010086,
      0.804493851111738,
      0.8015186787331916,
      0.803341974737228,
      0.8026431392765305,
      0.8024933926722874,
      0.8036503283409298,
      0.8028852061401069,
      0.8034739459812977
    ],