{
  "config": {
    "dataset": "mnm",
    "backbone": "sam",
    "model_name": "sam_vit_huge",
    "decoder": "linear_probe",
    "embed_dim": 1280,
    "cache_layers": [
      2,
      5,
      8,
      11
    ],
    "probe_layers": [
      11
    ],
    "lr": 0.001,
    "weight_decay": 0.001,
    "batch_size": 16,
    "n_epochs": 100,
    "patience": 20,
    "seed": 0,
    "trainable_params": 7684
  },
  "per_class_dice": {
    "BG": 0.9801756966376672,
    "RV": 0.6071401861484103,
    "MYO": 0.5891525232631569,
    "LV": 0.783569085882084
  },
  "macro_dice": 0.6599539317645503,
  "training_history": {
    "train_loss": [
      1.0093227369014663,
      0.6299615202829091,
      0.5960546156974754,
      0.58398296390519,
      0.5733580542634232,
      0.5673381111236534,
      0.5586954653263092,
      0.5620381570223606,
      0.5611346011812036,
      0.5543009775756585,
      0.5508107034244922,
      0.5553047763879853,
      0.5539383861151609,
      0.5547659383578734,
      0.5483648415767786,
      0.5467971260800506,
      0.5493511258050648,
      0.5483966117555444,
      0.5463810939379413,
      0.5521860815057851,
      0.548793789563757,
      0.5514865564276473,
      0.5492920696434348,
      0.5481217745879684,
      0.5452435185210873,
      0.5468483401669396,
      0.5488119215676279,
      0.5476629770163334,
      0.5423958184141101,
      0.5450820307237934,
      0.5454302041819601,
      0.5499379246523886,
      0.5485678720052796,
      0.5455002750110145,
      0.546000184434833,
      0.547788621500285,
      0.5480486518806882,
      0.5459652108074439,
      0.54847354870854,
      0.5503544861620123,
      0.5494141665974048,
      0.5438736284321005,
      0.5373509919101541,
      0.5432739119337062,
      0.541963523837051,
      0.5425366735217547,
      0.5403901869901503,
      0.5424774253007137,
      0.5375381113603862,
      0.5427634267493932
    ],
    "val_macro_dice": [
      0.6204965362653131,
      0.6347377324076245,
      0.6555787656522541,
      0.650062444500845,
      0.6678355883086557,
      0.675260503645073,
      0.6703258197135913,
      0.6748942865585765,
      0.679702469858281,
      0.6788569948092414,
      0.6826964408588312,
      0.6869604143190197,
      0.6686845588599631,
      0.6797118693055774,
      0.6747821438667051,
      0.6706331406723344,
      0.666726447452564,
      0.6757875463414426,
      0.6807686296137422,
      0.6845794717198855,
      0.6781768141282994,
      0.6843758915981564,
      0.6823029316699688,
      0.6867444553097335,
      0.6767991798563259,
      0.6886646063189321,
      0.6833507628687121,
      0.6813994007622307,
      0.6850519253595525,
      0.6903731547527764,
      0.687361892037606,
      0.6868752005623174,
      0.6842695602102933,
      0.6861257322441817,
      0.6737638111174395,
      0.6716851821169091,
      0.680881838968625,
      0.6792969206395973,
      0.673608844175582,
      0.6723834114773327,
      0.6856882854408187,
      0.6869748644490402,
      0.6868765655542101,
      0.6820842994317448,
      0.6833576312043412,
      0.681956695536582,
      0.6860879939774506,
      0.6815706540348209,
      0.6793338557666081,
      0.6835958768372734
    ],
    "lr": [
      0.0009997532801828658,
      0.0009990133642141358,
      0.00099778098230154,
      0.000996057350657239,
      0.0009938441702975688,
      0.0009911436253643444,
      0.0009879583809693736,
      0.0009842915805643154,
      0.0009801468428384714,
      0.0009755282581475767,
      0.0009704403844771127,
      0.0009648882429441257,
      0.0009588773128419905,
      0.0009524135262330098,
      0.0009455032620941839,
      0.0009381533400219318,
      0.0009303710135019719,
      0.0009221639627510076,
      0.000913540287137281,
      0.0009045084971874739,
      0.0008950775061878452,
      0.0008852566213878947,
      0.0008750555348152298,
      0.0008644843137107057,
      0.0008535533905932737,
      0.0008422735529643444,
      0.0008306559326618259,
      0.0008187119948743449,
      0.0008064535268264883,
      0.0007938926261462367,
      0.0007810416889260654,
      0.0007679133974894983,
      0.0007545207078751857,
      0.0007408768370508577,
      0.0007269952498697734,
      0.0007128896457825364,
      0.0006985739453173903,
      0.0006840622763423391,
      0.0006693689601226458,
      0.0006545084971874737,
      0.0006394955530196147,
      0.0006243449435824273,
      0.0006090716206982714,
      0.0005936906572928625,
      0.0005782172325201156,
      0.0005626666167821523,
      0.0005470541566592572,
      0.0005313952597646569,
      0.0005157053795390643,
      0.0005000000000000002
    ]
  },
  "best_val_dice": 0.6903731547527764,
  "best_epoch": 30,
  "per_slice_metrics_file": "sam_vit_huge_linear_probe_20260502_113635_per_slice.csv",
  "n_test_slices": 3154,
  "per_stack_metrics_file": "sam_vit_huge_linear_probe_20260502_113635_per_stack.csv",
  "n_test_stacks": 268
}
