{
  "config": {
    "dataset": "acdc",
    "backbone": "cinema",
    "model_name": "cinema_pretrained",
    "decoder": "unetr",
    "embed_dim": 768,
    "cache_layers": [
      3,
      6,
      9,
      11
    ],
    "probe_layers": [
      3,
      6,
      9,
      11
    ],
    "lr": 0.001,
    "weight_decay": 0.001,
    "batch_size": 4,
    "n_epochs": 1,
    "patience": 20,
    "seed": 0,
    "trainable_params": 39083302
  },
  "per_class_dice": {
    "BG": 0.947851379172606,
    "RV": 0.9633785086528796,
    "MYO": 0.9333636769385353,
    "LV": 0.9654726773905243
  },
  "macro_dice": 0.9540716209939797,
  "training_history": {
    "train_loss": [
      0.929261428117752
    ],
    "val_macro_dice": [
      0.9583119580813784
    ],
    "lr": [
      0.0
    ]
  },
  "best_val_dice": 0.9583119580813784,
  "best_epoch": 1
}