{
  "config": {
    "dataset": "acdc",
    "backbone": "dinov3",
    "model_name": "dinov3_vits16",
    "decoder": "unetr",
    "embed_dim": 384,
    "cache_layers": [
      3,
      6,
      9,
      11
    ],
    "probe_layers": [
      3,
      6,
      9,
      11
    ],
    "lr": 0.001,
    "weight_decay": 0.001,
    "batch_size": 4,
    "n_epochs": 1,
    "patience": 20,
    "seed": 0,
    "trainable_params": 31016868
  },
  "per_class_dice": {
    "BG": 0.9833289399941084,
    "RV": 0.8835424727452305,
    "MYO": 0.9710235610709893,
    "LV": 0.9145695230564059
  },
  "macro_dice": 0.9230451856242086,
  "training_history": {
    "train_loss": [
      1.0519808994399176
    ],
    "val_macro_dice": [
      0.9277596658706185
    ],
    "lr": [
      0.0
    ]
  },
  "best_val_dice": 0.9277596658706185,
  "best_epoch": 1
}