{
  "config": {
    "dataset": "mnm2",
    "backbone": "cinema",
    "model_name": "cinema_pretrained",
    "decoder": "unetr",
    "embed_dim": 768,
    "cache_layers": [
      3,
      6,
      9,
      11
    ],
    "probe_layers": [
      3,
      6,
      9,
      11
    ],
    "lr": 0.001,
    "weight_decay": 0.001,
    "batch_size": 16,
    "n_epochs": 100,
    "patience": 20,
    "seed": 0,
    "trainable_params": 39083302
  },
  "per_class_dice": {
    "BG": 0.9909263750583642,
    "RV": 0.8526452810027755,
    "MYO": 0.8119193380770741,
    "LV": 0.9248343572071219
  },
  "macro_dice": 0.8631329920956571,
  "training_history": {
    "train_loss": [
      1.900079172849655,
      0.8228485286235809,
      0.6483496934175491,
      0.5407548114657402,
      0.4533698484301567,
      0.41164981573820114,
      0.3858478620648384,
      0.37296105176210403,
      0.341571107506752,
      0.37299932539463043,
      0.36768826842308044,
      0.318215149641037,
      0.3008263513445854,
      0.27887487709522246,
      0.267741733789444,
      0.31010960415005684,
      0.3155169069766998,
      0.287111458927393,
      0.2407407842576504,
      0.23575002253055571,
      0.22954504564404488,
      0.2277723804116249,
      0.21803642436861992,
      0.20456467494368552,
      0.19312355071306228,
      0.1916254371404648,
      0.1842944733798504,
      0.1741652451455593,
      0.1798504374921322,
      0.1824261225759983,
      0.20020392686128616,
      0.1869418703019619,
      0.17402963116765022,
      0.16875709891319274,
      0.17494075521826744,
      0.16933973506093025,
      0.15547155514359473,
      0.15818902105093002,
      0.15802817568182945,
      0.13936456739902497,
      0.13402731120586395,
      0.12812691740691662,
      0.12815625295042993,
      0.12751979753375053,
      0.1276663601398468,
      0.1184761293232441,
      0.11398134380578995,
      0.11453646048903465,
      0.11804413944482803,
      0.11100429929792881,
      0.10830735825002194,
      0.11047940067946911,
      0.11474532373249531,
      0.10349847711622714,
      0.09872285351157188,
      0.09402133710682392,
      0.09260075986385345,
      0.09103880189359188,
      0.09162942096590995,
      0.08826103955507278,
      0.08521191403269768,
      0.08601798042654991,
      0.08509082049131393,
      0.0823103729635477,
      0.08060749806463718,
      0.07935595959424972,
      0.0784442037343979,
      0.07667210325598717,
      0.07588488534092903,
      0.07576896958053111,
      0.07534224018454552,
      0.07439027428627014,
      0.07308338657021522,
      0.07147555314004421,
      0.0712115153670311,
      0.07002404443919659
    ],
    "val_macro_dice": [
      0.5964999662514346,
      0.5071087070727565,
      0.6908833019183365,
      0.756198784979445,
      0.7714866995302451,
      0.7940142842794162,
      0.800058457609183,
      0.838784977032898,
      0.7547933609363757,
      0.815679184568992,
      0.8431327154052376,
      0.8262299002122703,
      0.8394974161702798,
      0.8456413158421325,
      0.836715763658837,
      0.8265962926119176,
      0.8331124353736397,
      0.8552612019587699,
      0.8616948953681086,
      0.8478508573830946,
      0.858736618713296,
      0.8612855649558875,
      0.8618877235827312,
      0.8634393977074297,
      0.8715671052479919,
      0.8629575298747475,
      0.86607143589741,
      0.8705957416397535,
      0.8698496657219915,
      0.8564788129074848,
      0.8663507330513465,
      0.8649505018269736,
      0.872701388159045,
      0.8732787816626195,
      0.8682643482155412,
      0.8667041138629058,
      0.8628484432174689,
      0.865700236518277,
      0.8776812156892895,
      0.873920674600338,
      0.8742806392570234,
      0.8754590905654838,
      0.8755687780408957,
      0.8749437602290167,
      0.8791801128367598,
      0.8815948100280622,
      0.8814434160004728,
      0.8820586844823634,
      0.88046671089874,
      0.8830110368270935,
      0.8808828285072562,
      0.8756080785035688,
      0.8820242092448726,
      0.8810958616675005,
      0.8826575151933559,
      0.8837448258506774,
      0.8836655107209731,
      0.8828243852573062,
      0.8823353959288224,
      0.8831837409769019,
      0.8827724925538541,
      0.8822768064173833,
      0.8826479343522399,
      0.882722618243231,
      0.8831672364339669,
      0.882872736011346,
      0.883233321902244,
      0.8832717262804545,
      0.8829032663193228,
      0.8830003748993943,
      0.8827546697412426,
      0.8834234169823135,
      0.88314569722272,
      0.8833801851114288,
      0.8830658737792249,
      0.8831194052523204
    ],
    "lr": [
      0.0009997532801828658,
      0.0009990133642141358,
      0.00099778098230154,
      0.000996057350657239,
      0.0009938441702975688,
      0.0009911436253643444,
      0.0009879583809693736,
      0.0009842915805643154,
      0.0009801468428384714,
      0.0009755282581475767,
      0.0009704403844771127,
      0.0009648882429441257,
      0.0009588773128419905,
      0.0009524135262330098,
      0.0009455032620941839,
      0.0009381533400219318,
      0.0009303710135019719,
      0.0009221639627510076,
      0.000913540287137281,
      0.0009045084971874739,
      0.0008950775061878452,
      0.0008852566213878947,
      0.0008750555348152298,
      0.0008644843137107057,
      0.0008535533905932737,
      0.0008422735529643444,
      0.0008306559326618259,
      0.0008187119948743449,
      0.0008064535268264883,
      0.0007938926261462367,
      0.0007810416889260654,
      0.0007679133974894983,
      0.0007545207078751857,
      0.0007408768370508577,
      0.0007269952498697734,
      0.0007128896457825364,
      0.0006985739453173903,
      0.0006840622763423391,
      0.0006693689601226458,
      0.0006545084971874737,
      0.0006394955530196147,
      0.0006243449435824273,
      0.0006090716206982714,
      0.0005936906572928625,
      0.0005782172325201156,
      0.0005626666167821523,
      0.0005470541566592572,
      0.0005313952597646569,
      0.0005157053795390643,
      0.0005000000000000002,
      0.00048429462046093607,
      0.0004686047402353435,
      0.000452945843340743,
      0.00043733338321784806,
      0.0004217827674798847,
      0.00040630934270713783,
      0.000390928379301729,
      0.0003756550564175727,
      0.00036050444698038553,
      0.00034549150281252655,
      0.0003306310398773544,
      0.00031593772365766127,
      0.0003014260546826097,
      0.0002871103542174637,
      0.0002730047501302267,
      0.00025912316294914234,
      0.0002454792921248144,
      0.00023208660251050164,
      0.00021895831107393473,
      0.00020610737385376356,
      0.00019354647317351177,
      0.0001812880051256552,
      0.00016934406733817422,
      0.0001577264470356557,
      0.00014644660940672634,
      0.0001355156862892944
    ]
  },
  "best_val_dice": 0.8837448258506774,
  "best_epoch": 56,
  "per_sample_metrics_file": "cinema_pretrained_unetr_20260418_164814_per_sample.csv",
  "n_test_samples": 314,
  "per_slice_metrics_file": "cinema_pretrained_unetr_20260418_164814_per_slice.csv",
  "n_test_slices": 3560
}