{
  "config": {
    "dataset": "mnm2",
    "backbone": "cinema",
    "model_name": "cinema_pretrained",
    "decoder": "conv_decoder",
    "embed_dim": 768,
    "cache_layers": [
      3,
      6,
      9,
      11
    ],
    "probe_layers": [
      0
    ],
    "lr": 0.001,
    "weight_decay": 0.001,
    "batch_size": 16,
    "n_epochs": 100,
    "patience": 20,
    "seed": 0,
    "trainable_params": 1033220
  },
  "per_class_dice": {
    "BG": 0.9791504647350932,
    "RV": 0.6491710752436509,
    "MYO": 0.5486766981660921,
    "LV": 0.7884214268982155
  },
  "macro_dice": 0.6620897334359862,
  "training_history": {
    "train_loss": [
      1.012312240933263,
      0.8042198438977086,
      0.7336085729820784,
      0.7032392701437307,
      0.6629632326059564,
      0.6396365257196648,
      0.6164111195608627,
      0.6041016465009645,
      0.5838880196560261,
      0.5650974866955779,
      0.5580417197804118,
      0.5458914257759272,
      0.528108034716096,
      0.5107139089772867,
      0.5052718800167705,
      0.5001441991606425,
      0.4865222059017004,
      0.47447217841481054,
      0.47251376149266267,
      0.4588068702886271,
      0.4535764225693636,
      0.44054415641829026,
      0.433786526530288,
      0.4339383523131526,
      0.4254645498686059,
      0.4165384088837823,
      0.41443801480670306,
      0.40529182456260504,
      0.4029541194438934,
      0.3917733543140944,
      0.3836696070294047,
      0.38219895030176915,
      0.3755423810592918,
      0.37344454499178154,
      0.3695719713388487,
      0.36337330175000565,
      0.36054459782533865,
      0.35364297351171803,
      0.3532112944957822,
      0.34460734392321385,
      0.34245069137839385,
      0.33555212104043297,
      0.33315852700277815,
      0.32952246638231497,
      0.3225119395311489,
      0.31959542923195416,
      0.3175492118957431,
      0.31214431052984193,
      0.3098437913628512,
      0.3060169899186423,
      0.30304846514103023,
      0.2989757755468058,
      0.2990713034258332,
      0.29374896613664403,
      0.2921113285907479,
      0.2889106910589129,
      0.28281568330387735,
      0.28252727403197175,
      0.27845171038494554,
      0.2762078353138857,
      0.27447354530179224,
      0.2740035632322001,
      0.26899929344654083,
      0.2667513988045759,
      0.26350997208162796,
      0.2612548645845679,
      0.25822377717772194,
      0.2559213310480118,
      0.2524878874767658,
      0.25282187558883845,
      0.2520121564005697,
      0.24930791737035263,
      0.2469758618709653,
      0.2432321551234223,
      0.24323554066724556,
      0.24286183007927828,
      0.2419902600521265,
      0.24076659436835798,
      0.23896938624770142,
      0.2360353648662567,
      0.2354568228472111,
      0.2343439606040023,
      0.23277983499127766,
      0.23176403004069662,
      0.232961281648902,
      0.2297125963277595,
      0.22855343853318413,
      0.22791443363178607,
      0.22926891647105993,
      0.2270204605058182,
      0.22752422135929729,
      0.22577647518279942,
      0.22618338340936706,
      0.2252243904180305,
      0.2255861086900844,
      0.22478155424428542,
      0.22471411110356795,
      0.22441528245460154,
      0.2239037824924602,
      0.2243097152127776
    ],
    "val_macro_dice": [
      0.6090210715141814,
      0.6057291255880483,
      0.6327098414156477,
      0.6384308641735724,
      0.6598742929144424,
      0.6567841861027395,
      0.6898044962363162,
      0.6537068498575632,
      0.6764495890689447,
      0.6524609591222976,
      0.6708421576649699,
      0.687136283776547,
      0.6823707352518437,
      0.6860277008733803,
      0.6707893917070874,
      0.6727903385763913,
      0.6752222531093667,
      0.6921563480241687,
      0.6882125990435544,
      0.6937712468871413,
      0.6781499052797848,
      0.7008948780075337,
      0.689012436705196,
      0.6962524039089325,
      0.698814860845733,
      0.6998109135173868,
      0.7046930851812405,
      0.6916184984158081,
      0.6888370957670995,
      0.7004046584871445,
      0.6959073421012795,
      0.7049054699739172,
      0.7004697249140578,
      0.7070061360849609,
      0.7026545800673616,
      0.7056484717966008,
      0.7102920005199939,
      0.7081685082874064,
      0.7071930592718969,
      0.7035026807097592,
      0.7007550834935771,
      0.7042644548933773,
      0.7031890044442481,
      0.6988348628284416,
      0.701471380635344,
      0.701727359192395,
      0.7086507806156926,
      0.7101220800891895,
      0.7104574568540608,
      0.7056875263310038,
      0.7113751265385035,
      0.7057606222349024,
      0.7130786838813704,
      0.7082772641365231,
      0.7107876961185681,
      0.7115537293393576,
      0.7112075809895634,
      0.7095660109705989,
      0.7095441292426878,
      0.7115301681909663,
      0.712404505993465,
      0.7114631771379325,
      0.7131822073815863,
      0.7077181525025038,
      0.7115325280126036,
      0.7122022375814906,
      0.7119943544191484,
      0.7098319535488166,
      0.7104477448334029,
      0.7128637072341539,
      0.7131612347654205,
      0.7089936906579078,
      0.7109090035701578,
      0.7111647514432556,
      0.7120963160565932,
      0.7113807649880884,
      0.7094246882629531,
      0.7115948901190459,
      0.7122746499412304,
      0.7114512105638188,
      0.7126964979038851,
      0.7140372793331778,
      0.7129201255643802,
      0.7123115276081854,
      0.712580130734219,
      0.7129901911573349,
      0.7130727233010639,
      0.7129051529548646,
      0.7131133193034276,
      0.7123019662507392,
      0.7124284501847832,
      0.713002916534216,
      0.7132431771298428,
      0.7126632461634325,
      0.7130469197266333,
      0.7128559927167717,
      0.7128849125025774,
      0.7120471457380195,
      0.7130511425596123,
      0.7122481697560388
    ],