{
  "config": {
    "dataset": "mnm2",
    "backbone": "cinema",
    "model_name": "cinema_pretrained",
    "decoder": "conv_decoder",
    "embed_dim": 768,
    "cache_layers": [
      3,
      6,
      9,
      11
    ],
    "probe_layers": [
      0
    ],
    "lr": 0.001,
    "weight_decay": 0.001,
    "batch_size": 16,
    "n_epochs": 100,
    "patience": 20,
    "seed": 0,
    "trainable_params": 1033220
  },
  "per_class_dice": {
    "BG": 0.9789316266414899,
    "RV": 0.6502945050817923,
    "MYO": 0.5506200526082308,
    "LV": 0.7900735341188914
  },
  "macro_dice": 0.6636626972696381,
  "training_history": {
    "train_loss": [
      0.9984298753183941,
      0.8069011169810628,
      0.7345228597175243,
      0.7050066166145857,
      0.663743665745092,
      0.6407254187173621,
      0.6191832525785579,
      0.604965173089227,
      0.5867115927297015,
      0.5667318917984187,
      0.5563113276348558,
      0.5454827135385469,
      0.5275157215983368,
      0.512113733624303,
      0.5085895639519359,
      0.5004432947136636,
      0.48400868426921756,
      0.47813228299451427,
      0.47379099837569305,
      0.4534695091635682,
      0.4567870347998863,
      0.444297017607578,
      0.4362623676311138,
      0.429593957856644,
      0.428910181411477,
      0.42190080562303234,
      0.41298017973123596,
      0.4064986793107765,
      0.4057954684246418,
      0.39497697214747585,
      0.3892582689606866,
      0.38560803061307863,
      0.375563645362854,
      0.37447638192842175,
      0.37046226997708165,
      0.36786864219709886,
      0.3593266230682994,
      0.3617712153944858,
      0.35352830484856007,
      0.3478186880433282,
      0.34153334664744,
      0.340310658687769,
      0.33669206181237865,
      0.3333699557670327,
      0.3268088503632435,
      0.3248326068700746,
      0.31947452620018363,
      0.3147969079572101,
      0.31313945339169613,
      0.3094723007706709,
      0.30381232631760974,
      0.301181721410086,
      0.298861813060073,
      0.29710390269756315,
      0.29295203852099044,
      0.29281399381715195,
      0.2845516909693563,
      0.2868201666793158,
      0.28113359025744505,
      0.2778913004453792,
      0.2799367622580639,
      0.27643946388433144,
      0.27361240255278213,
      0.2687342721362447,
      0.2647723287343979,
      0.26239469924638437,
      0.2613863757876463,
      0.2576147734425789,
      0.25407961094102194,
      0.2548328209061955,
      0.25327867387339126,
      0.2502898158029068,
      0.2497627665830213
    ],
    "val_macro_dice": [
      0.6052556716293642,
      0.6154717303407006,
      0.6362088518900155,
      0.6367423023147872,
      0.6599209705037318,
      0.6521887340811295,
      0.6839216940576622,
      0.649420544678487,
      0.6738721006884097,
      0.6548843637503335,
      0.6723858275599968,
      0.6892153127172703,
      0.6842021586324178,
      0.6837582730003438,
      0.6690263660708807,
      0.6839386787865424,
      0.6712661257164196,
      0.6923347850201701,
      0.6926760405584064,
      0.6961247797078439,
      0.6823041574186282,
      0.7011005502561124,
      0.6959101585791309,
      0.701252292314582,
      0.7000272350733333,
      0.697950527800419,
      0.7048847669177695,
      0.6943939396054124,
      0.6895224588360609,
      0.7013655318786111,
      0.7028643323592544,
      0.7094425236513704,
      0.7021420884635843,
      0.7107064519923448,
      0.6955988385467778,
      0.7086458864505435,
      0.7119041667219523,
      0.7063048795338963,
      0.7106645231036374,
      0.7044307901318204,
      0.7024000879676567,
      0.7059199927087002,
      0.7058727216367903,
      0.706540403129115,
      0.6951274894634722,
      0.7048873213458368,
      0.7098666528192651,
      0.7116329951344093,
      0.7146586267253828,
      0.7093172497078143,
      0.7137407654538533,
      0.7081008502365504,
      0.7167366194742902,
      0.7113838418367177,
      0.7133706997171866,
      0.7153753363254141,
      0.7130943567591709,
      0.7113743245266021,
      0.7134776106090769,
      0.7139644025060008,
      0.7124932199045623,
      0.7142665362017513,
      0.7157573110825736,
      0.712824241546875,
      0.7140829525922544,
      0.7150628997971012,
      0.7154421653154239,
      0.7149752637524553,
      0.7138397169079695,
      0.7150084300471997,
      0.7148957588769527,
      0.7131258499556744,
      0.7138506996811688
    ],
    "lr": [
      0.0009997532801828658,
      0.0009990133642141358,
      0.00099778098230154,
      0.000996057350657239,
      0.0009938441702975688,
      0.0009911436253643444,
      0.0009879583809693736,
      0.0009842915805643154,
      0.0009801468428384714,
      0.0009755282581475767,
      0.0009704403844771127,
      0.0009648882429441257,
      0.0009588773128419905,
      0.0009524135262330098,
      0.0009455032620941839,
      0.0009381533400219318,
      0.0009303710135019719,
      0.0009221639627510076,
      0.000913540287137281,
      0.0009045084971874739,
      0.0008950775061878452,
      0.0008852566213878947,
      0.0008750555348152298,
      0.0008644843137107057,
      0.0008535533905932737,
      0.0008422735529643444,
      0.0008306559326618259,
      0.0008187119948743449,
      0.0008064535268264883,
      0.0007938926261462367,
      0.0007810416889260654,
      0.0007679133974894983,
      0.0007545207078751857,
      0.0007408768370508577,
      0.0007269952498697734,
      0.0007128896457825364,
      0.0006985739453173903,
      0.0006840622763423391,
      0.0006693689601226458,
      0.0006545084971874737,
      0.0006394955530196147,
      0.0006243449435824273,
      0.0006090716206982714,
      0.0005936906572928625,
      0.0005782172325201156,
      0.0005626666167821523,
      0.0005470541566592572,
      0.0005313952597646569,
      0.0005157053795390643,
      0.0005000000000000002,
      0.00048429462046093607,
      0.0004686047402353435,
      0.000452945843340743,
      0.00043733338321784806,
      0.0004217827674798847,
      0.00040630934270713783,
      0.000390928379301729,
      0.0003756550564175727,
      0.00036050444698038553,
      0.00034549150281252655,
      0.0003306310398773544,
      0.00031593772365766127,
      0.0003014260546826097,
      0.0002871103542174637,
      0.0002730047501302267,
      0.00025912316294914234,
      0.0002454792921248144,
      0.00023208660251050164,
      0.00021895831107393473,
      0.00020610737385376356,
      0.00019354647317351177,
      0.0001812880051256552,
      0.00016934406733817422
    ]
  },
  "best_val_dice": 0.7167366194742902,
  "best_epoch": 53,
  "per_slice_metrics_file": "cinema_pretrained_conv_decoder_20260503_122521_per_slice.csv",
  "n_test_slices": 3562,
  "per_stack_metrics_file": "cinema_pretrained_conv_decoder_20260503_122521_per_stack.csv",
  "n_test_stacks": 314
}
