{
  "config": {
    "dataset": "mnm2",
    "backbone": "cinema",
    "model_name": "cinema_pretrained",
    "decoder": "linear_probe",
    "embed_dim": 768,
    "cache_layers": [
      3,
      6,
      9,
      11
    ],
    "probe_layers": [
      0
    ],
    "lr": 0.001,
    "weight_decay": 0.001,
    "batch_size": 16,
    "n_epochs": 100,
    "patience": 20,
    "seed": 0,
    "trainable_params": 4612
  },
  "per_class_dice": {
    "BG": 0.9779436097248035,
    "RV": 0.6233106523082166,
    "MYO": 0.5213688583748765,
    "LV": 0.7711730509341176
  },
  "macro_dice": 0.6386175205390702,
  "training_history": {
    "train_loss": [
      0.9649973356446554,
      0.5818907303865566,
      0.5563678227191747,
      0.5414890469506729,
      0.5318359275196873,
      0.5268087593621986,
      0.5243440978748853,
      0.5219528801219407,
      0.520514506933301,
      0.5148813924124075,
      0.5178182205488515,
      0.5143508363601773,
      0.5144909089387849,
      0.513693327404732,
      0.5128919882829799,
      0.5093145130678665,
      0.5115044370640156,
      0.5087699680827384,
      0.510362711618113,
      0.5114822351655295,
      0.5123240565144739,
      0.5090825026811555,
      0.5072485347126805,
      0.5132861044517784,
      0.5099333067272984,
      0.5062259780806164,
      0.5093385549478753,
      0.5063454869181611,
      0.5108179936575336,
      0.5071914373442185,
      0.5065037813297538,
      0.5074818218863287,
      0.5083454668521881,
      0.509767928095751,
      0.5077181160449982,
      0.5086888461611991,
      0.5059778370136438,
      0.5099199078803839,
      0.5039981348570003,
      0.5052645367245342,
      0.5066318482853646,
      0.5041832259921141,
      0.5093647419020187,
      0.5058478914027991,
      0.501355445939441,
      0.5043724403824917,
      0.501290585551151,
      0.5051658602648004,
      0.5022429909817008,
      0.5014613133530285,
      0.5012175752673038,
      0.5047125230001849,
      0.5041581855263821,
      0.5027759654577388,
      0.5043881268002266,
      0.5035623612791993,
      0.504925117243168,
      0.5042836695216423,
      0.5022726671640263,
      0.5046433665031611,
      0.5009910963302435,
      0.5025009063787238,
      0.5047959599384042,
      0.5031127857607465,
      0.5008600740931755,
      0.5032120897326359,
      0.4997602618017862,
      0.5004807694013729,
      0.5009032058161359,
      0.5051539760689403,
      0.5032380747240643,
      0.5032078554463941,
      0.5041233503541281,
      0.5020565251971401,
      0.4989646179731502,
      0.5019412685272305,
      0.5012239378552105,
      0.5032920750074609,
      0.5008963303510533,
      0.5018413522908854,
      0.5052438795566558,
      0.5008922188781029,
      0.5002463189668434,
      0.4984723360039467,
      0.501459559728933,
      0.5035643265690914,
      0.5008703687856364,
      0.4995409239170163,
      0.5011607738428338,
      0.5011142949725307,
      0.5027392395707064,
      0.5001677179059317,
      0.5008701094361239,
      0.5017241113407668,
      0.49768671324086744,
      0.5035065039645794,
      0.4987285774807597
    ],
    "val_macro_dice": [
      0.624525279804927,
      0.6459839193808268,
      0.6547410408354537,
      0.6613919543080935,
      0.6642713615515197,
      0.6611226298947285,
      0.6627183564661654,
      0.6687547471491838,
      0.6695093610523094,
      0.6722704856467109,
      0.6722315402256845,
      0.6709669841920741,
      0.6709798847049918,
      0.671736746496601,
      0.6739667825597153,
      0.6744392460007803,
      0.6748336509580657,
      0.6732619276037713,
      0.6738093919532755,
      0.6729515578861444,
      0.6746930441699023,
      0.6737564354814319,
      0.6751867805682338,
      0.6734224520011854,
      0.6771653111192767,
      0.6770086592453746,
      0.6756535867024183,
      0.6769073410433041,
      0.6775683204106465,
      0.6778361901657103,
      0.6785162987658446,
      0.676740375266999,
      0.6752338938003989,
      0.6753393221025923,
      0.6755111598404685,
      0.6746604609943243,
      0.6738694682383382,
      0.6764109921633003,
      0.6786211629733777,
      0.6778298825977064,
      0.6768460269815022,
      0.6767359853407292,
      0.6785194056157741,
      0.6750158249627848,
      0.6796131530302872,
      0.6774058900526981,
      0.6741787053947973,
      0.6791363666788476,
      0.6791427201264767,
      0.6782942096242954,
      0.6788204772680276,
      0.6759943007495943,
      0.6771753313454765,
      0.6774607653205195,
      0.6771203147481186,
      0.677190808748808,
      0.6760456455397069,
      0.6788449134934053,
      0.6791747684544678,
      0.6799545733818458,
      0.6783572417512413,
      0.6775783609343282,
      0.6778887182453904,
      0.6781292012421732,
      0.6786151534277737,
      0.6778118933603127,
      0.6774866041255261,
      0.6788170988455585,
      0.6780047394542458,
      0.6785878015810721,
      0.6779074275858331,
      0.6782362387940738,
      0.6777208786194976,
      0.6787408654356666,
      0.6776952014271101,
      0.6797958519507569,
      0.6803518601077285,
      0.6799724241724086,
      0.6793901061965649,
      0.679363010516448,
      0.6793947524560874,
      0.6792471004377315,
      0.6789935995179617,
      0.6794625362277017,
      0.6776062516350194,
      0.679138086667487,
      0.6791962355156981,
      0.6791817109466823,
      0.6784280507564628,
      0.6791423483795201,
      0.6798834517187752,
      0.6786403421433276,
      0.6786830786205638,
      0.6782116931970599,
      0.6784267005717179,
      0.6785532138934021,
      0.6794713746948061
    ],