{
  "config": {
    "dataset": "mnm2",
    "backbone": "cinema",
    "model_name": "cinema_pretrained",
    "decoder": "linear_probe",
    "embed_dim": 768,
    "cache_layers": [
      3,
      6,
      9,
      11
    ],
    "probe_layers": [
      0
    ],
    "lr": 0.001,
    "weight_decay": 0.001,
    "batch_size": 16,
    "n_epochs": 100,
    "patience": 20,
    "seed": 0,
    "trainable_params": 4612
  },
  "per_class_dice": {
    "BG": 0.9780523605416378,
    "RV": 0.6215054216062431,
    "MYO": 0.5220072017041344,
    "LV": 0.7712457275504899
  },
  "macro_dice": 0.6382527836202891,
  "training_history": {
    "train_loss": [
      0.9718343546224195,
      0.581306382805802,
      0.5553213442480841,
      0.5411754505578862,
      0.5315049584521804,
      0.5279478922832844,
      0.5224613088507984,
      0.5223275642062343,
      0.5192299367383469,
      0.5149778185888778,
      0.517650454959204,
      0.5134479102700256,
      0.5166799358157225,
      0.5115679451199465,
      0.5126868828784588,
      0.5107085575891096,
      0.5131948353246201,
      0.5098177433013916,
      0.5095939505931943,
      0.5106087918891463,
      0.5102060457994771,
      0.5091405515060868,
      0.5084155917167663,
      0.509605470230413,
      0.5090762892434764,
      0.5078644077445186,
      0.5069504125173702,
      0.506761564903481,
      0.5075990997081579,
      0.5086758531803308,
      0.5057446007118669,
      0.5066977986069613,
      0.5079134367233099,
      0.5103178491426069,
      0.5088351185931715,
      0.5069243787333023,
      0.507553315578505,
      0.5097145285717276,
      0.5070061463256215,
      0.5071713923021804,
      0.50793153768362,
      0.5052051333493964,
      0.5061695590961811,
      0.5074899523757225,
      0.5060206144355064,
      0.5039866781511972,
      0.5058833148590354,
      0.5059920229191004,
      0.5024319982805917,
      0.5018230305161587,
      0.5047943679399268,
      0.5034277703872947,
      0.505031561712886,
      0.5028982861097469,
      0.5047965731731681,
      0.504810572224994,
      0.5041072568228079,
      0.5030886712462403,
      0.5019268625004347,
      0.4992578248644984,
      0.5046589574148489,
      0.504720264950464,
      0.5041517221650412,
      0.5030059721580772,
      0.5033051709796107,
      0.5016237466834312,
      0.5032200175662374,
      0.49879477536955547,
      0.5027116148970848,
      0.5030370712280273,
      0.5009605392467144,
      0.501564344971679,
      0.5017189024492752,
      0.49997185732043065,
      0.5030843087407045,
      0.5036694400532301,
      0.49854953192001167,
      0.5020192731258482,
      0.5028107505898143,
      0.4999149074388105,
      0.5023938752884088,
      0.503377460601718,
      0.49912187346192294,
      0.4979226508805918,
      0.5012959801873496,
      0.5010571023752523,
      0.5030645097410956,
      0.5000794992890469,
      0.49990607902061107,
      0.49896550428035646,
      0.5021766808143882,
      0.49831407652344817,
      0.4998775727527086,
      0.5012297788331675,
      0.4993237237597621,
      0.5015122252841329,
      0.5000891861527466,
      0.5004249406415363
    ],
    "val_macro_dice": [
      0.6254054725120934,
      0.6477066384527244,
      0.6546027153426954,
      0.6616281928414821,
      0.6624921183507486,
      0.663896807407506,
      0.66449634208576,
      0.6675098399973115,
      0.6679733350458149,
      0.6717394280451868,
      0.6720436547365884,
      0.6679854048594994,
      0.6705593197274203,
      0.671432834060945,
      0.6711681493215463,
      0.6750536542279283,
      0.6741280829272526,
      0.6731027056112624,
      0.6747341962804074,
      0.6707834461943373,
      0.6743251275940351,
      0.6724437920954962,
      0.6750712340680868,
      0.6740493903806973,
      0.6780256188361312,
      0.6765242695034379,
      0.6720574470917042,
      0.6759024112585502,
      0.6750189801899995,
      0.675632595100521,
      0.676128734895476,
      0.67632026059998,
      0.674458724608081,
      0.675835184269546,
      0.6768652756782951,
      0.6723073824370576,
      0.6738416774743877,
      0.674817607376657,
      0.677906296596956,
      0.6780714138373805,
      0.677104278443728,
      0.6758573139371729,
      0.6769566695342918,
      0.6735866433711081,
      0.6786905639315813,
      0.6775530931960266,
      0.6751078747936745,
      0.6772411254011721,
      0.6795239887500681,
      0.6787713740757736,
      0.6787938488740389,
      0.6757789436993727,
      0.677605922067277,
      0.6774124919907286,
      0.6760801159832543,
      0.6783363246020571,
      0.6766331452773193,
      0.6790592575451909,
      0.6788367995335047,
      0.6796745683548897,
      0.6787157961954017,
      0.6777713323653746,
      0.6769129140420093,
      0.6783881588241583,
      0.6789821284896879,
      0.6784079529674295,
      0.6789042958005593,
      0.6790876859049293,
      0.6782742998719821,
      0.6785048552555812,
      0.678254019966975,
      0.6780903126089376,
      0.6790061958240402,
      0.678961861688979,
      0.6786202396764066,
      0.6799103234452817,
      0.6797417600412188,
      0.6802130410974626,
      0.6794096783243262,
      0.6793045604066741,
      0.6794075365420725,
      0.6796117876869522,
      0.6795908217319191,
      0.6790019954840588,
      0.6783122796319173,
      0.6793839899019153,
      0.6787139865519635,
      0.6797385947963285,
      0.6788762824469705,
      0.6792348305765468,
      0.6791377555874062,
      0.6782611026158177,
      0.6788147162980739,
      0.6779569502676726,
      0.6784633939126364,
      0.678573539323911,
      0.679635460697141,
      0.6791208557817092
    ],