{
  "config": {
    "dataset": "mnm2",
    "backbone": "cinema",
    "model_name": "cinema_pretrained",
    "decoder": "unetr",
    "embed_dim": 768,
    "cache_layers": [
      3,
      6,
      9,
      11
    ],
    "probe_layers": [
      3,
      6,
      9,
      11
    ],
    "lr": 0.001,
    "weight_decay": 0.001,
    "batch_size": 16,
    "n_epochs": 100,
    "patience": 20,
    "seed": 0,
    "trainable_params": 39083302
  },
  "per_class_dice": {
    "BG": 0.9909546248533343,
    "RV": 0.8520603058393947,
    "MYO": 0.8084869679217026,
    "LV": 0.9231958837076223
  },
  "macro_dice": 0.8612477191562399,
  "training_history": {
    "train_loss": [
      1.8821869015693664,
      0.9188308954238892,
      0.6882825255393982,
      0.563525813817978,
      0.4731689393520355,
      0.4283933460712433,
      0.42551375180482864,
      0.376687128841877,
      0.34476458877325056,
      0.3159459695219994,
      0.3188442587852478,
      0.3050472155213356,
      0.28958943411707877,
      0.2632233902812004,
      0.2738840773701668,
      0.25237924233078957,
      0.26074703633785246,
      0.2551728755235672,
      0.23113981261849403,
      0.23521827906370163,
      0.2094807133078575,
      0.1997977577149868,
      0.1954804927110672,
      0.19280993789434434,
      0.18632505610585212,
      0.17402371019124985,
      0.19401061907410622,
      0.20494335442781447,
      0.184210217744112,
      0.17707040011882783,
      0.16630468294024467,
      0.1583050549030304,
      0.20746391117572785,
      0.17541134878993034,
      0.14989225417375565,
      0.1431906431913376,
      0.1339731454849243,
      0.13089378736913204,
      0.13006389737129212,
      0.12462089806795121,
      0.11957664154469967,
      0.11461275517940521,
      0.11243048571050167,
      0.11279631182551383,
      0.10762072838842869,
      0.10899900831282139,
      0.10474661216139794,
      0.10353501699864864,
      0.09773436561226845,
      0.09614680707454681,
      0.09674153402447701,
      0.10035690516233445,
      0.10387829802930355,
      0.0955009836703539,
      0.0898625049740076,
      0.08688461184501647,
      0.08489936999976636,
      0.08197068125009536,
      0.08353590592741966,
      0.08083712272346019,
      0.07867038287222386,
      0.07782327532768249,
      0.07590712904930115,
      0.07404672801494598,
      0.07255319803953171,
      0.07216278351843357,
      0.07127841860055924,
      0.0706051591783762,
      0.0688874028623104,
      0.06796319968998432,
      0.06701748892664909,
      0.06604460291564465,
      0.0652846684679389,
      0.06460593417286872
    ],
    "val_macro_dice": [
      0.46546975189016876,
      0.618309656758961,
      0.6857718796582349,
      0.7112083807608917,
      0.7878823763925675,
      0.683080221394786,
      0.7910839550259859,
      0.816244625940878,
      0.8312205707262083,
      0.8468997837463027,
      0.8163623262471043,
      0.8510321514601017,
      0.8487609197014946,
      0.8499464130711288,
      0.8533988779409022,
      0.859625668780443,
      0.8375891693211006,
      0.8612563457030377,
      0.8512669955631113,
      0.8502593813435952,
      0.8649758688238157,
      0.8580190459662674,
      0.8510634799936095,
      0.8641499025600421,
      0.8702761028644357,
      0.8691543799816178,
      0.8441820634249203,
      0.8598997016982612,
      0.8624709580155597,
      0.8748199920676623,
      0.8716212936795301,
      0.8699685888955934,
      0.8570841462621855,
      0.8703753246977319,
      0.8745850368853377,
      0.8737476380408173,
      0.8714274558077283,
      0.8743542088415678,
      0.8760588462938541,
      0.8772720669507672,
      0.8772825305107275,
      0.8765014521126515,
      0.8755132534229078,
      0.8762674188427019,
      0.8784665648496238,
      0.8794202760031514,
      0.8767434036193688,
      0.877747975297404,
      0.8793171789007087,
      0.8777244185749499,
      0.877230034431165,
      0.8763862194708464,
      0.8752894181671124,
      0.8803036815070552,
      0.8796135379271043,
      0.8798966373268838,
      0.878980687824531,
      0.8771560589489527,
      0.8796169455152417,
      0.8801197437169977,
      0.877984385501462,
      0.8802118451238184,
      0.8790111444746517,
      0.8793258885097818,
      0.8792272160713622,
      0.8777657720772837,
      0.8800994864302486,
      0.8791927043450983,
      0.8791539034276914,
      0.8785601926876611,
      0.8784085961718482,
      0.87885593203072,
      0.8787011091820734,
      0.8787511476947666
    ],
    "lr": [
      0.0009997532801828658,
      0.0009990133642141358,
      0.00099778098230154,
      0.000996057350657239,
      0.0009938441702975688,
      0.0009911436253643444,
      0.0009879583809693736,
      0.0009842915805643154,
      0.0009801468428384714,
      0.0009755282581475767,
      0.0009704403844771127,
      0.0009648882429441257,
      0.0009588773128419905,
      0.0009524135262330098,
      0.0009455032620941839,
      0.0009381533400219318,
      0.0009303710135019719,
      0.0009221639627510076,
      0.000913540287137281,
      0.0009045084971874739,
      0.0008950775061878452,
      0.0008852566213878947,
      0.0008750555348152298,
      0.0008644843137107057,
      0.0008535533905932737,
      0.0008422735529643444,
      0.0008306559326618259,
      0.0008187119948743449,
      0.0008064535268264883,
      0.0007938926261462367,
      0.0007810416889260654,
      0.0007679133974894983,
      0.0007545207078751857,
      0.0007408768370508577,
      0.0007269952498697734,
      0.0007128896457825364,
      0.0006985739453173903,
      0.0006840622763423391,
      0.0006693689601226458,
      0.0006545084971874737,
      0.0006394955530196147,
      0.0006243449435824273,
      0.0006090716206982714,
      0.0005936906572928625,
      0.0005782172325201156,
      0.0005626666167821523,
      0.0005470541566592572,
      0.0005313952597646569,
      0.0005157053795390643,
      0.0005000000000000002,
      0.00048429462046093607,
      0.0004686047402353435,
      0.000452945843340743,
      0.00043733338321784806,
      0.0004217827674798847,
      0.00040630934270713783,
      0.000390928379301729,
      0.0003756550564175727,
      0.00036050444698038553,
      0.00034549150281252655,
      0.0003306310398773544,
      0.00031593772365766127,
      0.0003014260546826097,
      0.0002871103542174637,
      0.0002730047501302267,
      0.00025912316294914234,
      0.0002454792921248144,
      0.00023208660251050164,
      0.00021895831107393473,
      0.00020610737385376356,
      0.00019354647317351177,
      0.0001812880051256552,
      0.00016934406733817422,
      0.0001577264470356557
    ]
  },
  "best_val_dice": 0.8803036815070552,
  "best_epoch": 54,
  "per_sample_metrics_file": "cinema_pretrained_unetr_20260503_133908_per_sample.csv",
  "n_test_samples": 314,
  "per_slice_metrics_file": "cinema_pretrained_unetr_20260503_133908_per_slice.csv",
  "n_test_slices": 3560
}
