{
  "config": {
    "dataset": "mnm2",
    "backbone": "dinov3",
    "model_name": "dinov3_vitb16",
    "decoder": "conv_decoder",
    "embed_dim": 768,
    "cache_layers": [
      3,
      6,
      9,
      11
    ],
    "probe_layers": [
      3,
      6,
      9,
      11
    ],
    "lr": 0.001,
    "weight_decay": 0.001,
    "batch_size": 16,
    "n_epochs": 100,
    "patience": 20,
    "seed": 0,
    "trainable_params": 3687428
  },
  "per_class_dice": {
    "BG": 0.9910805160448194,
    "RV": 0.8624708826925377,
    "MYO": 0.7850121216378598,
    "LV": 0.9149894029202765
  },
  "macro_dice": 0.854157469083558,
  "training_history": {
    "train_loss": [
      0.68227211930031,
      0.4273506247720053,
      0.3628237796384235,
      0.3262413148270097,
      0.3043697205393813,
      0.2818769323964452,
      0.26488060417563414,
      0.2534232802169267,
      0.24308883069559586,
      0.22940723750480385,
      0.22697506637074227,
      0.21823995154957437,
      0.20779816203339155,
      0.19566482984742453,
      0.19686437547206878,
      0.18844490224538848,
      0.18442003553689912,
      0.18148904214071673,
      0.17382007532341537,
      0.16550315403661062,
      0.1664050450851751,
      0.16299216795799343,
      0.15910557265891584,
      0.1548455319432325,
      0.15008959586537163,
      0.14995023192361343,
      0.14804778892633527,
      0.14644312356100525,
      0.14279235230628834,
      0.14039572674867717,
      0.13415094187786414,
      0.13406852951576542,
      0.13608246670905935,
      0.1321535092453624,
      0.12845768672089244,
      0.12900675011928692,
      0.12254885695008344,
      0.12623073621544728,
      0.12193767061067182,
      0.11822699311860772,
      0.1158483769658,
      0.11272050880415495,
      0.11505916693875956,
      0.11142157302346341,
      0.11028496900270152,
      0.10792706057775853,
      0.1056181613095971,
      0.10581706013790397,
      0.10434610711973767,
      0.1018894440212915,
      0.10021018742821937,
      0.09875071336363637,
      0.099526886191479,
      0.09766169956257177,
      0.09767706220926241,
      0.0966871416845987,
      0.09447178310433099,
      0.09248045623995536,
      0.09162719395271568,
      0.09137945694978847,
      0.09043661757957104,
      0.0892306329899056,
      0.08710393749697264,
      0.08654878361280574,
      0.08597246373808662,
      0.08541345111159392,
      0.08482226739789164,
      0.08310741446045943,
      0.08183776268432306,
      0.08220735216556593,
      0.08155316408983497,
      0.08047955607952073,
      0.08014065488133319,
      0.07845083637986072,
      0.07806922765665276,
      0.07809282912071361,
      0.07736435012761937,
      0.0768837685155314
    ],
    "val_macro_dice": [
      0.785120682461427,
      0.8118668059530387,
      0.8106723078003281,
      0.8248038401639436,
      0.8340877306543595,
      0.8377953441907758,
      0.8463444344851517,
      0.8449717018432567,
      0.8475027872297921,
      0.8399179055688242,
      0.8540359921194058,
      0.8404504719542097,
      0.837100622585198,
      0.8483255393712481,
      0.8524983848654136,
      0.8522707794380849,
      0.8565406534357463,
      0.8490861216480089,
      0.8565639065628737,
      0.8504296865787132,
      0.8548700096014142,
      0.8560959595713292,
      0.8526301543500584,
      0.8549162139273999,
      0.8588737401774327,
      0.8524769784059402,
      0.8569766362001875,
      0.8562561527997289,
      0.8571378204264258,
      0.8599560176572055,
      0.8612725390054147,
      0.8557615145701294,
      0.8606533755492564,
      0.8604931995872519,
      0.8489556883442814,
      0.859345771180909,
      0.8604493804397464,
      0.8589885903590417,
      0.8594867879721168,
      0.8608482306848773,
      0.8612976284252755,
      0.8610448186911565,
      0.8621272683186629,
      0.8591803125135442,
      0.8603131168002177,
      0.8594968819459657,
      0.8565836147261652,
      0.8624549381299672,
      0.8600775877923347,
      0.8604971517173189,
      0.8621068070052961,
      0.8596610292078793,
      0.860378885652931,
      0.8611781671218727,
      0.8607644054424207,
      0.8596110715630211,
      0.8601095452216837,
      0.8631607726942344,
      0.8611870780518037,
      0.8621774822188555,
      0.8604465483871172,
      0.8609683580109108,
      0.8609944901342012,
      0.8623840664789473,
      0.861108672998029,
      0.8624370360050116,
      0.8621431946823819,
      0.8621535086922516,
      0.8619902753864833,
      0.8610766644264465,
      0.861718609049745,
      0.8616629827777716,
      0.8618398115465739,
      0.8616820221951297,
      0.8615721244601618,
      0.8607588673101046,
      0.8618599395757238,
      0.8615034056553131
    ],
    "lr": [
      0.0009997532801828658,
      0.0009990133642141358,
      0.00099778098230154,
      0.000996057350657239,
      0.0009938441702975688,
      0.0009911436253643444,
      0.0009879583809693736,
      0.0009842915805643154,
      0.0009801468428384714,
      0.0009755282581475767,
      0.0009704403844771127,
      0.0009648882429441257,
      0.0009588773128419905,
      0.0009524135262330098,
      0.0009455032620941839,
      0.0009381533400219318,
      0.0009303710135019719,
      0.0009221639627510076,
      0.000913540287137281,
      0.0009045084971874739,
      0.0008950775061878452,
      0.0008852566213878947,
      0.0008750555348152298,
      0.0008644843137107057,
      0.0008535533905932737,
      0.0008422735529643444,
      0.0008306559326618259,
      0.0008187119948743449,
      0.0008064535268264883,
      0.0007938926261462367,
      0.0007810416889260654,
      0.0007679133974894983,
      0.0007545207078751857,
      0.0007408768370508577,
      0.0007269952498697734,
      0.0007128896457825364,
      0.0006985739453173903,
      0.0006840622763423391,
      0.0006693689601226458,
      0.0006545084971874737,
      0.0006394955530196147,
      0.0006243449435824273,
      0.0006090716206982714,
      0.0005936906572928625,
      0.0005782172325201156,
      0.0005626666167821523,
      0.0005470541566592572,
      0.0005313952597646569,
      0.0005157053795390643,
      0.0005000000000000002,
      0.00048429462046093607,
      0.0004686047402353435,
      0.000452945843340743,
      0.00043733338321784806,
      0.0004217827674798847,
      0.00040630934270713783,
      0.000390928379301729,
      0.0003756550564175727,
      0.00036050444698038553,
      0.00034549150281252655,
      0.0003306310398773544,
      0.00031593772365766127,
      0.0003014260546826097,
      0.0002871103542174637,
      0.0002730047501302267,
      0.00025912316294914234,
      0.0002454792921248144,
      0.00023208660251050164,
      0.00021895831107393473,
      0.00020610737385376356,
      0.00019354647317351177,
      0.0001812880051256552,
      0.00016934406733817422,
      0.0001577264470356557,
      0.00014644660940672634,
      0.0001355156862892944,
      0.00012494446518477025,
      0.00011474337861210548
    ]
  },
  "best_val_dice": 0.8631607726942344,
  "best_epoch": 58,
  "per_slice_metrics_file": "dinov3_vitb16_conv_decoder_20260503_025833_per_slice.csv",
  "n_test_slices": 3562,
  "per_stack_metrics_file": "dinov3_vitb16_conv_decoder_20260503_025833_per_stack.csv",
  "n_test_stacks": 314
}
