{
  "config": {
    "dataset": "mnm2",
    "backbone": "dinov3",
    "model_name": "dinov3_vitl16",
    "decoder": "linear_probe",
    "embed_dim": 1024,
    "cache_layers": [
      5,
      11,
      17,
      23
    ],
    "probe_layers": [
      23
    ],
    "lr": 0.001,
    "weight_decay": 0.001,
    "batch_size": 16,
    "n_epochs": 100,
    "patience": 20,
    "seed": 0,
    "trainable_params": 6148
  },
  "per_class_dice": {
    "BG": 0.9855797703985202,
    "RV": 0.7715173795309106,
    "MYO": 0.6350177804491911,
    "LV": 0.8449841240695013
  },
  "macro_dice": 0.7505064280165343,
  "training_history": {
    "train_loss": [
      0.9277357764022295,
      0.48754696042038675,
      0.45007117751032805,
      0.43488079295601956,
      0.4243072383625563,
      0.4169144268645797,
      0.413198597486629,
      0.41141659159993016,
      0.4122086501398752,
      0.4056847333908081,
      0.4060215390005777,
      0.40663007830464565,
      0.40796225569969,
      0.4025067149206649,
      0.40260070049485497,
      0.40125176573908605,
      0.4025435839974603,
      0.4016001561353373,
      0.39856609743694926,
      0.4003319827623146,
      0.4011995890805888,
      0.40217328972594685,
      0.39774579114692155,
      0.4006805275761804,
      0.3981801602729531,
      0.3955923521241476,
      0.3974670041439145,
      0.397664410568947,
      0.397823194986166,
      0.39741182133208874,
      0.3934279877086018,
      0.3983209956523984,
      0.3958417782949847,
      0.396895335164181,
      0.39861168251481166,
      0.3981036453746086,
      0.3960277597571528,
      0.40184943398763967,
      0.3958480922288673,
      0.3944433123566384,
      0.39592545074085855,
      0.39892819135688073,
      0.3981641603070636,
      0.39470928630163504,
      0.39139203054960386,
      0.3959653973579407,
      0.39541060314622034,
      0.39367095148840614,
      0.3956074793671453,
      0.39241755285928415,
      0.3925599085730176,
      0.39433762833129526,
      0.3939534976038822,
      0.39403718751530314
    ],
    "val_macro_dice": [
      0.6988234037537939,
      0.7207332437666026,
      0.7300883200182285,
      0.7330768279829326,
      0.7382668010993308,
      0.7394959627413811,
      0.740791391500407,
      0.7440430134226825,
      0.7423826266872776,
      0.7451757094256367,
      0.7465064519818349,
      0.7461729393721711,
      0.7492005682674686,
      0.7453976652739036,
      0.7469275582858753,
      0.7503677903576073,
      0.7497164655660491,
      0.749450788100544,
      0.7512325058059092,
      0.7470992748935065,
      0.7488692518194037,
      0.7500822404106932,
      0.7496838028167327,
      0.7472514254837116,
      0.7518695390970308,
      0.7473084909576101,
      0.7500715413266249,
      0.7509435820720761,
      0.7526252306620814,
      0.7517844898324543,
      0.7506807898266,
      0.7500911181241716,
      0.7530737275504675,
      0.7541994336669147,
      0.7517258666145015,
      0.751379788454901,
      0.7526421014354104,
      0.7538562335190981,
      0.7532441010305956,
      0.751927631985008,
      0.7509322180600865,
      0.7532762130179315,
      0.7540771635466005,
      0.7533421047328513,
      0.7537383365903542,
      0.751328347497232,
      0.7528818759440252,
      0.7519580392085575,
      0.752856138630567,
      0.7528037993519926,
      0.7532257424712974,
      0.7522751194785554,
      0.7519617135646589,
      0.7534999603361978
    ],
    "lr": [
      0.0009997532801828658,
      0.0009990133642141358,
      0.00099778098230154,
      0.000996057350657239,
      0.0009938441702975688,
      0.0009911436253643444,
      0.0009879583809693736,
      0.0009842915805643154,
      0.0009801468428384714,
      0.0009755282581475767,
      0.0009704403844771127,
      0.0009648882429441257,
      0.0009588773128419905,
      0.0009524135262330098,
      0.0009455032620941839,
      0.0009381533400219318,
      0.0009303710135019719,
      0.0009221639627510076,
      0.000913540287137281,
      0.0009045084971874739,
      0.0008950775061878452,
      0.0008852566213878947,
      0.0008750555348152298,
      0.0008644843137107057,
      0.0008535533905932737,
      0.0008422735529643444,
      0.0008306559326618259,
      0.0008187119948743449,
      0.0008064535268264883,
      0.0007938926261462367,
      0.0007810416889260654,
      0.0007679133974894983,
      0.0007545207078751857,
      0.0007408768370508577,
      0.0007269952498697734,
      0.0007128896457825364,
      0.0006985739453173903,
      0.0006840622763423391,
      0.0006693689601226458,
      0.0006545084971874737,
      0.0006394955530196147,
      0.0006243449435824273,
      0.0006090716206982714,
      0.0005936906572928625,
      0.0005782172325201156,
      0.0005626666167821523,
      0.0005470541566592572,
      0.0005313952597646569,
      0.0005157053795390643,
      0.0005000000000000002,
      0.00048429462046093607,
      0.0004686047402353435,
      0.000452945843340743,
      0.00043733338321784806
    ]
  },
  "best_val_dice": 0.7541994336669147,
  "best_epoch": 34,
  "per_slice_metrics_file": "dinov3_vitl16_linear_probe_20260503_074834_per_slice.csv",
  "n_test_slices": 3562,
  "per_stack_metrics_file": "dinov3_vitl16_linear_probe_20260503_074834_per_stack.csv",
  "n_test_stacks": 314
}
