{
  "config": {
    "dataset": "mnm2",
    "backbone": "dinov3",
    "model_name": "dinov3_vitb16",
    "decoder": "conv_decoder",
    "embed_dim": 768,
    "cache_layers": [
      3,
      6,
      9,
      11
    ],
    "probe_layers": [
      3,
      6,
      9,
      11
    ],
    "lr": 0.001,
    "weight_decay": 0.001,
    "batch_size": 16,
    "n_epochs": 100,
    "patience": 20,
    "seed": 0,
    "trainable_params": 3687428
  },
  "per_class_dice": {
    "BG": 0.9909853676237328,
    "RV": 0.8612053072028024,
    "MYO": 0.7840267688656715,
    "LV": 0.9146553831164678
  },
  "macro_dice": 0.8532958197283138,
  "training_history": {
    "train_loss": [
      0.6770006450109703,
      0.42694277153458704,
      0.3651346048643423,
      0.32795070160266965,
      0.3041217012460842,
      0.28264425279096117,
      0.26455663103003835,
      0.25523614633915037,
      0.2443928681140722,
      0.2286171371853629,
      0.22530053722303967,
      0.21391017242919566,
      0.20524312985497853,
      0.19406100851158764,
      0.19490199373211972,
      0.18990650218586588,
      0.18478150624175405,
      0.1794635900924372,
      0.17436805499154467,
      0.16627510203871615,
      0.16396057328512503,
      0.16331969319387923,
      0.15940950298032094,
      0.15369680503080058,
      0.14924895780724148,
      0.1452673730115558,
      0.148504479541335,
      0.14379835943149966,
      0.1418009403833123,
      0.1365308836795563,
      0.1340283673170001,
      0.13250855169323988,
      0.12995634065117947,
      0.12846211967773216,
      0.12916753454956897,
      0.12486883755340132,
      0.12191491036914116,
      0.12396376642376877,
      0.12367827053679976,
      0.11652148878851602,
      0.11470253886871559,
      0.1125006890574167,
      0.1132227846702864,
      0.10991455780905346,
      0.10714455735544826,
      0.10736515546260877,
      0.10419462915769843,
      0.10352078839096912,
      0.10382491034823794,
      0.10199787935545278,
      0.09953229559022327,
      0.09865496186322945,
      0.09831102022597957,
      0.09720872599025106,
      0.09513369126375332,
      0.09524615902540295,
      0.09465351922567501,
      0.09231918329416319,
      0.09076215299062951,
      0.09060421904852224,
      0.08929636987835862,
      0.08860688462506892,
      0.08654212896213975,
      0.08591520678858425,
      0.08554087239642476,
      0.08521836178247319
    ],
    "val_macro_dice": [
      0.784395206250459,
      0.8134849402418377,
      0.8146655698785489,
      0.8258146164905704,
      0.8308785497495664,
      0.8359525538480627,
      0.8437328615981358,
      0.8440593900654321,
      0.8476934806307191,
      0.8312096385868092,
      0.8500708563956031,
      0.8348722984165241,
      0.8437631487349341,
      0.8473989730795756,
      0.8555700872954165,
      0.8535518108265978,
      0.8517416272804708,
      0.8489242375073126,
      0.8526984767504322,
      0.8488973078785885,
      0.8539101540647169,
      0.8550434161849917,
      0.8469556034495956,
      0.8579591628951969,
      0.8602154239656042,
      0.8535889342498296,
      0.8536106222455097,
      0.85639076650941,
      0.8588839501778205,
      0.8581438686506991,
      0.8596441216103684,
      0.8568959887795969,
      0.8580603389550493,
      0.860303052875016,
      0.8589876422191435,
      0.8550199911231625,
      0.8605877617444135,
      0.8585802926382651,
      0.8578208858017614,
      0.8597479276183435,
      0.8594573305401582,
      0.8605385636724797,
      0.8601418157651923,
      0.8608278238107513,
      0.8586638055100145,
      0.8620292991904696,
      0.8571147579830803,
      0.8612439874715538,
      0.860641726244148,
      0.8582187914757166,
      0.8608538738240727,
      0.8590122921316241,
      0.8580116845875255,
      0.860370270565271,
      0.8611729292599253,
      0.8593509229869482,
      0.8590337234248481,
      0.8608089538368654,
      0.859980438607319,
      0.8602068002082408,
      0.8599166139973132,
      0.860520072545861,
      0.860115615930454,
      0.8611452803301051,
      0.8612870555637026,
      0.8604284722148762
    ],
    "lr": [
      0.0009997532801828658,
      0.0009990133642141358,
      0.00099778098230154,
      0.000996057350657239,
      0.0009938441702975688,
      0.0009911436253643444,
      0.0009879583809693736,
      0.0009842915805643154,
      0.0009801468428384714,
      0.0009755282581475767,
      0.0009704403844771127,
      0.0009648882429441257,
      0.0009588773128419905,
      0.0009524135262330098,
      0.0009455032620941839,
      0.0009381533400219318,
      0.0009303710135019719,
      0.0009221639627510076,
      0.000913540287137281,
      0.0009045084971874739,
      0.0008950775061878452,
      0.0008852566213878947,
      0.0008750555348152298,
      0.0008644843137107057,
      0.0008535533905932737,
      0.0008422735529643444,
      0.0008306559326618259,
      0.0008187119948743449,
      0.0008064535268264883,
      0.0007938926261462367,
      0.0007810416889260654,
      0.0007679133974894983,
      0.0007545207078751857,
      0.0007408768370508577,
      0.0007269952498697734,
      0.0007128896457825364,
      0.0006985739453173903,
      0.0006840622763423391,
      0.0006693689601226458,
      0.0006545084971874737,
      0.0006394955530196147,
      0.0006243449435824273,
      0.0006090716206982714,
      0.0005936906572928625,
      0.0005782172325201156,
      0.0005626666167821523,
      0.0005470541566592572,
      0.0005313952597646569,
      0.0005157053795390643,
      0.0005000000000000002,
      0.00048429462046093607,
      0.0004686047402353435,
      0.000452945843340743,
      0.00043733338321784806,
      0.0004217827674798847,
      0.00040630934270713783,
      0.000390928379301729,
      0.0003756550564175727,
      0.00036050444698038553,
      0.00034549150281252655,
      0.0003306310398773544,
      0.00031593772365766127,
      0.0003014260546826097,
      0.0002871103542174637,
      0.0002730047501302267,
      0.00025912316294914234
    ]
  },
  "best_val_dice": 0.8620292991904696,
  "best_epoch": 46,
  "per_slice_metrics_file": "dinov3_vitb16_conv_decoder_20260421_082102_per_slice.csv",
  "n_test_slices": 3562,
  "per_stack_metrics_file": "dinov3_vitb16_conv_decoder_20260421_082102_per_stack.csv",
  "n_test_stacks": 314
}