{
  "config": {
    "dataset": "mnm2",
    "backbone": "dinov3",
    "model_name": "dinov3_vits16",
    "decoder": "unetr",
    "embed_dim": 384,
    "cache_layers": [
      3,
      6,
      9,
      11
    ],
    "probe_layers": [
      3,
      6,
      9,
      11
    ],
    "lr": 0.001,
    "weight_decay": 0.001,
    "batch_size": 16,
    "n_epochs": 100,
    "patience": 20,
    "seed": 0,
    "trainable_params": 31016868
  },
  "per_class_dice": {
    "BG": 0.990741224044998,
    "RV": 0.8577070028612085,
    "MYO": 0.7794419562857824,
    "LV": 0.9148029654462554
  },
  "macro_dice": 0.850650641531082,
  "training_history": {
    "train_loss": [
      1.6608072936534881,
      0.745979642868042,
      0.542698048055172,
      0.45406023412942886,
      0.4045452132821083,
      0.35839389711618425,
      0.32570363134145736,
      0.3052486702799797,
      0.2802275002002716,
      0.2544608533382416,
      0.23885569870471954,
      0.23309697285294534,
      0.2221653051674366,
      0.19509540870785713,
      0.18593543022871017,
      0.17282145321369172,
      0.161958297342062,
      0.15644001141190528,
      0.1518775925040245,
      0.1731427326798439,
      0.1527128003537655,
      0.13348395749926567,
      0.13004413209855556,
      0.12146213799715042,
      0.11627224422991275,
      0.10836515687406063,
      0.1087659526616335,
      0.10570573844015599,
      0.10545486360788345,
      0.10059418939054013,
      0.09818656779825688,
      0.09614940956234933,
      0.10010479092597961,
      0.0960333425551653,
      0.09068308286368847,
      0.08718405626714229,
      0.08318840712308884,
      0.07895926646888256,
      0.07707557566463948,
      0.07707534879446029,
      0.08571164570748806,
      0.08399444110691548,
      0.0779641404747963,
      0.07255780845880508,
      0.07090746983885765,
      0.0681772582232952,
      0.06633581202477216,
      0.06335386745631695,
      0.06150839291512966,
      0.06027671918272972,
      0.05893602818250656,
      0.058446540124714376,
      0.059032311849296096,
      0.057967060059309
    ],
    "val_macro_dice": [
      0.6393431267619615,
      0.7277304173031943,
      0.7641156394902323,
      0.7568052881020275,
      0.8212284207214018,
      0.7932575008591778,
      0.8195429142444715,
      0.8213625945951675,
      0.8407053961904604,
      0.8432448604871272,
      0.8244511049504881,
      0.8473848033965421,
      0.8520120781038204,
      0.8490227413981238,
      0.8567035713024977,
      0.8533275428990074,
      0.8552069541742705,
      0.8579525597882576,
      0.8505362038204086,
      0.8612859217919722,
      0.8552291850431694,
      0.8615611614627223,
      0.8594534491620202,
      0.8603403149866274,
      0.8635389762374212,
      0.8628165629576167,
      0.8604673644888234,
      0.8599513532244111,
      0.8600815569427201,
      0.8625081529609525,
      0.863437511721188,
      0.863746577547881,
      0.8630440330063909,
      0.866915041192346,
      0.8632434528190115,
      0.8645205575972043,
      0.8638743638368659,
      0.8640593736378396,
      0.8640572486761258,
      0.8604449935660567,
      0.8604452851343578,
      0.8619013633788452,
      0.8633586272267997,
      0.8645149804705556,
      0.8630690241722254,
      0.8632623248533718,
      0.8638242784639655,
      0.86419533341408,
      0.8634016492489757,
      0.8650425267243566,
      0.8627377658351162,
      0.8636087062179714,
      0.8628153026301423,
      0.8620350225383421
    ],
    "lr": [
      0.0009997532801828658,
      0.0009990133642141358,
      0.00099778098230154,
      0.000996057350657239,
      0.0009938441702975688,
      0.0009911436253643444,
      0.0009879583809693736,
      0.0009842915805643154,
      0.0009801468428384714,
      0.0009755282581475767,
      0.0009704403844771127,
      0.0009648882429441257,
      0.0009588773128419905,
      0.0009524135262330098,
      0.0009455032620941839,
      0.0009381533400219318,
      0.0009303710135019719,
      0.0009221639627510076,
      0.000913540287137281,
      0.0009045084971874739,
      0.0008950775061878452,
      0.0008852566213878947,
      0.0008750555348152298,
      0.0008644843137107057,
      0.0008535533905932737,
      0.0008422735529643444,
      0.0008306559326618259,
      0.0008187119948743449,
      0.0008064535268264883,
      0.0007938926261462367,
      0.0007810416889260654,
      0.0007679133974894983,
      0.0007545207078751857,
      0.0007408768370508577,
      0.0007269952498697734,
      0.0007128896457825364,
      0.0006985739453173903,
      0.0006840622763423391,
      0.0006693689601226458,
      0.0006545084971874737,
      0.0006394955530196147,
      0.0006243449435824273,
      0.0006090716206982714,
      0.0005936906572928625,
      0.0005782172325201156,
      0.0005626666167821523,
      0.0005470541566592572,
      0.0005313952597646569,
      0.0005157053795390643,
      0.0005000000000000002,
      0.00048429462046093607,
      0.0004686047402353435,
      0.000452945843340743,
      0.00043733338321784806
    ]
  },
  "best_val_dice": 0.866915041192346,
  "best_epoch": 34,
  "per_sample_metrics_file": "dinov3_vits16_unetr_20260503_014742_per_sample.csv",
  "n_test_samples": 314,
  "per_slice_metrics_file": "dinov3_vits16_unetr_20260503_014742_per_slice.csv",
  "n_test_slices": 3560
}
