{
  "config": {
    "dataset": "mnm2",
    "backbone": "dinov3",
    "model_name": "dinov3_vitl16",
    "decoder": "conv_decoder",
    "embed_dim": 1024,
    "cache_layers": [
      5,
      11,
      17,
      23
    ],
    "probe_layers": [
      5,
      11,
      17,
      23
    ],
    "lr": 0.001,
    "weight_decay": 0.001,
    "batch_size": 16,
    "n_epochs": 100,
    "patience": 20,
    "seed": 0,
    "trainable_params": 4867076
  },
  "per_class_dice": {
    "BG": 0.9911450220105475,
    "RV": 0.8666837399905024,
    "MYO": 0.786070156955083,
    "LV": 0.9149179569566224
  },
  "macro_dice": 0.8558906179674026,
  "training_history": {
    "train_loss": [
      0.6729237826757652,
      0.4248140228349109,
      0.36371447624162184,
      0.32400300807731097,
      0.29932010353997696,
      0.2793485392664754,
      0.261425927212072,
      0.2466142347385717,
      0.2401592362065648,
      0.2257206103136373,
      0.2169703511997711,
      0.21000136157800986,
      0.20301195396933444,
      0.1895734529162562,
      0.1892822734145231,
      0.18363866022852965,
      0.1772947418828343,
      0.16808445072451303,
      0.16804341389689334,
      0.16286494801210802,
      0.15792920180531436,
      0.15706555410179981,
      0.15175078788469004,
      0.14994440206954646,
      0.1444981202483177,
      0.14713970013829164,
      0.14446781100921852,
      0.14311910729075586,
      0.1365028698430505,
      0.13087550606145415,
      0.12702032812806063,
      0.12842737990756367,
      0.12526683620242185,
      0.12295140537411668,
      0.12348059259874876,
      0.12110449075698852,
      0.11725852950367817,
      0.1206771781278211,
      0.11840822578862656,
      0.11267246531192647,
      0.1088146229469499,
      0.10684115817380506,
      0.10921255398628324,
      0.10541933962078982,
      0.10417772431013196,
      0.10537967155146044,
      0.10188742886449015,
      0.10012017044910165,
      0.09841718375682831,
      0.09715353960907737,
      0.09522545639165612,
      0.09495403305735699,
      0.09300418038700903,
      0.09221198929603709,
      0.09158016263052475,
      0.09174682348966598,
      0.09013718037411224,
      0.08642235744831174,
      0.08709038125221119,
      0.08593319536641586,
      0.0854787498366001,
      0.08329013274159543,
      0.08177407120549401,
      0.08272966056369072,
      0.08229129865419033
    ],
    "val_macro_dice": [
      0.7757696657756297,
      0.8119933572724377,
      0.8144888627628886,
      0.8174680612766578,
      0.8373764221912747,
      0.8259858106075129,
      0.8505707881917125,
      0.8426499434770255,
      0.8518050536410894,
      0.8494650921416439,
      0.8556374635134926,
      0.8486782938691518,
      0.8445587074488733,
      0.8420052047827115,
      0.8556094267628165,
      0.8437784046502586,
      0.8531174281312462,
      0.8540349567069371,
      0.85396957782045,
      0.8503722926556202,
      0.8575671909525092,
      0.8577907349349635,
      0.8524877002903056,
      0.8568779299351014,
      0.8566684618656576,
      0.8589285344389591,
      0.8575451359142842,
      0.85257687955421,
      0.8586136976269624,
      0.8606529332396908,
      0.859738760066482,
      0.8539578072767747,
      0.8578697460408483,
      0.860370365274095,
      0.8588471566299992,
      0.8635807447945343,
      0.8560154729623722,
      0.859183079885882,
      0.8556322636537925,
      0.8593744498822606,
      0.8618559522781504,
      0.86224671217951,
      0.8603524079709454,
      0.8632316277401276,
      0.8641838333222985,
      0.860095542346222,
      0.8603091337332177,
      0.8623790707876292,
      0.8606712867836208,
      0.8612723807442327,
      0.8636979257455751,
      0.8595528745537745,
      0.8618729419352938,
      0.8599568116543149,
      0.861097867423784,
      0.8602897661893215,
      0.8605982058792669,
      0.8617050268466958,
      0.8609943474364692,
      0.8618129892587718,
      0.8630187368898238,
      0.860633549887547,
      0.8602683677187098,
      0.862503895933186,
      0.8620339970529084
    ],
    "lr": [
      0.0009997532801828658,
      0.0009990133642141358,
      0.00099778098230154,
      0.000996057350657239,
      0.0009938441702975688,
      0.0009911436253643444,
      0.0009879583809693736,
      0.0009842915805643154,
      0.0009801468428384714,
      0.0009755282581475767,
      0.0009704403844771127,
      0.0009648882429441257,
      0.0009588773128419905,
      0.0009524135262330098,
      0.0009455032620941839,
      0.0009381533400219318,
      0.0009303710135019719,
      0.0009221639627510076,
      0.000913540287137281,
      0.0009045084971874739,
      0.0008950775061878452,
      0.0008852566213878947,
      0.0008750555348152298,
      0.0008644843137107057,
      0.0008535533905932737,
      0.0008422735529643444,
      0.0008306559326618259,
      0.0008187119948743449,
      0.0008064535268264883,
      0.0007938926261462367,
      0.0007810416889260654,
      0.0007679133974894983,
      0.0007545207078751857,
      0.0007408768370508577,
      0.0007269952498697734,
      0.0007128896457825364,
      0.0006985739453173903,
      0.0006840622763423391,
      0.0006693689601226458,
      0.0006545084971874737,
      0.0006394955530196147,
      0.0006243449435824273,
      0.0006090716206982714,
      0.0005936906572928625,
      0.0005782172325201156,
      0.0005626666167821523,
      0.0005470541566592572,
      0.0005313952597646569,
      0.0005157053795390643,
      0.0005000000000000002,
      0.00048429462046093607,
      0.0004686047402353435,
      0.000452945843340743,
      0.00043733338321784806,
      0.0004217827674798847,
      0.00040630934270713783,
      0.000390928379301729,
      0.0003756550564175727,
      0.00036050444698038553,
      0.00034549150281252655,
      0.0003306310398773544,
      0.00031593772365766127,
      0.0003014260546826097,
      0.0002871103542174637,
      0.0002730047501302267
    ]
  },
  "best_val_dice": 0.8641838333222985,
  "best_epoch": 45,
  "per_slice_metrics_file": "dinov3_vitl16_conv_decoder_20260421_082241_per_slice.csv",
  "n_test_slices": 3562,
  "per_stack_metrics_file": "dinov3_vitl16_conv_decoder_20260421_082241_per_stack.csv",
  "n_test_stacks": 314
}