{
  "config": {
    "dataset": "mnm2",
    "backbone": "dinov3",
    "model_name": "dinov3_vitb16",
    "decoder": "unetr",
    "embed_dim": 768,
    "cache_layers": [
      3,
      6,
      9,
      11
    ],
    "probe_layers": [
      3,
      6,
      9,
      11
    ],
    "lr": 0.001,
    "weight_decay": 0.001,
    "batch_size": 16,
    "n_epochs": 100,
    "patience": 20,
    "seed": 0,
    "trainable_params": 41338788
  },
  "per_class_dice": {
    "BG": 0.990615750868018,
    "RV": 0.8607038209780578,
    "MYO": 0.7830066923717552,
    "LV": 0.9118835317541935
  },
  "macro_dice": 0.8518646817013354,
  "training_history": {
    "train_loss": [
      1.4256594151258468,
      0.6423144042491913,
      0.5008289203047752,
      0.4156575292348862,
      0.35818010866641997,
      0.3254687458276749,
      0.3030500128865242,
      0.27872207164764407,
      0.25771900564432143,
      0.24081850349903106,
      0.22081779688596725,
      0.2050445519387722,
      0.1879584535956383,
      0.18804256096482277,
      0.17473222613334655,
      0.1628652758896351,
      0.1553204707801342,
      0.1473001405596733,
      0.1395941324532032,
      0.13295036628842355,
      0.13007829636335372,
      0.12636655606329442,
      0.12357162460684776,
      0.11858690157532692,
      0.11511227563023567,
      0.10540467388927936,
      0.10119661912322045,
      0.10355936884880065,
      0.09991106800734997,
      0.10287380330264569,
      0.11894063763320446,
      0.10498532690107823,
      0.09885877445340156,
      0.09348364174365997,
      0.08810603804886341,
      0.08102086521685123,
      0.07624109722673893,
      0.07204647734761238,
      0.07051353976130485,
      0.07130378447473049,
      0.07138944752514362,
      0.07543154209852218,
      0.07523783221840859,
      0.06976273097097874,
      0.06526163704693318,
      0.06266014799475669,
      0.06022091433405876,
      0.058495115488767624,
      0.056732974387705325,
      0.05706645306199789,
      0.05920238010585308,
      0.0600358821451664,
      0.06067634783685207,
      0.055947183072566985,
      0.05437977258116007
    ],
    "val_macro_dice": [
      0.6243892349639485,
      0.755412708896786,
      0.7947500690935327,
      0.8088135656951185,
      0.8118187365549664,
      0.8059236730967819,
      0.826323743872338,
      0.8490391097933448,
      0.8422360342387902,
      0.8518319915905278,
      0.8465203563176602,
      0.8546506188022532,
      0.8591858657300276,
      0.8598751255760538,
      0.8571411947008665,
      0.8564945524205504,
      0.861142576365226,
      0.8610740389247572,
      0.8621203170325069,
      0.8635172233547791,
      0.8601744822894535,
      0.8636957698962394,
      0.8625799637105991,
      0.8614816219434921,
      0.8624557656100321,
      0.8626146084996412,
      0.8665362530476096,
      0.8649105691306932,
      0.8597107847400892,
      0.8610467421484382,
      0.8649009116170641,
      0.8614740279667066,
      0.8648820991233714,
      0.8652042150163487,
      0.8682042669840447,
      0.8670808936941302,
      0.8666939280445884,
      0.8652034359443479,
      0.8677585756475471,
      0.8668059394187733,
      0.8627057499403943,
      0.8658072864660573,
      0.8662429012232901,
      0.8660335838708639,
      0.866266467008455,
      0.8670326705672634,
      0.866813339601196,
      0.8669240276420141,
      0.8660229745670601,
      0.8661991917854058,
      0.8648279158560618,
      0.8643831269826029,
      0.8664925150548362,
      0.8659586124740355,
      0.8657277735542189
    ],
    "lr": [
      0.0009997532801828658,
      0.0009990133642141358,
      0.00099778098230154,
      0.000996057350657239,
      0.0009938441702975688,
      0.0009911436253643444,
      0.0009879583809693736,
      0.0009842915805643154,
      0.0009801468428384714,
      0.0009755282581475767,
      0.0009704403844771127,
      0.0009648882429441257,
      0.0009588773128419905,
      0.0009524135262330098,
      0.0009455032620941839,
      0.0009381533400219318,
      0.0009303710135019719,
      0.0009221639627510076,
      0.000913540287137281,
      0.0009045084971874739,
      0.0008950775061878452,
      0.0008852566213878947,
      0.0008750555348152298,
      0.0008644843137107057,
      0.0008535533905932737,
      0.0008422735529643444,
      0.0008306559326618259,
      0.0008187119948743449,
      0.0008064535268264883,
      0.0007938926261462367,
      0.0007810416889260654,
      0.0007679133974894983,
      0.0007545207078751857,
      0.0007408768370508577,
      0.0007269952498697734,
      0.0007128896457825364,
      0.0006985739453173903,
      0.0006840622763423391,
      0.0006693689601226458,
      0.0006545084971874737,
      0.0006394955530196147,
      0.0006243449435824273,
      0.0006090716206982714,
      0.0005936906572928625,
      0.0005782172325201156,
      0.0005626666167821523,
      0.0005470541566592572,
      0.0005313952597646569,
      0.0005157053795390643,
      0.0005000000000000002,
      0.00048429462046093607,
      0.0004686047402353435,
      0.000452945843340743,
      0.00043733338321784806,
      0.0004217827674798847
    ]
  },
  "best_val_dice": 0.8682042669840447,
  "best_epoch": 35,
  "per_sample_metrics_file": "dinov3_vitb16_unetr_20260421_082613_per_sample.csv",
  "n_test_samples": 314,
  "per_slice_metrics_file": "dinov3_vitb16_unetr_20260421_082613_per_slice.csv",
  "n_test_slices": 3560
}