{
  "config": {
    "dataset": "mnm2",
    "backbone": "dinov3",
    "model_name": "dinov3_vitl16",
    "decoder": "linear_probe",
    "embed_dim": 1024,
    "cache_layers": [
      5,
      11,
      17,
      23
    ],
    "probe_layers": [
      23
    ],
    "lr": 0.001,
    "weight_decay": 0.001,
    "batch_size": 16,
    "n_epochs": 100,
    "patience": 20,
    "seed": 0,
    "trainable_params": 6148
  },
  "per_class_dice": {
    "BG": 0.9855930590835289,
    "RV": 0.7741238566706458,
    "MYO": 0.6386506884775589,
    "LV": 0.8456566503878712
  },
  "macro_dice": 0.7528103985120252,
  "training_history": {
    "train_loss": [
      0.9197147552357163,
      0.48601047854090845,
      0.4513336888579435,
      0.4342347907465558,
      0.42586992882018865,
      0.41667858098828514,
      0.41508940888005635,
      0.41150523465733196,
      0.40858243204826533,
      0.4054150756015334,
      0.4086046167584353,
      0.4039134191912274,
      0.4043286994446156,
      0.40058838433997573,
      0.4010232601054879,
      0.4008615678132966,
      0.398886168834775,
      0.39845548036486605,
      0.40028400836988937,
      0.3979244923868845,
      0.4019302784010421,
      0.4014729548332303,
      0.39661698577015897,
      0.3971197078394335,
      0.39749037692713185,
      0.39953976994337037,
      0.40072871100070867,
      0.39832015120705894,
      0.3948623314846394,
      0.3969572162905405,
      0.39484797951787015,
      0.3974555924881336,
      0.395862756496252,
      0.39793767748877057,
      0.4010729730129242,
      0.3980988745079484,
      0.3989059875177783,
      0.3978696443313776,
      0.3962105705294498,
      0.3955661773681641,
      0.3952438781427783,
      0.3965011900247529,
      0.39798675442850867,
      0.39507123134857003,
      0.3933102237623791,
      0.39376368605813317,
      0.39921295490375786,
      0.3924131934032884,
      0.39429361445959227,
      0.39406738087188364,
      0.3951281475466351,
      0.39326606767122135,
      0.39537477742793947,
      0.39324298861414886,
      0.39404241137726365,
      0.3934866083222766,
      0.39364025773004047,
      0.39207717388175256,
      0.3916152126567308,
      0.39077000825904135,
      0.39029857349950214,
      0.39269484780555547,
      0.39328582300696263,
      0.3931371953598289,
      0.3923041304876638,
      0.39258512632791387,
      0.3895421345566594,
      0.39216602347617924,
      0.39229220928147784,
      0.39390470108320547,
      0.38950589091278787,
      0.3917993594047635,
      0.38912985518921256,
      0.39199418855267903,
      0.3904590768869533,
      0.3893718280071436,
      0.3895767479441887,
      0.3899665433307027
    ],
    "val_macro_dice": [
      0.6916470604416008,
      0.7199572245029868,
      0.7282656308279075,
      0.7345795483254182,
      0.7381552264112243,
      0.7420815043147052,
      0.7429728304567883,
      0.7470223412987481,
      0.7436583403128894,
      0.7469519025857432,
      0.747393129455625,
      0.7459896316675247,
      0.7504891435676745,
      0.7493827609812476,
      0.747685837071666,
      0.7507565101761525,
      0.7493034686570841,
      0.7487094160244614,
      0.7507577722114562,
      0.747020353422203,
      0.7509282445905741,
      0.751342191679031,
      0.7520805432749357,
      0.7493526136459431,
      0.7517604388017364,
      0.7480759884290444,
      0.7484414627453303,
      0.7497760210112109,
      0.7527208105550076,
      0.7513934151826636,
      0.7494925527432273,
      0.747833140193027,
      0.752206457023712,
      0.7514349038332684,
      0.7508707669265696,
      0.7491340349371987,
      0.7510205272254297,
      0.7548179038348457,
      0.7534143604214997,
      0.753486789415267,
      0.7525364874530561,
      0.7524220222436012,
      0.7539071741889067,
      0.7515259532050228,
      0.7507720137444406,
      0.7514656366977329,
      0.752728823314946,
      0.7530053963024478,
      0.7540747190799593,
      0.7520411636180864,
      0.7540514590678695,
      0.75166411404821,
      0.7520130252109913,
      0.7539062603932271,
      0.7541262472547047,
      0.7543956157871353,
      0.7538871377331144,
      0.7556442674093676,
      0.7528465107135812,
      0.7546517230567179,
      0.7522735625786803,
      0.7539486497765866,
      0.7520870719363626,
      0.7533816229288757,
      0.7523005506604923,
      0.7532267871385953,
      0.7510687994333306,
      0.7523972999760398,
      0.7532030081579765,
      0.753713244321764,
      0.7534762360134977,
      0.7532963985861779,
      0.7537865237750042,
      0.7534701164496997,
      0.7531593614890687,
      0.7544007924126744,
      0.7546003448104942,
      0.7540769377462945
    ],
    "lr": [
      0.0009997532801828658,
      0.0009990133642141358,
      0.00099778098230154,
      0.000996057350657239,
      0.0009938441702975688,
      0.0009911436253643444,
      0.0009879583809693736,
      0.0009842915805643154,
      0.0009801468428384714,
      0.0009755282581475767,
      0.0009704403844771127,
      0.0009648882429441257,
      0.0009588773128419905,
      0.0009524135262330098,
      0.0009455032620941839,
      0.0009381533400219318,
      0.0009303710135019719,
      0.0009221639627510076,
      0.000913540287137281,
      0.0009045084971874739,
      0.0008950775061878452,
      0.0008852566213878947,
      0.0008750555348152298,
      0.0008644843137107057,
      0.0008535533905932737,
      0.0008422735529643444,
      0.0008306559326618259,
      0.0008187119948743449,
      0.0008064535268264883,
      0.0007938926261462367,
      0.0007810416889260654,
      0.0007679133974894983,
      0.0007545207078751857,
      0.0007408768370508577,
      0.0007269952498697734,
      0.0007128896457825364,
      0.0006985739453173903,
      0.0006840622763423391,
      0.0006693689601226458,
      0.0006545084971874737,
      0.0006394955530196147,
      0.0006243449435824273,
      0.0006090716206982714,
      0.0005936906572928625,
      0.0005782172325201156,
      0.0005626666167821523,
      0.0005470541566592572,
      0.0005313952597646569,
      0.0005157053795390643,
      0.0005000000000000002,
      0.00048429462046093607,
      0.0004686047402353435,
      0.000452945843340743,
      0.00043733338321784806,
      0.0004217827674798847,
      0.00040630934270713783,
      0.000390928379301729,
      0.0003756550564175727,
      0.00036050444698038553,
      0.00034549150281252655,
      0.0003306310398773544,
      0.00031593772365766127,
      0.0003014260546826097,
      0.0002871103542174637,
      0.0002730047501302267,
      0.00025912316294914234,
      0.0002454792921248144,
      0.00023208660251050164,
      0.00021895831107393473,
      0.00020610737385376356,
      0.00019354647317351177,
      0.0001812880051256552,
      0.00016934406733817422,
      0.0001577264470356557,
      0.00014644660940672634,
      0.0001355156862892944,
      0.00012494446518477025,
      0.00011474337861210548
    ]
  },
  "best_val_dice": 0.7556442674093676,
  "best_epoch": 58,
  "per_slice_metrics_file": "dinov3_vitl16_linear_probe_20260421_080851_per_slice.csv",
  "n_test_slices": 3562,
  "per_stack_metrics_file": "dinov3_vitl16_linear_probe_20260421_080851_per_stack.csv",
  "n_test_stacks": 314
}