{
  "config": {
    "dataset": "mnm2",
    "backbone": "dinov3",
    "model_name": "dinov3_vitl16",
    "decoder": "unetr",
    "embed_dim": 1024,
    "cache_layers": [
      5,
      11,
      17,
      23
    ],
    "probe_layers": [
      5,
      11,
      17,
      23
    ],
    "lr": 0.001,
    "weight_decay": 0.001,
    "batch_size": 16,
    "n_epochs": 100,
    "patience": 20,
    "seed": 0,
    "trainable_params": 48220068
  },
  "per_class_dice": {
    "BG": 0.9905292113807724,
    "RV": 0.8612175490415558,
    "MYO": 0.7766609536206095,
    "LV": 0.9129334476454113
  },
  "macro_dice": 0.8502706501025256,
  "training_history": {
    "train_loss": [
      1.727034330368042,
      0.8474220484495163,
      0.5906610876321793,
      0.48779562413692473,
      0.4246934369206429,
      0.3673515483736992,
      0.3367490112781525,
      0.31497730165719984,
      0.2905286565423012,
      0.26257352754473684,
      0.24005965664982795,
      0.22991017773747444,
      0.22726525142788886,
      0.21486254185438156,
      0.19700260683894158,
      0.18095309287309647,
      0.16713122949004172,
      0.15451423078775406,
      0.14068639874458314,
      0.13197520300745963,
      0.12670950256288052,
      0.12558935359120368,
      0.1275704313069582,
      0.1255953401327133,
      0.12252169698476792,
      0.11399384140968323,
      0.11389676183462143,
      0.12159623205661774,
      0.1080549418926239,
      0.09896340258419514,
      0.09337450005114079,
      0.09105925261974335,
      0.09155336916446685,
      0.09228840321302414,
      0.08733119182288647,
      0.083028619363904,
      0.08035295195877552,
      0.0839267373085022,
      0.08111016936600209,
      0.08055378757417202,
      0.08175314664840698,
      0.07884023115038871,
      0.07848695553839206,
      0.07149786949157715,
      0.06734362989664078
    ],
    "val_macro_dice": [
      0.44787771454593067,
      0.7006368407419131,
      0.7660573902868902,
      0.7668772273822503,
      0.7833583203009088,
      0.804325400283282,
      0.8295073137639312,
      0.8139472771455866,
      0.8384450877504017,
      0.8465154736089661,
      0.8410100076084442,
      0.8622109317503219,
      0.8550544736378093,
      0.8376183201155297,
      0.846598658414789,
      0.8559533848352281,
      0.8599083142849887,
      0.861971482819743,
      0.8623617182325365,
      0.8656717196004787,
      0.8634015570235606,
      0.861501293361802,
      0.8670136224838146,
      0.8611284432140275,
      0.867925799314964,
      0.8647177838474683,
      0.8648928750597236,
      0.8666582838626425,
      0.8638969345702227,
      0.8672486506572635,
      0.8673455334262706,
      0.8641498671895397,
      0.8670278692398186,
      0.8663611240181935,
      0.8670275640822096,
      0.8669890358894824,
      0.8660994845744846,
      0.8652166855181109,
      0.8638945430366016,
      0.8634699289727686,
      0.8618690717728089,
      0.8664742567826546,
      0.8649695027428583,
      0.8660010705362962,
      0.8671973231663247
    ],
    "lr": [
      0.0009997532801828658,
      0.0009990133642141358,
      0.00099778098230154,
      0.000996057350657239,
      0.0009938441702975688,
      0.0009911436253643444,
      0.0009879583809693736,
      0.0009842915805643154,
      0.0009801468428384714,
      0.0009755282581475767,
      0.0009704403844771127,
      0.0009648882429441257,
      0.0009588773128419905,
      0.0009524135262330098,
      0.0009455032620941839,
      0.0009381533400219318,
      0.0009303710135019719,
      0.0009221639627510076,
      0.000913540287137281,
      0.0009045084971874739,
      0.0008950775061878452,
      0.0008852566213878947,
      0.0008750555348152298,
      0.0008644843137107057,
      0.0008535533905932737,
      0.0008422735529643444,
      0.0008306559326618259,
      0.0008187119948743449,
      0.0008064535268264883,
      0.0007938926261462367,
      0.0007810416889260654,
      0.0007679133974894983,
      0.0007545207078751857,
      0.0007408768370508577,
      0.0007269952498697734,
      0.0007128896457825364,
      0.0006985739453173903,
      0.0006840622763423391,
      0.0006693689601226458,
      0.0006545084971874737,
      0.0006394955530196147,
      0.0006243449435824273,
      0.0006090716206982714,
      0.0005936906572928625,
      0.0005782172325201156
    ]
  },
  "best_val_dice": 0.867925799314964,
  "best_epoch": 25,
  "per_sample_metrics_file": "dinov3_vitl16_unetr_20260421_082613_per_sample.csv",
  "n_test_samples": 314,
  "per_slice_metrics_file": "dinov3_vitl16_unetr_20260421_082613_per_slice.csv",
  "n_test_slices": 3560
}