{
  "config": {
    "dataset": "mnm2",
    "backbone": "dinov3",
    "model_name": "dinov3_vits16",
    "decoder": "linear_probe",
    "embed_dim": 384,
    "cache_layers": [
      3,
      6,
      9,
      11
    ],
    "probe_layers": [
      11
    ],
    "lr": 0.001,
    "weight_decay": 0.001,
    "batch_size": 16,
    "n_epochs": 100,
    "patience": 20,
    "seed": 0,
    "trainable_params": 2308
  },
  "per_class_dice": {
    "BG": 0.983452712802925,
    "RV": 0.7275106198846246,
    "MYO": 0.6022485543095941,
    "LV": 0.813643329257511
  },
  "macro_dice": 0.7144675011505766,
  "training_history": {
    "train_loss": [
      1.1761953583983489,
      0.6017760121545126,
      0.5463174279346023,
      0.5286772391130757,
      0.5132790547470714,
      0.5083967436191648,
      0.5013940309369287,
      0.4938084564929785,
      0.49515141096226006,
      0.48963479773942814,
      0.4943883554880009,
      0.48985932635706525,
      0.4852026411267214,
      0.49027099346005637,
      0.4878252052983572,
      0.48484771542770916,
      0.4834116830382236,
      0.4819586267304975,
      0.48602835078572115,
      0.47948279602583066,
      0.481993575290192,
      0.48312573335891545,
      0.4818236734977988,
      0.4857771800007931,
      0.480896919965744,
      0.4807458083296931,
      0.4866033346153969,
      0.48572161225385446,
      0.4825146899666897,
      0.4774199607760407,
      0.4777680952881658,
      0.4779929869396742,
      0.4853235577428064,
      0.48076226863750193,
      0.4805831266003986,
      0.48027678575626637,
      0.4768640526505404,
      0.48099818673244743,
      0.4815469396668811,
      0.4807571896286898,
      0.48515907886416415,
      0.478781195712644,
      0.47850758558095885,
      0.48199347909106766,
      0.47852220701616865,
      0.4779532754144003,
      0.4806427919587424,
      0.4771762415420177,
      0.47864259564599326,
      0.47782880774764125,
      0.47741158174913984,
      0.47890018765316456,
      0.4788175844868948,
      0.4784195502137029,
      0.4771184067393458,
      0.47970225048619647
    ],
    "val_macro_dice": [
      0.6444613594634284,
      0.6827782315681238,
      0.6923109306670797,
      0.7028972783683095,
      0.6999656236425279,
      0.706647531186424,
      0.7116919681662855,
      0.7093064127746228,
      0.7137077754096698,
      0.7118229571388602,
      0.7164308923649783,
      0.7127751103998846,
      0.717895469654681,
      0.7189879302832822,
      0.7188997039428467,
      0.7195110455051177,
      0.717936931958849,
      0.7191090079419187,
      0.7180133571662788,
      0.7186443819959537,
      0.7189424155220704,
      0.7164319085159749,
      0.7175386723236318,
      0.7208817359730172,
      0.7202132109765325,
      0.7211985043506896,
      0.7194583824891589,
      0.7208445238103515,
      0.7223573677879659,
      0.7220719864695044,
      0.7217533359002685,
      0.7212035304678927,
      0.7217147129453517,
      0.7248886491232356,
      0.72099618093217,
      0.7251374938472198,
      0.7200383697753688,
      0.7210139068693436,
      0.7202284746829889,
      0.7182331135760927,
      0.7217812511024763,
      0.7189213302561449,
      0.7217865626902169,
      0.7220109569725809,
      0.723233649861704,
      0.7225270213079892,
      0.7223259480639667,
      0.7220157673754812,
      0.7206274316356348,
      0.7237211100424904,
      0.7239298087276219,
      0.7192460617821044,
      0.7222392680958217,
      0.7212104637931805,
      0.7237461068480636,
      0.7229828053282107
    ],
    "lr": [
      0.0009997532801828658,
      0.0009990133642141358,
      0.00099778098230154,
      0.000996057350657239,
      0.0009938441702975688,
      0.0009911436253643444,
      0.0009879583809693736,
      0.0009842915805643154,
      0.0009801468428384714,
      0.0009755282581475767,
      0.0009704403844771127,
      0.0009648882429441257,
      0.0009588773128419905,
      0.0009524135262330098,
      0.0009455032620941839,
      0.0009381533400219318,
      0.0009303710135019719,
      0.0009221639627510076,
      0.000913540287137281,
      0.0009045084971874739,
      0.0008950775061878452,
      0.0008852566213878947,
      0.0008750555348152298,
      0.0008644843137107057,
      0.0008535533905932737,
      0.0008422735529643444,
      0.0008306559326618259,
      0.0008187119948743449,
      0.0008064535268264883,
      0.0007938926261462367,
      0.0007810416889260654,
      0.0007679133974894983,
      0.0007545207078751857,
      0.0007408768370508577,
      0.0007269952498697734,
      0.0007128896457825364,
      0.0006985739453173903,
      0.0006840622763423391,
      0.0006693689601226458,
      0.0006545084971874737,
      0.0006394955530196147,
      0.0006243449435824273,
      0.0006090716206982714,
      0.0005936906572928625,
      0.0005782172325201156,
      0.0005626666167821523,
      0.0005470541566592572,
      0.0005313952597646569,
      0.0005157053795390643,
      0.0005000000000000002,
      0.00048429462046093607,
      0.0004686047402353435,
      0.000452945843340743,
      0.00043733338321784806,
      0.0004217827674798847,
      0.00040630934270713783
    ]
  },
  "best_val_dice": 0.7251374938472198,
  "best_epoch": 36,
  "per_slice_metrics_file": "dinov3_vits16_linear_probe_20260502_234022_per_slice.csv",
  "n_test_slices": 3562,
  "per_stack_metrics_file": "dinov3_vits16_linear_probe_20260502_234022_per_stack.csv",
  "n_test_stacks": 314
}
