{
  "config": {
    "dataset": "mnm2",
    "backbone": "dinov3",
    "model_name": "dinov3_vitl16",
    "decoder": "conv_decoder",
    "embed_dim": 1024,
    "cache_layers": [
      5,
      11,
      17,
      23
    ],
    "probe_layers": [
      5,
      11,
      17,
      23
    ],
    "lr": 0.001,
    "weight_decay": 0.001,
    "batch_size": 16,
    "n_epochs": 100,
    "patience": 20,
    "seed": 0,
    "trainable_params": 4867076
  },
  "per_class_dice": {
    "BG": 0.9912148338452955,
    "RV": 0.8646388636552891,
    "MYO": 0.7867871963743847,
    "LV": 0.9167143156979352
  },
  "macro_dice": 0.8560467919092029,
  "training_history": {
    "train_loss": [
      0.7053362709145213,
      0.42688868406207064,
      0.3653050677027813,
      0.3245549500681633,
      0.2984631737997366,
      0.2765876832396485,
      0.25705680258052294,
      0.24426172008348065,
      0.23823599503483883,
      0.222059348364209,
      0.21452219118905622,
      0.20669871478579765,
      0.1993452253729798,
      0.1864215360824452,
      0.1843658782715021,
      0.18210189425668052,
      0.17775919901770215,
      0.16771771138490632,
      0.16527063500049502,
      0.15920561974824862,
      0.15627364956362302,
      0.15643018913823506,
      0.15026393019875814,
      0.14796262487422587,
      0.1441217987689861,
      0.14150796494511672,
      0.13980658851390662,
      0.15615562782731168,
      0.13617414728153585,
      0.12800086854502213,
      0.12551052996585535,
      0.12474889935449113,
      0.1238340386471083,
      0.12238494078087252,
      0.12207963386940401,
      0.12107371556204419,
      0.11608755287042884,
      0.1133882241540177,
      0.11442592299954836,
      0.11113853253597437,
      0.10946987798047621,
      0.10614583260098169,
      0.10961604606966639,
      0.10628770641809286,
      0.10345717110606127,
      0.10448022550621698,
      0.10011040103989978,
      0.09909897609505543,
      0.09685121102388515,
      0.09672752570274264
    ],
    "val_macro_dice": [
      0.7757564831850704,
      0.811023405446302,
      0.8109564379812984,
      0.8143261248213219,
      0.8419189561794189,
      0.8328766036516667,
      0.8531630679102564,
      0.8384356741362744,
      0.8517650546135441,
      0.8475111824464742,
      0.8486258989635379,
      0.8550243834111281,
      0.8363883856752968,
      0.8483937268463769,
      0.8591949569290769,
      0.8508994674141706,
      0.8547656918439314,
      0.8560650585888255,
      0.8566610051429994,
      0.8563836500504225,
      0.8633629913145282,
      0.8613360361489327,
      0.8545113741117746,
      0.8591575357447215,
      0.8611066315542398,
      0.8557789855111277,
      0.8582283759364745,
      0.8589164326932738,
      0.8598654982176948,
      0.8655934962227176,
      0.8605867100174484,
      0.8522408978710918,
      0.8574452843304354,
      0.8621427086597871,
      0.8610496702177833,
      0.8604854636375717,
      0.8611883516915514,
      0.8625042787046061,
      0.8620255236019944,
      0.8628486596302308,
      0.862168349926082,
      0.8640754795772233,
      0.8602030015665082,
      0.8621609386849242,
      0.8626149506833007,
      0.8615859723802478,
      0.8620193054582806,
      0.8633225384036846,
      0.860886297060652,
      0.8592782824481576
    ],
    "lr": [
      0.0009997532801828658,
      0.0009990133642141358,
      0.00099778098230154,
      0.000996057350657239,
      0.0009938441702975688,
      0.0009911436253643444,
      0.0009879583809693736,
      0.0009842915805643154,
      0.0009801468428384714,
      0.0009755282581475767,
      0.0009704403844771127,
      0.0009648882429441257,
      0.0009588773128419905,
      0.0009524135262330098,
      0.0009455032620941839,
      0.0009381533400219318,
      0.0009303710135019719,
      0.0009221639627510076,
      0.000913540287137281,
      0.0009045084971874739,
      0.0008950775061878452,
      0.0008852566213878947,
      0.0008750555348152298,
      0.0008644843137107057,
      0.0008535533905932737,
      0.0008422735529643444,
      0.0008306559326618259,
      0.0008187119948743449,
      0.0008064535268264883,
      0.0007938926261462367,
      0.0007810416889260654,
      0.0007679133974894983,
      0.0007545207078751857,
      0.0007408768370508577,
      0.0007269952498697734,
      0.0007128896457825364,
      0.0006985739453173903,
      0.0006840622763423391,
      0.0006693689601226458,
      0.0006545084971874737,
      0.0006394955530196147,
      0.0006243449435824273,
      0.0006090716206982714,
      0.0005936906572928625,
      0.0005782172325201156,
      0.0005626666167821523,
      0.0005470541566592572,
      0.0005313952597646569,
      0.0005157053795390643,
      0.0005000000000000002
    ]
  },
  "best_val_dice": 0.8655934962227176,
  "best_epoch": 30,
  "per_slice_metrics_file": "dinov3_vitl16_conv_decoder_20260503_080029_per_slice.csv",
  "n_test_slices": 3562,
  "per_stack_metrics_file": "dinov3_vitl16_conv_decoder_20260503_080029_per_stack.csv",
  "n_test_stacks": 314
}
