{
  "config": {
    "dataset": "mnm2",
    "backbone": "dinov3",
    "model_name": "dinov3_vits16",
    "decoder": "conv_decoder",
    "embed_dim": 384,
    "cache_layers": [
      3,
      6,
      9,
      11
    ],
    "probe_layers": [
      3,
      6,
      9,
      11
    ],
    "lr": 0.001,
    "weight_decay": 0.001,
    "batch_size": 16,
    "n_epochs": 100,
    "patience": 20,
    "seed": 0,
    "trainable_params": 1917956
  },
  "per_class_dice": {
    "BG": 0.9905570543947652,
    "RV": 0.8573887360181722,
    "MYO": 0.7786778820677197,
    "LV": 0.9105689202301279
  },
  "macro_dice": 0.8488785127720065,
  "training_history": {
    "train_loss": [
      0.6854278629602388,
      0.44409331748651903,
      0.3934627700683683,
      0.3539726375147354,
      0.32994074973949167,
      0.3122629383275675,
      0.29180592728215593,
      0.28490290295246035,
      0.2714106308166371,
      0.2595809174138446,
      0.2598088321990745,
      0.2414867911920991,
      0.24005006052726924,
      0.23025857431944027,
      0.22709524118623067,
      0.21432867466017258,
      0.2146360970513765,
      0.21185261475485426,
      0.20641590855842412,
      0.1998371414666952,
      0.19996767023275064,
      0.19253391637358555,
      0.18864237354245297,
      0.1835570951533872,
      0.17784930918105812,
      0.17798233247080514,
      0.17677346364010213,
      0.17662063137043355,
      0.17061101638300474,
      0.16698838014935338,
      0.16544617705566939,
      0.16372703019269677,
      0.16084062976892605,
      0.1581755141879237,
      0.15262871235609055,
      0.15437698052373044,
      0.15110490824594053,
      0.1507848055556763,
      0.14867992581323136,
      0.14370043454475181,
      0.14258292067882627,
      0.13732951557220416,
      0.13915531077357227,
      0.13594312005957893,
      0.13526780428581459,
      0.13587166233811268,
      0.1327244538207387,
      0.12996420278105625,
      0.12656972768694855,
      0.12561467889436456,
      0.1248148825279502,
      0.12273728695026664,
      0.1214348401094592,
      0.11965733541305675,
      0.11992340424033099,
      0.12025391656992047,
      0.1175463380162106,
      0.11587739146726075,
      0.11446122069691503,
      0.11350437735402306,
      0.11158501876648082,
      0.1113125737669856,
      0.11012725150862405,
      0.10915819690671077,
      0.10830030084349389
    ],
    "val_macro_dice": [
      0.7714643596833678,
      0.7850396819139026,
      0.8111393596245979,
      0.8076353936467747,
      0.8283209315154068,
      0.8337611921868019,
      0.8424174504558968,
      0.8247226902070331,
      0.8424813334519928,
      0.8425599316957588,
      0.8400411168038363,
      0.8407062390916099,
      0.8314572663856823,
      0.8469734016073452,
      0.8434789786010967,
      0.8487727771868228,
      0.8471256761312569,
      0.8423626038972988,
      0.8435210246526234,
      0.8533153049520784,
      0.8453257380873284,
      0.8497117302445586,
      0.8478286032979462,
      0.8559129942017437,
      0.853716980926643,
      0.8521921408734784,
      0.8501621800772726,
      0.8488471116803781,
      0.851372640368366,
      0.8511985712436906,
      0.8511497063668867,
      0.8511597727694092,
      0.8557847636690622,
      0.8530289621709923,
      0.8507017780326848,
      0.8534163842672462,
      0.8542746600329488,
      0.8544139961755799,
      0.8555861967385793,
      0.8538656628429768,
      0.8552850696791344,
      0.8573821794163119,
      0.8574590319776161,
      0.8547070880091819,
      0.8585986338413637,
      0.855005326385938,
      0.8539527760521469,
      0.8562234338366118,
      0.8559076730701798,
      0.8568462886542417,
      0.8560474516141244,
      0.8553798852515868,
      0.8557438640644827,
      0.8582690319045904,
      0.856379803208521,
      0.8561852719773345,
      0.8568769045507244,
      0.8578183612354895,
      0.8559043112805466,
      0.8552902213548094,
      0.8559211051560833,
      0.8562114544504621,
      0.8542512353635453,
      0.8567955156180606,
      0.8561136874744185
    ],
    "lr": [
      0.0009997532801828658,
      0.0009990133642141358,
      0.00099778098230154,
      0.000996057350657239,
      0.0009938441702975688,
      0.0009911436253643444,
      0.0009879583809693736,
      0.0009842915805643154,
      0.0009801468428384714,
      0.0009755282581475767,
      0.0009704403844771127,
      0.0009648882429441257,
      0.0009588773128419905,
      0.0009524135262330098,
      0.0009455032620941839,
      0.0009381533400219318,
      0.0009303710135019719,
      0.0009221639627510076,
      0.000913540287137281,
      0.0009045084971874739,
      0.0008950775061878452,
      0.0008852566213878947,
      0.0008750555348152298,
      0.0008644843137107057,
      0.0008535533905932737,
      0.0008422735529643444,
      0.0008306559326618259,
      0.0008187119948743449,
      0.0008064535268264883,
      0.0007938926261462367,
      0.0007810416889260654,
      0.0007679133974894983,
      0.0007545207078751857,
      0.0007408768370508577,
      0.0007269952498697734,
      0.0007128896457825364,
      0.0006985739453173903,
      0.0006840622763423391,
      0.0006693689601226458,
      0.0006545084971874737,
      0.0006394955530196147,
      0.0006243449435824273,
      0.0006090716206982714,
      0.0005936906572928625,
      0.0005782172325201156,
      0.0005626666167821523,
      0.0005470541566592572,
      0.0005313952597646569,
      0.0005157053795390643,
      0.0005000000000000002,
      0.00048429462046093607,
      0.0004686047402353435,
      0.000452945843340743,
      0.00043733338321784806,
      0.0004217827674798847,
      0.00040630934270713783,
      0.000390928379301729,
      0.0003756550564175727,
      0.00036050444698038553,
      0.00034549150281252655,
      0.0003306310398773544,
      0.00031593772365766127,
      0.0003014260546826097,
      0.0002871103542174637,
      0.0002730047501302267
    ]
  },
  "best_val_dice": 0.8585986338413637,
  "best_epoch": 45,
  "per_slice_metrics_file": "dinov3_vits16_conv_decoder_20260418_164812_per_slice.csv",
  "n_test_slices": 3562,
  "per_stack_metrics_file": "dinov3_vits16_conv_decoder_20260418_164812_per_stack.csv",
  "n_test_stacks": 314
}