{
  "config": {
    "dataset": "mnm2",
    "backbone": "dinov3",
    "model_name": "dinov3_vits16",
    "decoder": "unetr",
    "embed_dim": 384,
    "cache_layers": [
      3,
      6,
      9,
      11
    ],
    "probe_layers": [
      3,
      6,
      9,
      11
    ],
    "lr": 0.001,
    "weight_decay": 0.001,
    "batch_size": 16,
    "n_epochs": 100,
    "patience": 20,
    "seed": 0,
    "trainable_params": 31016868
  },
  "per_class_dice": {
    "BG": 0.9906700915969364,
    "RV": 0.8568447600065505,
    "MYO": 0.7816346635220064,
    "LV": 0.9114380629813954
  },
  "macro_dice": 0.8499724955033173,
  "training_history": {
    "train_loss": [
      1.7870612919330597,
      0.8332198143005372,
      0.5996908068656921,
      0.47323836088180543,
      0.4125568315386772,
      0.3747266694903374,
      0.3393823176622391,
      0.3156804651021957,
      0.29502112865448,
      0.2781334288418293,
      0.26520079001784325,
      0.2397630549967289,
      0.2215946651995182,
      0.23936488330364228,
      0.2262881338596344,
      0.20769306793808937,
      0.1883775182068348,
      0.16972381994128227,
      0.15944234654307365,
      0.15420974493026735,
      0.14905283972620964,
      0.1422962598502636,
      0.14316617995500563,
      0.13531204536557198,
      0.13645058535039425,
      0.1278350405395031,
      0.1206021036952734,
      0.11888538151979447,
      0.11468698792159557,
      0.11264168918132782,
      0.11028422079980374,
      0.10061935484409332,
      0.09745681695640088,
      0.09422938898205757,
      0.09097064509987832,
      0.09130670614540577,
      0.08904759623110295,
      0.0861486867070198,
      0.08536401949822903,
      0.08354314193129539,
      0.07894549407064914,
      0.08127339370548725,
      0.07994851246476173,
      0.07653439342975617,
      0.07588678821921349,
      0.07677287682890892,
      0.07697399929165841,
      0.07373861446976662,
      0.07053149566054344,
      0.06780420653522015,
      0.0700983440503478,
      0.0741439986974001,
      0.07697913870215416,
      0.07300824113190174,
      0.06983076594769955,
      0.06870439797639846,
      0.0679522417485714,
      0.06705254446715117,
      0.06292928885668517,
      0.060009223967790605,
      0.057191289775073526,
      0.055731973610818386,
      0.05447421930730343,
      0.05333560649305582,
      0.052771156281232835,
      0.052246739715337755,
      0.0518027275800705
    ],
    "val_macro_dice": [
      0.48747641345457243,
      0.6456158346307275,
      0.7519316539638868,
      0.7829500288480394,
      0.8246739079512405,
      0.7897417438329238,
      0.8278537356222643,
      0.8235486689772117,
      0.8189174854539362,
      0.8489510308747272,
      0.8406140453271034,
      0.8554677885797289,
      0.8522507527753985,
      0.8412198432009932,
      0.8401965737882682,
      0.8424546745436072,
      0.8609541992261663,
      0.8632681282395791,
      0.8580096739732456,
      0.8563730308209702,
      0.8562182595126301,
      0.8515963739048558,
      0.8589815873942519,
      0.8517507155574165,
      0.8641193722858551,
      0.8616939466179642,
      0.8627699559414616,
      0.865464447692022,
      0.8641238496544851,
      0.860347673796333,
      0.8629135343415606,
      0.863290785468811,
      0.8653383485720774,
      0.863329781735922,
      0.8629249245594903,
      0.8648329881630062,
      0.8661513642592499,
      0.8641379399130281,
      0.86369516126148,
      0.8634735720626016,
      0.8643637013071132,
      0.8644608239351591,
      0.8625290204509178,
      0.8640483195407845,
      0.8644504409438728,
      0.8642922618672534,
      0.8667031096863584,
      0.8640402733425541,
      0.8653363755222184,
      0.8652999808026833,
      0.862950926528625,
      0.86060853679412,
      0.8660215745394445,
      0.8627672531568736,
      0.8635195855493469,
      0.8643331783409977,
      0.8637708013300415,
      0.8642715615566602,
      0.8635015145096138,
      0.8639319663984338,
      0.864256435298295,
      0.8640549734011834,
      0.8639106856965574,
      0.8637613171107992,
      0.8640876225546315,
      0.8641756835843664,
      0.8634002399018735
    ],
    "lr": [
      0.0009997532801828658,
      0.0009990133642141358,
      0.00099778098230154,
      0.000996057350657239,
      0.0009938441702975688,
      0.0009911436253643444,
      0.0009879583809693736,
      0.0009842915805643154,
      0.0009801468428384714,
      0.0009755282581475767,
      0.0009704403844771127,
      0.0009648882429441257,
      0.0009588773128419905,
      0.0009524135262330098,
      0.0009455032620941839,
      0.0009381533400219318,
      0.0009303710135019719,
      0.0009221639627510076,
      0.000913540287137281,
      0.0009045084971874739,
      0.0008950775061878452,
      0.0008852566213878947,
      0.0008750555348152298,
      0.0008644843137107057,
      0.0008535533905932737,
      0.0008422735529643444,
      0.0008306559326618259,
      0.0008187119948743449,
      0.0008064535268264883,
      0.0007938926261462367,
      0.0007810416889260654,
      0.0007679133974894983,
      0.0007545207078751857,
      0.0007408768370508577,
      0.0007269952498697734,
      0.0007128896457825364,
      0.0006985739453173903,
      0.0006840622763423391,
      0.0006693689601226458,
      0.0006545084971874737,
      0.0006394955530196147,
      0.0006243449435824273,
      0.0006090716206982714,
      0.0005936906572928625,
      0.0005782172325201156,
      0.0005626666167821523,
      0.0005470541566592572,
      0.0005313952597646569,
      0.0005157053795390643,
      0.0005000000000000002,
      0.00048429462046093607,
      0.0004686047402353435,
      0.000452945843340743,
      0.00043733338321784806,
      0.0004217827674798847,
      0.00040630934270713783,
      0.000390928379301729,
      0.0003756550564175727,
      0.00036050444698038553,
      0.00034549150281252655,
      0.0003306310398773544,
      0.00031593772365766127,
      0.0003014260546826097,
      0.0002871103542174637,
      0.0002730047501302267,
      0.00025912316294914234,
      0.0002454792921248144
    ]
  },
  "best_val_dice": 0.8667031096863584,
  "best_epoch": 47,
  "per_sample_metrics_file": "dinov3_vits16_unetr_20260418_164814_per_sample.csv",
  "n_test_samples": 314,
  "per_slice_metrics_file": "dinov3_vits16_unetr_20260418_164814_per_slice.csv",
  "n_test_slices": 3560
}