{
  "config": {
    "dataset": "mnm2",
    "backbone": "dinov3",
    "model_name": "dinov3_vits16",
    "decoder": "linear_probe",
    "embed_dim": 384,
    "cache_layers": [
      3,
      6,
      9,
      11
    ],
    "probe_layers": [
      11
    ],
    "lr": 0.001,
    "weight_decay": 0.001,
    "batch_size": 16,
    "n_epochs": 100,
    "patience": 20,
    "seed": 0,
    "trainable_params": 2308
  },
  "per_class_dice": {
    "BG": 0.9833992972281197,
    "RV": 0.7289185899361007,
    "MYO": 0.6011428352534869,
    "LV": 0.8150124453579229
  },
  "macro_dice": 0.7150246235158368,
  "training_history": {
    "train_loss": [
      1.160769418782966,
      0.5983807462592458,
      0.5509909506454024,
      0.5285426307556241,
      0.5132575402426165,
      0.5050974848658539,
      0.5009724664133649,
      0.4960368033065352,
      0.49349160249843155,
      0.48610651451487874,
      0.4915360809758652,
      0.48683175999064776,
      0.48537978821022565,
      0.4853457649086797,
      0.482628653354423,
      0.48790868936583054,
      0.4867379181606825,
      0.4857067019440407,
      0.4866955138916193,
      0.48522131429162135,
      0.4838579219441081,
      0.48169195541115695,
      0.4857657680677813,
      0.48386369444603144,
      0.47832018150839695,
      0.48030301512673845,
      0.4871522343435953,
      0.480997141849163,
      0.48115210630172905,
      0.4818191073661627,
      0.4802001307176989,
      0.48036399719326994,
      0.48079707747281986,
      0.4774893965832023,
      0.47856238470521084,
      0.4836739377920018,
      0.48154438623162205,
      0.48362157192341115,
      0.47828270987022753,
      0.48200735158698504,
      0.4767258253208427,
      0.48150738436122276,
      0.48234999886778895,
      0.4751528446064439,
      0.473709938969723,
      0.4808606207370758,
      0.4793920356173848,
      0.48102236556452377,
      0.47575588392656903,
      0.4741983664590259,
      0.4763101709443469,
      0.47774564374324885,
      0.47709391921065575,
      0.480460665946783,
      0.475241354038549,
      0.48008976038112194,
      0.48080992670946343,
      0.47807112474774205,
      0.47724442523579264,
      0.4824637914812842,
      0.4746598717778228,
      0.48005357551020245,
      0.4793227449406025,
      0.4812314931736436,
      0.47814941129019095,
      0.4792552475319352,
      0.4775834328906481,
      0.47373452921246373,
      0.47607886153598167,
      0.4818793332853983,
      0.4772748787735784,
      0.4805974701116251,
      0.47928421566652696,
      0.47751507925432785,
      0.4734879883222802,
      0.48196722546289134,
      0.4745921324851901,
      0.47896294385887855,
      0.47434857820355614,
      0.47670203281003376,
      0.4758677937263666,
      0.47658689382464386,
      0.47499479693035745,
      0.47709944275922556,
      0.4782869079778361,
      0.4747527895971786,
      0.4732424798399903,
      0.4737664462522019,
      0.47746075779892677,
      0.4748540167198625,
      0.47411152512528176,
      0.4713553558948428,
      0.47402450802714324,
      0.474359456467074
    ],
    "val_macro_dice": [
      0.6480078086604953,
      0.6819194738580405,
      0.6933388260329724,
      0.7023130430720114,
      0.6948836773796403,
      0.709053777571555,
      0.7104083555396971,
      0.7093605439769158,
      0.7150599917683177,
      0.7137622754042111,
      0.712200541253036,
      0.7138503973780229,
      0.7149252004838281,
      0.7184364409835586,
      0.7178941669269464,
      0.7180801116804746,
      0.7168195596692367,
      0.7169108060590844,
      0.7197892511874612,
      0.720636675362376,
      0.7177240372257875,
      0.7185677734990309,
      0.717622572667071,
      0.7213179950301795,
      0.721041990832714,
      0.7197936473497631,
      0.7236223805202227,
      0.7214640504532532,
      0.719592414833802,
      0.7212622913488524,
      0.7202858054977713,
      0.7211319627572808,
      0.7217394409096284,
      0.722185215445843,
      0.7213562846464564,
      0.7238746938712813,
      0.722516138022864,
      0.7228246167520349,
      0.7195903366854924,
      0.7204382056863029,
      0.7225098995722435,
      0.7219595805536073,
      0.7210098967141999,
      0.7229175489558357,
      0.7236500268103394,
      0.7223445934016416,
      0.7249215859552107,
      0.721954151855582,
      0.7190976342628163,
      0.7244670933847394,
      0.7240591231109117,
      0.7188717364670271,
      0.7229540244077125,
      0.7228233975989756,
      0.7225818736155168,
      0.722398907569691,
      0.7233390277346056,
      0.7252917571355968,
      0.7221633783405572,
      0.7225077524645993,
      0.7239223901658912,
      0.7209409950457601,
      0.7243546350852839,
      0.7248523104818085,
      0.7229193310768794,
      0.7249926562918545,
      0.7230118146973581,
      0.7212349696865163,
      0.7225473485178591,
      0.7211041912952169,
      0.7248936174138958,
      0.7175507368776003,
      0.7201291508528143,
      0.7255058553655559,
      0.7222913337222049,
      0.7244794570636386,
      0.725082173043845,
      0.7226000164882783,
      0.7240093044463057,
      0.7253870886073562,
      0.7232153954335535,
      0.7235066679404102,
      0.7223617850702627,
      0.720700137007098,
      0.724088594292189,
      0.7234666157021586,
      0.723678462294818,
      0.7247365008702406,
      0.7228152757330765,
      0.7242319888104639,
      0.7243186322858398,
      0.7226727627495325,
      0.7247410014024201,
      0.7238404923689975
    ],