{
  "config": {
    "dataset": "mnm2",
    "backbone": "dinov3",
    "model_name": "dinov3_vitb16",
    "decoder": "unetr",
    "embed_dim": 768,
    "cache_layers": [
      3,
      6,
      9,
      11
    ],
    "probe_layers": [
      3,
      6,
      9,
      11
    ],
    "lr": 0.001,
    "weight_decay": 0.001,
    "batch_size": 16,
    "n_epochs": 100,
    "patience": 20,
    "seed": 0,
    "trainable_params": 41338788
  },
  "per_class_dice": {
    "BG": 0.9905528475563886,
    "RV": 0.8599940308103133,
    "MYO": 0.774309257014162,
    "LV": 0.9086775763846433
  },
  "macro_dice": 0.8476602880697062,
  "training_history": {
    "train_loss": [
      1.5783346444368362,
      0.7604607611894607,
      0.5159406945109367,
      0.4320497751235962,
      0.3706024780869484,
      0.33291213363409045,
      0.3151195704936981,
      0.29273547828197477,
      0.26114282831549646,
      0.23718584477901458,
      0.21628231480717658,
      0.19837189912796022,
      0.1933661885559559,
      0.18454715833067895,
      0.17045831978321074,
      0.16268647983670234,
      0.16079990789294243,
      0.14698832333087922,
      0.14640948697924613,
      0.15544848889112473,
      0.14283244982361792,
      0.12442240566015243,
      0.12157395258545875,
      0.11571952104568481,
      0.11375674866139888,
      0.10715990252792836,
      0.1030361533164978,
      0.10171662457287312,
      0.09948284961283207,
      0.09739798493683338,
      0.10183705128729344,
      0.09857025146484374,
      0.09743187502026558,
      0.08922692723572254,
      0.08692022562026977,
      0.081199049949646,
      0.07711537145078182,
      0.07465573959052563,
      0.07742686681449414,
      0.0815496314316988,
      0.08103454075753688,
      0.07578802220523358,
      0.07150467820465564,
      0.06844926625490189,
      0.06651992220431566,
      0.06594667248427868,
      0.06474185213446618,
      0.06355894561856985,
      0.06497074272483587,
      0.06282311473041773,
      0.06020732130855322,
      0.05966773889958858,
      0.061479981243610385,
      0.059770766831934455,
      0.06228546965867281,
      0.06310063879936934,
      0.0587301591411233,
      0.05897582098841667,
      0.05613906402140856,
      0.056616504490375516,
      0.05399805270135403
    ],
    "val_macro_dice": [
      0.6750191241128741,
      0.6937834030527257,
      0.7603887382373621,
      0.8057227147133998,
      0.8284630335867833,
      0.8098241022001571,
      0.8251750991484021,
      0.8332494591470038,
      0.8453068215887107,
      0.8520243502859045,
      0.8521156242442273,
      0.8553324143909758,
      0.8528059616115963,
      0.8556235236021368,
      0.8445142104217829,
      0.8530695392383002,
      0.8561792192432386,
      0.8542603260448628,
      0.8597725451827962,
      0.8605308292471537,
      0.8570564567741834,
      0.8596113266716262,
      0.8558709845381175,
      0.8608705375707376,
      0.8603578773961006,
      0.8574383359276002,
      0.8625721016895146,
      0.8539465909364888,
      0.8591871178932241,
      0.8596501194092543,
      0.8549422322349708,
      0.8545351537958278,
      0.8615099823600391,
      0.8596914254296366,
      0.8611849148295342,
      0.8633345168204384,
      0.863877839828417,
      0.8628275866545394,
      0.8616939605525412,
      0.8623041597063822,
      0.8641299808709334,
      0.8611126807926635,
      0.8624984461268649,
      0.862485158270233,
      0.862627722549573,
      0.8612110555928275,
      0.8623838359047468,
      0.861707935113737,
      0.8631498232554901,
      0.8622039000122665,
      0.8619318580767247,
      0.8596534754612614,
      0.8603840335757774,
      0.8619599550852334,
      0.8621765931615321,
      0.8615744736625718,
      0.8600474924422289,
      0.862098081821797,
      0.8627912612903708,
      0.8626970721134107,
      0.8629155217148804
    ],
    "lr": [
      0.0009997532801828658,
      0.0009990133642141358,
      0.00099778098230154,
      0.000996057350657239,
      0.0009938441702975688,
      0.0009911436253643444,
      0.0009879583809693736,
      0.0009842915805643154,
      0.0009801468428384714,
      0.0009755282581475767,
      0.0009704403844771127,
      0.0009648882429441257,
      0.0009588773128419905,
      0.0009524135262330098,
      0.0009455032620941839,
      0.0009381533400219318,
      0.0009303710135019719,
      0.0009221639627510076,
      0.000913540287137281,
      0.0009045084971874739,
      0.0008950775061878452,
      0.0008852566213878947,
      0.0008750555348152298,
      0.0008644843137107057,
      0.0008535533905932737,
      0.0008422735529643444,
      0.0008306559326618259,
      0.0008187119948743449,
      0.0008064535268264883,
      0.0007938926261462367,
      0.0007810416889260654,
      0.0007679133974894983,
      0.0007545207078751857,
      0.0007408768370508577,
      0.0007269952498697734,
      0.0007128896457825364,
      0.0006985739453173903,
      0.0006840622763423391,
      0.0006693689601226458,
      0.0006545084971874737,
      0.0006394955530196147,
      0.0006243449435824273,
      0.0006090716206982714,
      0.0005936906572928625,
      0.0005782172325201156,
      0.0005626666167821523,
      0.0005470541566592572,
      0.0005313952597646569,
      0.0005157053795390643,
      0.0005000000000000002,
      0.00048429462046093607,
      0.0004686047402353435,
      0.000452945843340743,
      0.00043733338321784806,
      0.0004217827674798847,
      0.00040630934270713783,
      0.000390928379301729,
      0.0003756550564175727,
      0.00036050444698038553,
      0.00034549150281252655,
      0.0003306310398773544
    ]
  },
  "best_val_dice": 0.8641299808709334,
  "best_epoch": 41,
  "per_sample_metrics_file": "dinov3_vitb16_unetr_20260503_063139_per_sample.csv",
  "n_test_samples": 314,
  "per_slice_metrics_file": "dinov3_vitb16_unetr_20260503_063139_per_slice.csv",
  "n_test_slices": 3560
}
