{
  "config": {
    "dataset": "mnm2",
    "backbone": "dinov3",
    "model_name": "dinov3_vitb16",
    "decoder": "linear_probe",
    "embed_dim": 768,
    "cache_layers": [
      3,
      6,
      9,
      11
    ],
    "probe_layers": [
      11
    ],
    "lr": 0.001,
    "weight_decay": 0.001,
    "batch_size": 16,
    "n_epochs": 100,
    "patience": 20,
    "seed": 0,
    "trainable_params": 4612
  },
  "per_class_dice": {
    "BG": 0.9852753734097977,
    "RV": 0.7669694324332842,
    "MYO": 0.6377890221745323,
    "LV": 0.8358712170908764
  },
  "macro_dice": 0.7468765572328976,
  "training_history": {
    "train_loss": [
      0.9837169049784195,
      0.49779722219289735,
      0.46107413727183677,
      0.4429115909476613,
      0.4298807444960572,
      0.42394595451133193,
      0.41843715379404467,
      0.4162478236264961,
      0.4131129018096037,
      0.4103517805421075,
      0.4108785907889521,
      0.4076492539671964,
      0.4071432181569033,
      0.4090695334035297,
      0.40605454763700793,
      0.40345257534537204,
      0.40507010207619776,
      0.40430339408475297,
      0.4034833901150282,
      0.40364751649457353,
      0.4002567865127741,
      0.40403561633686685,
      0.4025550312774126,
      0.40531079200811165,
      0.40170384590015856,
      0.40397981627042906,
      0.40323994644852573,
      0.4001324821350186,
      0.40138214992922405,
      0.4008745096450628,
      0.40390184771182924,
      0.4030304106168969,
      0.40100425537242446,
      0.40362286872641984,
      0.3999498368695725,
      0.40423720659211626,
      0.4034288855486138,
      0.40272964876751566,
      0.3978549254495044,
      0.4004705441552539,
      0.3978794017503428,
      0.40019789462865785,
      0.40120631387067396,
      0.40260642794675605,
      0.39592261245084365,
      0.4012183678704639,
      0.4038080018620158,
      0.397426056723262,
      0.3980698334616284,
      0.40022219114525376,
      0.3987866231175356,
      0.396939197529194,
      0.40009210844372595,
      0.3966078004171682,
      0.39907267578812533,
      0.401443809963936,
      0.3961198790128841,
      0.3985468000866646,
      0.3943284640478533,
      0.3963887516842332,
      0.3959083268808764,
      0.3972018591193266,
      0.3978295757326969,
      0.3984115789102953,
      0.39423429175864816,
      0.39778042491092236,
      0.39695473479670146,
      0.3959224542906118,
      0.3980927453484646,
      0.3994261230147162,
      0.3955930676571158,
      0.39677193442056347,
      0.3962826556937639,
      0.3919022819330526,
      0.3955555103545965,
      0.3956154928650967
    ],
    "val_macro_dice": [
      0.6952469303770373,
      0.7193688552772447,
      0.727949129630801,
      0.7362037512378357,
      0.7388854151000032,
      0.7420624795196447,
      0.7449597433463939,
      0.7431101451430463,
      0.7470407376007806,
      0.7478495328894607,
      0.747927448716386,
      0.7467765505864224,
      0.7491887353224883,
      0.7508974031377299,
      0.7462459987342033,
      0.7515633772349916,
      0.7481874196174427,
      0.7455307007204381,
      0.7520578436051717,
      0.7511419416557251,
      0.7510226310661735,
      0.7498629251655116,
      0.7474176532318486,
      0.7491564889645596,
      0.7536666010578017,
      0.7537370194151264,
      0.7507533675133997,
      0.7538358781095846,
      0.7544344045856007,
      0.7521889833862595,
      0.7529522164735171,
      0.7550428808795182,
      0.7533779091057863,
      0.7554187463584046,
      0.7520014171568592,
      0.7520961684480314,
      0.7502974879949148,
      0.7552123388399005,
      0.7526145552868596,
      0.7517710495514115,
      0.7515235763543281,
      0.7535661734345367,
      0.7532435458049607,
      0.7528865091294233,
      0.7541811206724803,
      0.7517187875222716,
      0.7540976403650271,
      0.7544386435210334,
      0.7557145286423207,
      0.7537720582552515,
      0.7556387709133627,
      0.7522128056084663,
      0.7563361729686339,
      0.7561626831184168,
      0.7552101081544892,
      0.7563667177054875,
      0.7556918099509456,
      0.7556843424530237,
      0.7548907781887207,
      0.7549191717619146,
      0.7530708250600137,
      0.7531754518841898,
      0.7550389548472177,
      0.7559180212662642,
      0.7528806052084365,
      0.7545403672770994,
      0.7552608465831074,
      0.754428202734668,
      0.7553591538064751,
      0.7544333449204568,
      0.7550211130811123,
      0.7519071151818123,
      0.7558202569888993,
      0.7550649106517345,
      0.7530407590974592,
      0.7558826337929528
    ],
    "lr": [
      0.0009997532801828658,
      0.0009990133642141358,
      0.00099778098230154,
      0.000996057350657239,
      0.0009938441702975688,
      0.0009911436253643444,
      0.0009879583809693736,
      0.0009842915805643154,
      0.0009801468428384714,
      0.0009755282581475767,
      0.0009704403844771127,
      0.0009648882429441257,
      0.0009588773128419905,
      0.0009524135262330098,
      0.0009455032620941839,
      0.0009381533400219318,
      0.0009303710135019719,
      0.0009221639627510076,
      0.000913540287137281,
      0.0009045084971874739,
      0.0008950775061878452,
      0.0008852566213878947,
      0.0008750555348152298,
      0.0008644843137107057,
      0.0008535533905932737,
      0.0008422735529643444,
      0.0008306559326618259,
      0.0008187119948743449,
      0.0008064535268264883,
      0.0007938926261462367,
      0.0007810416889260654,
      0.0007679133974894983,
      0.0007545207078751857,
      0.0007408768370508577,
      0.0007269952498697734,
      0.0007128896457825364,
      0.0006985739453173903,
      0.0006840622763423391,
      0.0006693689601226458,
      0.0006545084971874737,
      0.0006394955530196147,
      0.0006243449435824273,
      0.0006090716206982714,
      0.0005936906572928625,
      0.0005782172325201156,
      0.0005626666167821523,
      0.0005470541566592572,
      0.0005313952597646569,
      0.0005157053795390643,
      0.0005000000000000002,
      0.00048429462046093607,
      0.0004686047402353435,
      0.000452945843340743,
      0.00043733338321784806,
      0.0004217827674798847,
      0.00040630934270713783,
      0.000390928379301729,
      0.0003756550564175727,
      0.00036050444698038553,
      0.00034549150281252655,
      0.0003306310398773544,
      0.00031593772365766127,
      0.0003014260546826097,
      0.0002871103542174637,
      0.0002730047501302267,
      0.00025912316294914234,
      0.0002454792921248144,
      0.00023208660251050164,
      0.00021895831107393473,
      0.00020610737385376356,
      0.00019354647317351177,
      0.0001812880051256552,
      0.00016934406733817422,
      0.0001577264470356557,
      0.00014644660940672634,
      0.0001355156862892944
    ]
  },
  "best_val_dice": 0.7563667177054875,
  "best_epoch": 56,
  "per_slice_metrics_file": "dinov3_vitb16_linear_probe_20260421_080852_per_slice.csv",
  "n_test_slices": 3562,
  "per_stack_metrics_file": "dinov3_vitb16_linear_probe_20260421_080852_per_stack.csv",
  "n_test_stacks": 314
}