{
  "config": {
    "dataset": "mnm2",
    "backbone": "dinov3",
    "model_name": "dinov3_vits16",
    "decoder": "conv_decoder",
    "embed_dim": 384,
    "cache_layers": [
      3,
      6,
      9,
      11
    ],
    "probe_layers": [
      3,
      6,
      9,
      11
    ],
    "lr": 0.001,
    "weight_decay": 0.001,
    "batch_size": 16,
    "n_epochs": 100,
    "patience": 20,
    "seed": 0,
    "trainable_params": 1917956
  },
  "per_class_dice": {
    "BG": 0.9902890657332047,
    "RV": 0.8518100372128183,
    "MYO": 0.7732356281068271,
    "LV": 0.9098480617133862
  },
  "macro_dice": 0.8449645756776771,
  "training_history": {
    "train_loss": [
      0.6798734926900198,
      0.4470869252848071,
      0.399312246261641,
      0.3557623132716778,
      0.3352861105009567,
      0.31857199717399687,
      0.2969020662612693,
      0.2927873466597047,
      0.2771037526601969,
      0.26273333991682807,
      0.26131837880888653,
      0.24705117906248847,
      0.24383287076340165,
      0.2318902834210285,
      0.2276581624912661,
      0.22081283400225085,
      0.22741836364879164,
      0.21245018112104994,
      0.20669868047847303,
      0.2013769135225651,
      0.20216748153054437,
      0.19507012741510257,
      0.1899136672186297,
      0.18587495927200762,
      0.1818952945775764,
      0.17813215934953025,
      0.1798889081145442,
      0.17918762668620708,
      0.17495904786642208,
      0.169467070213584,
      0.1638780893974526,
      0.1617729742859685,
      0.16314566786899123,
      0.15870788527089497,
      0.15622163851593815,
      0.1550186799709187,
      0.1515066770966663,
      0.1532759693819423,
      0.15138972931823066,
      0.14498375706201375,
      0.14576294734034428,
      0.140568124312301,
      0.14104905610167703,
      0.13653180429408718,
      0.13548907880173172,
      0.13499957250301228,
      0.1333076532843501,
      0.13186891796283945,
      0.1289724547849145,
      0.1283448044297307,
      0.12628934223984564,
      0.12465618166119553,
      0.12253334494524223,
      0.12195399247629699,
      0.12069988274990126,
      0.12113251114307448,
      0.11865488675444626,
      0.11629502596550209,
      0.11589213051768237,
      0.11405060658621234,
      0.1130996418900268,
      0.11208439673795256,
      0.11102216164040012,
      0.11003027994965398,
      0.10948132681985234,
      0.10869582427102466,
      0.10730201175739598,
      0.10566190529701322,
      0.10578953322283058,
      0.10513568257176599,
      0.1042506713853326,
      0.1031205401517624,
      0.10273029176994812,
      0.10154077292874802,
      0.10039634378843529,
      0.10029066825328871,
      0.09965882464203724,
      0.0994831278573635,
      0.09850166945956475
    ],
    "val_macro_dice": [
      0.7780234730791653,
      0.7896478559076344,
      0.8109429641922338,
      0.808780685591208,
      0.8252355875210706,
      0.830332522724497,
      0.8411572803308962,
      0.8234580082089268,
      0.8420237850547556,
      0.8455003890931957,
      0.8411994801243533,
      0.8379124833147387,
      0.830112189611475,
      0.8446895458824768,
      0.8421111849673245,
      0.8370053530071043,
      0.84593184970637,
      0.844058171391544,
      0.8448455394776143,
      0.8493824303950656,
      0.8479368203074843,
      0.8506351365992822,
      0.850538278844985,
      0.850331378949,
      0.8517927426005704,
      0.8478465079230704,
      0.8477272971952289,
      0.8489125551104001,
      0.8503255249082108,
      0.8502966198441154,
      0.8485237566706356,
      0.8518726350259423,
      0.8532574802947755,
      0.8514453858380927,
      0.8494037417754948,
      0.8524101739400028,
      0.850932786223734,
      0.8508259301418026,
      0.853374898238429,
      0.8517350833378128,
      0.8550805682260826,
      0.855454457949076,
      0.8520635254605464,
      0.8545166065184197,
      0.854063231362678,
      0.8551033962398767,
      0.852564339367894,
      0.853968523598403,
      0.8537907295754823,
      0.8551267578945033,
      0.8550135899557582,
      0.8519561001721545,
      0.8533030523475342,
      0.8545678120526229,
      0.8532590533419381,
      0.8535188947081256,
      0.8545561032924051,
      0.8553963230587391,
      0.8554867282241719,
      0.8535375230829786,
      0.8536578638203682,
      0.8540619502632935,
      0.8527605874786769,
      0.8545374136668694,
      0.8550133152339171,
      0.8541603741404775,
      0.8546570821868168,
      0.853774756694869,
      0.8547291091586394,
      0.8536357489643637,
      0.8526108079951262,
      0.8529185400032292,
      0.8546709749603613,
      0.853903997923862,
      0.8548350537687811,
      0.8538696399460646,
      0.8546067378560441,
      0.8539096086816516,
      0.8538237530345868
    ],
    "lr": [
      0.0009997532801828658,
      0.0009990133642141358,
      0.00099778098230154,
      0.000996057350657239,
      0.0009938441702975688,
      0.0009911436253643444,
      0.0009879583809693736,
      0.0009842915805643154,
      0.0009801468428384714,
      0.0009755282581475767,
      0.0009704403844771127,
      0.0009648882429441257,
      0.0009588773128419905,
      0.0009524135262330098,
      0.0009455032620941839,
      0.0009381533400219318,
      0.0009303710135019719,
      0.0009221639627510076,
      0.000913540287137281,
      0.0009045084971874739,
      0.0008950775061878452,
      0.0008852566213878947,
      0.0008750555348152298,
      0.0008644843137107057,
      0.0008535533905932737,
      0.0008422735529643444,
      0.0008306559326618259,
      0.0008187119948743449,
      0.0008064535268264883,
      0.0007938926261462367,
      0.0007810416889260654,
      0.0007679133974894983,
      0.0007545207078751857,
      0.0007408768370508577,
      0.0007269952498697734,
      0.0007128896457825364,
      0.0006985739453173903,
      0.0006840622763423391,
      0.0006693689601226458,
      0.0006545084971874737,
      0.0006394955530196147,
      0.0006243449435824273,
      0.0006090716206982714,
      0.0005936906572928625,
      0.0005782172325201156,
      0.0005626666167821523,
      0.0005470541566592572,
      0.0005313952597646569,
      0.0005157053795390643,
      0.0005000000000000002,
      0.00048429462046093607,
      0.0004686047402353435,
      0.000452945843340743,
      0.00043733338321784806,
      0.0004217827674798847,
      0.00040630934270713783,
      0.000390928379301729,
      0.0003756550564175727,
      0.00036050444698038553,
      0.00034549150281252655,
      0.0003306310398773544,
      0.00031593772365766127,
      0.0003014260546826097,
      0.0002871103542174637,
      0.0002730047501302267,
      0.00025912316294914234,
      0.0002454792921248144,
      0.00023208660251050164,
      0.00021895831107393473,
      0.00020610737385376356,
      0.00019354647317351177,
      0.0001812880051256552,
      0.00016934406733817422,
      0.0001577264470356557,
      0.00014644660940672634,
      0.0001355156862892944,
      0.00012494446518477025,
      0.00011474337861210548,
      0.00010492249381215483
    ]
  },
  "best_val_dice": 0.8554867282241719,
  "best_epoch": 59,
  "per_slice_metrics_file": "dinov3_vits16_conv_decoder_20260502_235006_per_slice.csv",
  "n_test_slices": 3562,
  "per_stack_metrics_file": "dinov3_vits16_conv_decoder_20260502_235006_per_stack.csv",
  "n_test_stacks": 314
}
