{
  "config": {
    "dataset": "mnm2",
    "backbone": "dinov3",
    "model_name": "dinov3_vitl16",
    "decoder": "unetr",
    "embed_dim": 1024,
    "cache_layers": [
      5,
      11,
      17,
      23
    ],
    "probe_layers": [
      5,
      11,
      17,
      23
    ],
    "lr": 0.001,
    "weight_decay": 0.001,
    "batch_size": 16,
    "n_epochs": 100,
    "patience": 20,
    "seed": 0,
    "trainable_params": 48220068
  },
  "per_class_dice": {
    "BG": 0.9908730569721385,
    "RV": 0.8624583370024844,
    "MYO": 0.7843837075523563,
    "LV": 0.9132819347411487
  },
  "macro_dice": 0.8533746597653297,
  "training_history": {
    "train_loss": [
      1.7579406380653382,
      0.8912345081567764,
      0.5702020511031151,
      0.47035140097141265,
      0.3971860229969025,
      0.3439370557665825,
      0.3172753304243088,
      0.29301295429468155,
      0.27126827016472815,
      0.24389994740486146,
      0.22021210119128226,
      0.20191118717193604,
      0.20404836311936378,
      0.19004010111093522,
      0.17215653583407403,
      0.15926878675818443,
      0.15282933339476584,
      0.13852516412734986,
      0.12926614321768284,
      0.1355659209191799,
      0.1342344183474779,
      0.12814338468015193,
      0.1263144925236702,
      0.11585547029972076,
      0.11762594506144523,
      0.11110011152923108,
      0.10642248876392842,
      0.10007530860602856,
      0.09396933875977993,
      0.0907522801309824,
      0.0902732577174902,
      0.08611072748899459,
      0.0834238961338997,
      0.08746758252382278,
      0.08355769962072372,
      0.08667649999260903,
      0.08146008998155593,
      0.08119217716157437,
      0.07752559706568718,
      0.07532620541751385,
      0.0745234090834856,
      0.07766570001840592,
      0.07480076998472214,
      0.07007188871502876,
      0.0703669872134924,
      0.07083038724958897,
      0.0685929711908102,
      0.06699840482324362,
      0.06636053286492824,
      0.06383358146995306,
      0.06361827421933412,
      0.06374699659645558,
      0.06338491775095463,
      0.06196454968303442,
      0.061535777524113655,
      0.06168246418237686,
      0.05945420488715172
    ],
    "val_macro_dice": [
      0.4908134366232946,
      0.7086436249107617,
      0.7315829372443851,
      0.754280143731851,
      0.8228614359677918,
      0.8187465178105576,
      0.8339195110376735,
      0.8302653580118088,
      0.8411879786403813,
      0.8514375391624345,
      0.8466034626037168,
      0.8492625325997712,
      0.8556110885808491,
      0.8623997754741497,
      0.8579206609782553,
      0.8650567733906279,
      0.8616383237739597,
      0.8671606857861874,
      0.8646541655448287,
      0.865241173593359,
      0.8653597267176868,
      0.852622349093411,
      0.8642760785185412,
      0.8565437738061306,
      0.8655130454574153,
      0.8650135438885833,
      0.8691827319315187,
      0.8690816597755945,
      0.8678412215600955,
      0.8666990303381089,
      0.8683364201105479,
      0.8661607006085679,
      0.8690926691227939,
      0.8667156981063692,
      0.8656513673602424,
      0.866503997270157,
      0.8692060371413097,
      0.8635562176626626,
      0.867358254744459,
      0.8686750236807423,
      0.866240403979587,
      0.8671145235653485,
      0.86798808408832,
      0.8684823176263091,
      0.8659219906027089,
      0.8685653034870677,
      0.8680182418384055,
      0.8678137822637145,
      0.8665298259743529,
      0.8687786363232619,
      0.8646526097814363,
      0.8678672098557886,
      0.864981027114371,
      0.8676178993462006,
      0.8675711474933139,
      0.8679728440684071,
      0.8669195511565918
    ],
    "lr": [
      0.0009997532801828658,
      0.0009990133642141358,
      0.00099778098230154,
      0.000996057350657239,
      0.0009938441702975688,
      0.0009911436253643444,
      0.0009879583809693736,
      0.0009842915805643154,
      0.0009801468428384714,
      0.0009755282581475767,
      0.0009704403844771127,
      0.0009648882429441257,
      0.0009588773128419905,
      0.0009524135262330098,
      0.0009455032620941839,
      0.0009381533400219318,
      0.0009303710135019719,
      0.0009221639627510076,
      0.000913540287137281,
      0.0009045084971874739,
      0.0008950775061878452,
      0.0008852566213878947,
      0.0008750555348152298,
      0.0008644843137107057,
      0.0008535533905932737,
      0.0008422735529643444,
      0.0008306559326618259,
      0.0008187119948743449,
      0.0008064535268264883,
      0.0007938926261462367,
      0.0007810416889260654,
      0.0007679133974894983,
      0.0007545207078751857,
      0.0007408768370508577,
      0.0007269952498697734,
      0.0007128896457825364,
      0.0006985739453173903,
      0.0006840622763423391,
      0.0006693689601226458,
      0.0006545084971874737,
      0.0006394955530196147,
      0.0006243449435824273,
      0.0006090716206982714,
      0.0005936906572928625,
      0.0005782172325201156,
      0.0005626666167821523,
      0.0005470541566592572,
      0.0005313952597646569,
      0.0005157053795390643,
      0.0005000000000000002,
      0.00048429462046093607,
      0.0004686047402353435,
      0.000452945843340743,
      0.00043733338321784806,
      0.0004217827674798847,
      0.00040630934270713783,
      0.000390928379301729
    ]
  },
  "best_val_dice": 0.8692060371413097,
  "best_epoch": 37,
  "per_sample_metrics_file": "dinov3_vitl16_unetr_20260503_105321_per_sample.csv",
  "n_test_samples": 314,
  "per_slice_metrics_file": "dinov3_vitl16_unetr_20260503_105321_per_slice.csv",
  "n_test_slices": 3560
}
