{
  "config": {
    "dataset": "mnm2",
    "backbone": "dinov3",
    "model_name": "dinov3_vitb16",
    "decoder": "linear_probe",
    "embed_dim": 768,
    "cache_layers": [
      3,
      6,
      9,
      11
    ],
    "probe_layers": [
      11
    ],
    "lr": 0.001,
    "weight_decay": 0.001,
    "batch_size": 16,
    "n_epochs": 100,
    "patience": 20,
    "seed": 0,
    "trainable_params": 4612
  },
  "per_class_dice": {
    "BG": 0.9852203323827655,
    "RV": 0.7673139030621319,
    "MYO": 0.6371484813000793,
    "LV": 0.8373137629947442
  },
  "macro_dice": 0.7472587157856517,
  "training_history": {
    "train_loss": [
      0.9865043914595316,
      0.4998956405839255,
      0.46393273957940034,
      0.4451181163621503,
      0.433131664436917,
      0.426142820785212,
      0.4258743980596232,
      0.4163513191910677,
      0.41553241056065227,
      0.40874323124109313,
      0.4121393906515698,
      0.40653991338818574,
      0.4087146682794704,
      0.40391054416811745,
      0.40772655966670013,
      0.40439512161321417,
      0.4064092290955921,
      0.40465497762657876,
      0.40418474993040393,
      0.4062417708164038,
      0.4015526305797488,
      0.4070103904535604,
      0.40396640938381817,
      0.4061186608880065,
      0.4033942761809327,
      0.4009365554465804,
      0.403118956782097,
      0.4028349509072858,
      0.40237337614214697,
      0.40053614766098733,
      0.3995744019053703,
      0.40231900728026104,
      0.40040234687716464,
      0.40409720637077506,
      0.39709055742552113,
      0.40072841547256294,
      0.40074515398158583,
      0.4056512811849284,
      0.39830380511838337,
      0.39881622819013374,
      0.40296276475107945,
      0.40147769340248995,
      0.4031097363593966,
      0.3997099438378977,
      0.3975386957789576,
      0.39844436493030816,
      0.39777938709702604,
      0.39919593639151996,
      0.3979054049003956,
      0.394144252843635,
      0.39685259627741437,
      0.3991613209247589,
      0.3999464014241862,
      0.39379116837368455,
      0.3959725144297578,
      0.40003577664841056,
      0.3975263013396152,
      0.397512199989585,
      0.3975116756073264,
      0.3974205913931824,
      0.39454926252365113,
      0.39899365153423577,
      0.39784673313761865,
      0.3954907718092896,
      0.39508396428684855,
      0.39775519689848254,
      0.394981775450152,
      0.39603270417036013,
      0.3967460841633553,
      0.3952048815960108,
      0.395255769269411,
      0.39816338932791423,
      0.3934955358505249,
      0.39387151086053185,
      0.39374669970468035,
      0.39586610378221027,
      0.3948419247948846,
      0.3984004432378813
    ],
    "val_macro_dice": [
      0.6949756733829546,
      0.7217488520357467,
      0.7313344953744526,
      0.7366116358327498,
      0.7392466046446412,
      0.7415091882875912,
      0.745774648485963,
      0.7445216981111593,
      0.7463141848480382,
      0.7493081195093548,
      0.749020888988532,
      0.7436294502004573,
      0.7475979851904252,
      0.7522789890563898,
      0.747112329054879,
      0.7525706316416936,
      0.7506653286441706,
      0.7489482997473486,
      0.7536101825351005,
      0.7494850360717401,
      0.7535968954553119,
      0.7510385891282155,
      0.7515129624974994,
      0.7496204948870417,
      0.7553450105397331,
      0.754428021441455,
      0.752319941400446,
      0.7539633267951901,
      0.7550595569997224,
      0.7510924478476696,
      0.7507596226994203,
      0.7553039403107012,
      0.7544869933190368,
      0.7547849221109465,
      0.7509366885788943,
      0.7496491610818156,
      0.7507894450520881,
      0.7553662866640183,
      0.7511908671232134,
      0.7513032328577333,
      0.7531641249929538,
      0.7536241435850547,
      0.7554142782947858,
      0.7533162272578734,
      0.7552789234785205,
      0.7525316053357686,
      0.7553099275243252,
      0.7551920135638088,
      0.7557840181029937,
      0.7531284994880668,
      0.7557109263765884,
      0.7529787955068299,
      0.7559696825556591,
      0.7565497502141741,
      0.7556512091418021,
      0.7548363058238303,
      0.7557290671859452,
      0.7565984978646069,
      0.7554870054505954,
      0.7554086221483954,
      0.753131496648387,
      0.750613398894322,
      0.754877907527908,
      0.7552541972842556,
      0.7550098965076549,
      0.7557810906599717,
      0.7557445027638291,
      0.7552425387279239,
      0.7552506020623607,
      0.75511797205951,
      0.7550704109040559,
      0.753064873285779,
      0.7553122909180243,
      0.755016867722467,
      0.7538972427739022,
      0.7554105790738969,
      0.7557383533999394,
      0.7557010462548558
    ],
    "lr": [
      0.0009997532801828658,
      0.0009990133642141358,
      0.00099778098230154,
      0.000996057350657239,
      0.0009938441702975688,
      0.0009911436253643444,
      0.0009879583809693736,
      0.0009842915805643154,
      0.0009801468428384714,
      0.0009755282581475767,
      0.0009704403844771127,
      0.0009648882429441257,
      0.0009588773128419905,
      0.0009524135262330098,
      0.0009455032620941839,
      0.0009381533400219318,
      0.0009303710135019719,
      0.0009221639627510076,
      0.000913540287137281,
      0.0009045084971874739,
      0.0008950775061878452,
      0.0008852566213878947,
      0.0008750555348152298,
      0.0008644843137107057,
      0.0008535533905932737,
      0.0008422735529643444,
      0.0008306559326618259,
      0.0008187119948743449,
      0.0008064535268264883,
      0.0007938926261462367,
      0.0007810416889260654,
      0.0007679133974894983,
      0.0007545207078751857,
      0.0007408768370508577,
      0.0007269952498697734,
      0.0007128896457825364,
      0.0006985739453173903,
      0.0006840622763423391,
      0.0006693689601226458,
      0.0006545084971874737,
      0.0006394955530196147,
      0.0006243449435824273,
      0.0006090716206982714,
      0.0005936906572928625,
      0.0005782172325201156,
      0.0005626666167821523,
      0.0005470541566592572,
      0.0005313952597646569,
      0.0005157053795390643,
      0.0005000000000000002,
      0.00048429462046093607,
      0.0004686047402353435,
      0.000452945843340743,
      0.00043733338321784806,
      0.0004217827674798847,
      0.00040630934270713783,
      0.000390928379301729,
      0.0003756550564175727,
      0.00036050444698038553,
      0.00034549150281252655,
      0.0003306310398773544,
      0.00031593772365766127,
      0.0003014260546826097,
      0.0002871103542174637,
      0.0002730047501302267,
      0.00025912316294914234,
      0.0002454792921248144,
      0.00023208660251050164,
      0.00021895831107393473,
      0.00020610737385376356,
      0.00019354647317351177,
      0.0001812880051256552,
      0.00016934406733817422,
      0.0001577264470356557,
      0.00014644660940672634,
      0.0001355156862892944,
      0.00012494446518477025,
      0.00011474337861210548
    ]
  },
  "best_val_dice": 0.7565984978646069,
  "best_epoch": 58,
  "per_slice_metrics_file": "dinov3_vitb16_linear_probe_20260503_024549_per_slice.csv",
  "n_test_slices": 3562,
  "per_stack_metrics_file": "dinov3_vitb16_linear_probe_20260503_024549_per_stack.csv",
  "n_test_stacks": 314
}
