{
  "config": {
    "dataset": "mnm2",
    "backbone": "sam2",
    "model_name": "sam2_1_hiera_small",
    "decoder": "unetr",
    "embed_dim": 384,
    "cache_layers": [
      4,
      7,
      11,
      14
    ],
    "probe_layers": [
      4,
      7,
      11,
      14
    ],
    "lr": 0.001,
    "weight_decay": 0.001,
    "batch_size": 16,
    "n_epochs": 100,
    "patience": 20,
    "seed": 0,
    "trainable_params": 31016868
  },
  "per_class_dice": {
    "BG": 0.9904754544898374,
    "RV": 0.8515593067857766,
    "MYO": 0.7774588023022028,
    "LV": 0.9140544194881973
  },
  "macro_dice": 0.8476908428587255,
  "training_history": {
    "train_loss": [
      1.7375420331954956,
      0.8331403136253357,
      0.6327507346868515,
      0.5337226048111916,
      0.432364422082901,
      0.3756898820400238,
      0.3606853410601616,
      0.32222084850072863,
      0.2921920731663704,
      0.25936430543661115,
      0.23396032005548478,
      0.22240537032485008,
      0.21034574434161185,
      0.19420427158474923,
      0.1853869952261448,
      0.18029150739312172,
      0.16876832395792007,
      0.16447658613324165,
      0.14726496413350104,
      0.14096647277474403,
      0.13561151400208474,
      0.13446568995714187,
      0.12546371892094613,
      0.12798801325261594,
      0.11550277508795262,
      0.11280096359550953,
      0.10875924080610275,
      0.11235745921730995,
      0.11303703300654888,
      0.10889733023941517,
      0.10428276620805263,
      0.09880087971687317,
      0.09735451340675354,
      0.09883456900715828,
      0.10046712756156921,
      0.09625930413603782,
      0.08812017627060413,
      0.0838389128446579,
      0.08056057803332806,
      0.08262846320867538,
      0.08931151181459426,
      0.08608644381165505,
      0.08202726766467094,
      0.07693844884634018,
      0.07565290182828903,
      0.07438405528664589,
      0.07068526521325111,
      0.07103771306574344,
      0.06846459023654461,
      0.06614497303962708
    ],
    "val_macro_dice": [
      0.5384484377836357,
      0.6665149041922391,
      0.7400882382978448,
      0.7408046676679813,
      0.7783280510646744,
      0.7646903949748282,
      0.7958239558232907,
      0.8192974498074309,
      0.817987524194181,
      0.838051140580971,
      0.8238075898668855,
      0.8373940875164824,
      0.8407751505278723,
      0.8431528340852926,
      0.8446721783015718,
      0.8430611922111472,
      0.8440655111943985,
      0.8485946782010313,
      0.8444377112533306,
      0.8497077524039738,
      0.8459845047071605,
      0.8555482881418719,
      0.8513535714637488,
      0.8520577704201114,
      0.8501814767190717,
      0.853448489279498,
      0.8522978491889676,
      0.8549222765077061,
      0.8553841813613334,
      0.8586736934592558,
      0.8520427606767624,
      0.8544822212703135,
      0.8545307165513147,
      0.8514190989277082,
      0.8513892397066661,
      0.8519023504484077,
      0.8578508204008909,
      0.8542693172312875,
      0.8557135620740622,
      0.855112712536576,
      0.854605404930092,
      0.8550913222571382,
      0.8553087385286755,
      0.8542870193486228,
      0.8565014188220536,
      0.8558134705659469,
      0.8559813693034363,
      0.8561321015588669,
      0.8560942706223198,
      0.8572189526540958
    ],
    "lr": [
      0.0009997532801828658,
      0.0009990133642141358,
      0.00099778098230154,
      0.000996057350657239,
      0.0009938441702975688,
      0.0009911436253643444,
      0.0009879583809693736,
      0.0009842915805643154,
      0.0009801468428384714,
      0.0009755282581475767,
      0.0009704403844771127,
      0.0009648882429441257,
      0.0009588773128419905,
      0.0009524135262330098,
      0.0009455032620941839,
      0.0009381533400219318,
      0.0009303710135019719,
      0.0009221639627510076,
      0.000913540287137281,
      0.0009045084971874739,
      0.0008950775061878452,
      0.0008852566213878947,
      0.0008750555348152298,
      0.0008644843137107057,
      0.0008535533905932737,
      0.0008422735529643444,
      0.0008306559326618259,
      0.0008187119948743449,
      0.0008064535268264883,
      0.0007938926261462367,
      0.0007810416889260654,
      0.0007679133974894983,
      0.0007545207078751857,
      0.0007408768370508577,
      0.0007269952498697734,
      0.0007128896457825364,
      0.0006985739453173903,
      0.0006840622763423391,
      0.0006693689601226458,
      0.0006545084971874737,
      0.0006394955530196147,
      0.0006243449435824273,
      0.0006090716206982714,
      0.0005936906572928625,
      0.0005782172325201156,
      0.0005626666167821523,
      0.0005470541566592572,
      0.0005313952597646569,
      0.0005157053795390643,
      0.0005000000000000002
    ]
  },
  "best_val_dice": 0.8586736934592558,
  "best_epoch": 30,
  "per_sample_metrics_file": "sam2_1_hiera_small_unetr_20260421_141330_per_sample.csv",
  "n_test_samples": 314,
  "per_slice_metrics_file": "sam2_1_hiera_small_unetr_20260421_141330_per_slice.csv",
  "n_test_slices": 3560
}