{
  "config": {
    "dataset": "mnm2",
    "backbone": "sam2",
    "model_name": "sam2_1_hiera_large",
    "decoder": "linear_probe",
    "embed_dim": 576,
    "cache_layers": [
      9,
      21,
      33,
      44
    ],
    "probe_layers": [
      44
    ],
    "lr": 0.001,
    "weight_decay": 0.001,
    "batch_size": 16,
    "n_epochs": 100,
    "patience": 20,
    "seed": 0,
    "trainable_params": 3460
  },
  "per_class_dice": {
    "BG": 0.9844891427863848,
    "RV": 0.7524621316357534,
    "MYO": 0.6576760785866925,
    "LV": 0.8540591493138749
  },
  "macro_dice": 0.7547324531787737,
  "training_history": {
    "train_loss": [
      0.955829264119614,
      0.4849387116210405,
      0.451773445689401,
      0.43684686186701754,
      0.4303111257941224,
      0.42453881613043853,
      0.42081506321596546,
      0.4170170892116635,
      0.41359988506450207,
      0.4083944319292556,
      0.41081141108690306,
      0.4116585852101792,
      0.4104495444963145,
      0.4079491171725961,
      0.4082528161448102,
      0.4065963015999905,
      0.40844653193340746,
      0.4049091610797616,
      0.4052969730177591,
      0.4083909148393675,
      0.4047878771327263,
      0.40385163745214775,
      0.4037055654581203,
      0.40560145087020344,
      0.40193815106569336,
      0.40221247894819395,
      0.40359591897143876,
      0.4026384057000626,
      0.4039254474085431,
      0.4011402414288632,
      0.4024958194688309,
      0.40197902460430945,
      0.40557476628658384,
      0.4018259505892909,
      0.4029010704783506,
      0.4066006521845973,
      0.4003005808175996,
      0.40507814717847246,
      0.40332802769749665,
      0.4011930475401324,
      0.4018850600996683,
      0.40311664148818616,
      0.40542784735213877,
      0.4027840586595757,
      0.3986158099285392,
      0.40016135919925777,
      0.40321842875591546,
      0.4014842320320218,
      0.4014655921348306,
      0.39964269399642943,
      0.39859339899795,
      0.39741406482319497,
      0.39992926661358325,
      0.40015698463417765,
      0.40199349300805914,
      0.4011930115001146,
      0.3988224990146105,
      0.3999996738378392,
      0.39851460151894147,
      0.39951799026755397,
      0.39890633419502614,
      0.4029227316379547,
      0.3996433510336765,
      0.40263009140657824,
      0.3995901508386745,
      0.39923329394917156,
      0.39952131745427155,
      0.39901352316834204,
      0.401385487650716,
      0.400922538513361,
      0.39967499250589417,
      0.39806772581366606,
      0.39979425585547157,
      0.39729237750519153,
      0.4000939764255701,
      0.4015697827172834,
      0.3996277590130651,
      0.404408426894698,
      0.3994960951250653,
      0.4002146817917048,
      0.39937163258707803,
      0.3965854363386021,
      0.39879586738209394,
      0.39914661867674006,
      0.40128581717956896,
      0.3988944536031679,
      0.3988990588243618,
      0.3992414030917855,
      0.3980180267677751,
      0.399882857189622,
      0.3976514526577883,
      0.3949466769085374,
      0.4008742494638576,
      0.399654388011888,
      0.3972030018651208,
      0.40071590210116187,
      0.3993710477684819,
      0.398583305020665,
      0.3992274181787358,
      0.39799723652906194
    ],
    "val_macro_dice": [
      0.6980434730188119,
      0.7241254624235589,
      0.7350534112542788,
      0.7411927252543483,
      0.7457948204344008,
      0.7484748505561556,
      0.7511730306446535,
      0.7532422924995258,
      0.7523914243673399,
      0.7548639609079122,
      0.7560655053896691,
      0.7559836764780677,
      0.7562965400390178,
      0.7583203366860047,
      0.7576096410734765,
      0.7577563143506056,
      0.7575851348485925,
      0.7590401199027189,
      0.759429073162233,
      0.7595625160777439,
      0.7593211163017446,
      0.7614169543126326,
      0.7602684295766958,
      0.7602405756033802,
      0.7609014630163315,
      0.759518244994898,
      0.7597776253643991,
      0.762001342404902,
      0.7619833221762908,
      0.7618442112272604,
      0.7583824931958362,
      0.7617625090751773,
      0.7608732858253165,
      0.762640067518026,
      0.7630078224130302,
      0.7617824685076399,
      0.7615083388019953,
      0.7606889625053624,
      0.7615753020343677,
      0.7628383836006848,
      0.7617420735515227,
      0.7613393543685457,
      0.7621737347375225,
      0.7634797077034289,
      0.762393830284831,
      0.7628266754136387,
      0.7625978697707358,
      0.7629429324993685,
      0.7629645506365056,
      0.7627725912566269,
      0.7613653978538778,
      0.7625714445741711,
      0.7616739787702835,
      0.7622731838864768,
      0.7626085454002638,
      0.7634980493962824,
      0.7632950979773915,
      0.7635916059985431,
      0.763400917619161,
      0.7627884770632049,
      0.7626467284692451,
      0.7628385381123658,
      0.7629185064857872,
      0.7627489935984476,
      0.7625703131966249,
      0.7634762589516241,
      0.7629634155287457,
      0.7627270201313675,
      0.7633087605285956,
      0.763619624010324,
      0.763049039938181,
      0.7626485563815316,
      0.7632130347991434,
      0.7631528185283315,
      0.7634035549753285,
      0.763517413528917,
      0.7633805183368785,
      0.7636816094209995,
      0.7634607539690305,
      0.7635314456546812,
      0.7635774271835256,
      0.763525199399564,
      0.7637264644046535,
      0.7636118594764282,
      0.7634750544957978,
      0.7637433656751457,
      0.7636997704490919,
      0.7632849489065471,
      0.7636864700476712,
      0.7636677704980123,
      0.7634367246227881,
      0.7635898941015723,
      0.763753489321668,
      0.7636342044776195,
      0.7636780676709041,
      0.7639111545319887,
      0.763756077400457,
      0.7638299721341234,
      0.7636497959104843,
      0.7635497959924787
    ],