{
  "config": {
    "dataset": "mnm2",
    "backbone": "sam2",
    "model_name": "sam2_1_hiera_small",
    "decoder": "conv_decoder",
    "embed_dim": 384,
    "cache_layers": [
      4,
      7,
      11,
      14
    ],
    "probe_layers": [
      4,
      7,
      11,
      14
    ],
    "lr": 0.001,
    "weight_decay": 0.001,
    "batch_size": 16,
    "n_epochs": 100,
    "patience": 20,
    "seed": 0,
    "trainable_params": 1917956
  },
  "per_class_dice": {
    "BG": 0.9891096310097606,
    "RV": 0.8370641015916612,
    "MYO": 0.7623127924225541,
    "LV": 0.9051821516076017
  },
  "macro_dice": 0.8348530152072723,
  "training_history": {
    "train_loss": [
      0.77994153263957,
      0.5257519903571106,
      0.46803685898004577,
      0.43317099449246427,
      0.40291186723598216,
      0.3863617359205734,
      0.3702877313591713,
      0.3561010795970296,
      0.34645313634428865,
      0.3344991522472958,
      0.32818533861359883,
      0.3130954998177151,
      0.3075067037066748,
      0.2950509022834689,
      0.2961945325136185,
      0.28458261434421983,
      0.28719385238580925,
      0.27388614277506984,
      0.27163664948108585,
      0.26583957263203556,
      0.2625419878682425,
      0.2544639093931331,
      0.24916966162448706,
      0.2455141567906668,
      0.23566825881946918,
      0.23370944469474084,
      0.23518482876378435,
      0.23640596402245898,
      0.22714708994987398,
      0.22351189117098963,
      0.2177300460809885,
      0.2135140409996343,
      0.2108136529146239,
      0.21171370841736017,
      0.20565138958221257,
      0.20533216276834176,
      0.1990893675837406,
      0.20468538167864778,
      0.19773041273272315,
      0.19163707966028257,
      0.1914551018975502,
      0.18568913631660994,
      0.18711472964564035,
      0.17995558485042218,
      0.17884692009105238,
      0.1752836318210114,
      0.17444074902423592,
      0.17281188847020615,
      0.16914110613423725,
      0.1681414427452309,
      0.16535642195579617,
      0.1625763476934544,
      0.16032228927279626,
      0.16005396538002548,
      0.1575267676697221,
      0.15710926062838976,
      0.15489270389080048,
      0.15402412941289503,
      0.1510618757716445,
      0.1493740536445795,
      0.1483302894026734,
      0.1462720156062481,
      0.14612022219009177,
      0.14367906288352122,
      0.14231542459754057,
      0.14140970564858857,
      0.1395107144186663,
      0.1368934609862261,
      0.13673214756472166,
      0.13591547674217888,
      0.13572031602609988,
      0.13389758072620214,
      0.13321615575357926,
      0.13141933994930843,
      0.13059982300497766,
      0.12980645673219549,
      0.1289622563608857,
      0.1280784088165261,
      0.1273448982557585,
      0.12690525973259018,
      0.12630844369184138,
      0.12581780986037366,
      0.12443247901838879,
      0.12408208372287972,
      0.12441806942224502,
      0.12366086123294609,
      0.12219303371601327
    ],
    "val_macro_dice": [
      0.7201400124743486,
      0.7544319054351064,
      0.7721862526819355,
      0.7502422106894148,
      0.7801375499748698,
      0.7844930759587939,
      0.8186635463281416,
      0.7984772211203266,
      0.8079590962069907,
      0.8101813810317999,
      0.8128686328662126,
      0.8062846036763022,
      0.7876325873244269,
      0.8090806585161928,
      0.8111790402153843,
      0.8092569154320802,
      0.7990902030337076,
      0.8257443593933925,
      0.8181743103799205,
      0.8214518926185534,
      0.823849923657496,
      0.8209829877381519,
      0.8308429683055766,
      0.820118641968293,
      0.8272108957739114,
      0.8323139889703172,
      0.8317151679151035,
      0.8310080182514293,
      0.823620924875622,
      0.8328227049565262,
      0.8335892974962498,
      0.8369210524189846,
      0.8323802280344591,
      0.8352524852695161,
      0.831446523841155,
      0.8381506556542057,
      0.8324682315803132,
      0.8381551254642265,
      0.8363782930221855,
      0.8354162085469395,
      0.8381080708075269,
      0.8320528207842889,
      0.8334912602896756,
      0.8339888644835014,
      0.8369232348375596,
      0.8355873539743501,
      0.8357594043650917,
      0.8396724147172004,
      0.8367070059067961,
      0.8374190100804659,
      0.8409618965196781,
      0.8358404559877934,
      0.8397325557618522,
      0.8400254920528365,
      0.8375601109447578,
      0.8391062464721685,
      0.8392962905043132,
      0.8377815994358292,
      0.8411670182436751,
      0.8386560858928597,
      0.8406063882056577,
      0.8398352830218062,
      0.8392466751380478,
      0.8371669230310891,
      0.8405577091562805,
      0.8402294096100092,
      0.8422301545099703,
      0.8408691075806054,
      0.8399455639340742,
      0.839253601261211,
      0.8401604048015167,
      0.8401916980616493,
      0.8412472329189615,
      0.8404190132177173,
      0.8407257272949763,
      0.8409065968727282,
      0.8407601000358861,
      0.8401205181111341,
      0.8409269900257743,
      0.8406480963960683,
      0.8401947717731103,
      0.8409006218242698,
      0.8420077674083307,
      0.8406352994187675,
      0.8400799756001412,
      0.8410735010380787,
      0.8410379071113994
    ],
    "lr": [
      0.0009997532801828658,
      0.0009990133642141358,
      0.00099778098230154,
      0.000996057350657239,
      0.0009938441702975688,
      0.0009911436253643444,
      0.0009879583809693736,
      0.0009842915805643154,
      0.0009801468428384714,
      0.0009755282581475767,
      0.0009704403844771127,
      0.0009648882429441257,
      0.0009588773128419905,
      0.0009524135262330098,
      0.0009455032620941839,
      0.0009381533400219318,
      0.0009303710135019719,
      0.0009221639627510076,
      0.000913540287137281,
      0.0009045084971874739,
      0.0008950775061878452,
      0.0008852566213878947,
      0.0008750555348152298,
      0.0008644843137107057,
      0.0008535533905932737,
      0.0008422735529643444,
      0.0008306559326618259,
      0.0008187119948743449,
      0.0008064535268264883,
      0.0007938926261462367,
      0.0007810416889260654,
      0.0007679133974894983,
      0.0007545207078751857,
      0.0007408768370508577,
      0.0007269952498697734,
      0.0007128896457825364,
      0.0006985739453173903,
      0.0006840622763423391,
      0.0006693689601226458,
      0.0006545084971874737,
      0.0006394955530196147,
      0.0006243449435824273,
      0.0006090716206982714,
      0.0005936906572928625,
      0.0005782172325201156,
      0.0005626666167821523,
      0.0005470541566592572,
      0.0005313952597646569,
      0.0005157053795390643,
      0.0005000000000000002,
      0.00048429462046093607,
      0.0004686047402353435,
      0.000452945843340743,
      0.00043733338321784806,
      0.0004217827674798847,
      0.00040630934270713783,
      0.000390928379301729,
      0.0003756550564175727,
      0.00036050444698038553,
      0.00034549150281252655,
      0.0003306310398773544,
      0.00031593772365766127,
      0.0003014260546826097,
      0.0002871103542174637,
      0.0002730047501302267,
      0.00025912316294914234,
      0.0002454792921248144,
      0.00023208660251050164,
      0.00021895831107393473,
      0.00020610737385376356,
      0.00019354647317351177,
      0.0001812880051256552,
      0.00016934406733817422,
      0.0001577264470356557,
      0.00014644660940672634,
      0.0001355156862892944,
      0.00012494446518477025,
      0.00011474337861210548,
      0.00010492249381215483,
      9.549150281252637e-05,
      8.645971286271918e-05,
      7.78360372489926e-05,
      6.962898649802815e-05,
      6.184665997806824e-05,
      5.449673790581613e-05,
      4.758647376699034e-05,
      4.112268715800956e-05
    ]
  },
  "best_val_dice": 0.8422301545099703,
  "best_epoch": 67,
  "per_slice_metrics_file": "sam2_1_hiera_small_conv_decoder_20260422_160622_per_slice.csv",