{
  "config": {
    "dataset": "mnm2",
    "backbone": "sam2",
    "model_name": "sam2_1_hiera_base_plus",
    "decoder": "linear_probe",
    "embed_dim": 448,
    "cache_layers": [
      6,
      11,
      16,
      21
    ],
    "probe_layers": [
      21
    ],
    "lr": 0.001,
    "weight_decay": 0.001,
    "batch_size": 16,
    "n_epochs": 100,
    "patience": 20,
    "seed": 0,
    "trainable_params": 2692
  },
  "per_class_dice": {
    "BG": 0.9833377434228817,
    "RV": 0.7343678405834215,
    "MYO": 0.6278478545573394,
    "LV": 0.8368580510167094
  },
  "macro_dice": 0.7330245820524901,
  "training_history": {
    "train_loss": [
      1.01928255890691,
      0.5072766324808431,
      0.4742791910504186,
      0.4584657624710438,
      0.4499001807944719,
      0.44441526241080703,
      0.4440323205881341,
      0.4413667920023896,
      0.4366434374520945,
      0.4355442266131556,
      0.4355672840462175,
      0.43326179551523786,
      0.43505510826443516,
      0.43473610462144363,
      0.43393613086190336,
      0.4322072991105013,
      0.4308796810549359,
      0.4289624076943065,
      0.43213621890822124,
      0.43070326281148336,
      0.43160930469978687,
      0.428918386337369,
      0.4299724499846614,
      0.4291498752527459,
      0.42914309002632317,
      0.42601239154505177,
      0.43002281175103296,
      0.42862205144970916,
      0.4287289573702701,
      0.42951574297838435,
      0.4270518408265225,
      0.43150135001470874,
      0.4295054546622343,
      0.4278989859791689,
      0.43124486568362214,
      0.4315310584944348,
      0.42755252621894657,
      0.43073856733566107,
      0.4272809914378233,
      0.4266271419303362,
      0.4286813568237216,
      0.43060108173725214,
      0.42834376720495004,
      0.42728359227956725,
      0.42381807094396545,
      0.4261075974896897,
      0.4265668127425881,
      0.42651572476985844,
      0.42639441476311796,
      0.42716232455053993,
      0.42690163961676664,
      0.4253865305767503,
      0.4246918048969535,
      0.4256065180135328,
      0.42557860197022906,
      0.427444662881452,
      0.4283887620582137,
      0.42644007441609405,
      0.423635541561038,
      0.42532808406408446,
      0.4255783695121144,
      0.4258016483728276,
      0.42482763750608576,
      0.4280377483645151,
      0.4251752316951752,
      0.42570520043373106,
      0.4255455640859382,
      0.42557439665461694,
      0.4246055015297823
    ],
    "val_macro_dice": [
      0.6780500483162243,
      0.702685105542261,
      0.7125294879137737,
      0.7175144950896907,
      0.7206729011333439,
      0.7244699023190061,
      0.7267372387438202,
      0.727533548748267,
      0.7287840851377486,
      0.7315948313247671,
      0.7322155978659849,
      0.7313512374715067,
      0.7324904807976061,
      0.7333207548121036,
      0.7333942078545138,
      0.7345905003491188,
      0.7349731281090727,
      0.7358660981934703,
      0.7344391099777209,
      0.7351562247276752,
      0.7359787373762092,
      0.7356607533550834,
      0.7350833105060176,
      0.7351449448205306,
      0.7359249105589717,
      0.7373276793069014,
      0.7362048361399472,
      0.7363296308355881,
      0.7379171970217927,
      0.7377357896951828,
      0.7317600651585523,
      0.7375712656833212,
      0.7362061557304891,
      0.7382095203657831,
      0.7366543464664868,
      0.7383491078080238,
      0.735960302242339,
      0.7377806605386422,
      0.736232927399988,
      0.737339715445985,
      0.7372810240028658,
      0.7374741934212765,
      0.7385115704753266,
      0.7381861741218664,
      0.7380292522084707,
      0.7383004527407352,
      0.7375870050057468,
      0.7386980543458354,
      0.7397328968379971,
      0.7383470262554056,
      0.7385975144161119,
      0.7377707596161573,
      0.7379570574647575,
      0.7388046067004367,
      0.7384089307706887,
      0.7383420280993613,
      0.7385036180823926,
      0.7390775136964369,
      0.7389143712029839,
      0.73893044144288,
      0.7380619379601073,
      0.7377500806884165,
      0.7386626293901362,
      0.7390494424139874,
      0.739090306200085,
      0.7394013406577592,
      0.7388909760295128,
      0.7392964898215678,
      0.7391628875969113
    ],
    "lr": [
      0.0009997532801828658,
      0.0009990133642141358,
      0.00099778098230154,
      0.000996057350657239,
      0.0009938441702975688,
      0.0009911436253643444,
      0.0009879583809693736,
      0.0009842915805643154,
      0.0009801468428384714,
      0.0009755282581475767,
      0.0009704403844771127,
      0.0009648882429441257,
      0.0009588773128419905,
      0.0009524135262330098,
      0.0009455032620941839,
      0.0009381533400219318,
      0.0009303710135019719,
      0.0009221639627510076,
      0.000913540287137281,
      0.0009045084971874739,
      0.0008950775061878452,
      0.0008852566213878947,
      0.0008750555348152298,
      0.0008644843137107057,
      0.0008535533905932737,
      0.0008422735529643444,
      0.0008306559326618259,
      0.0008187119948743449,
      0.0008064535268264883,
      0.0007938926261462367,
      0.0007810416889260654,
      0.0007679133974894983,
      0.0007545207078751857,
      0.0007408768370508577,
      0.0007269952498697734,
      0.0007128896457825364,
      0.0006985739453173903,
      0.0006840622763423391,
      0.0006693689601226458,
      0.0006545084971874737,
      0.0006394955530196147,
      0.0006243449435824273,
      0.0006090716206982714,
      0.0005936906572928625,
      0.0005782172325201156,
      0.0005626666167821523,
      0.0005470541566592572,
      0.0005313952597646569,
      0.0005157053795390643,
      0.0005000000000000002,
      0.00048429462046093607,
      0.0004686047402353435,
      0.000452945843340743,
      0.00043733338321784806,
      0.0004217827674798847,
      0.00040630934270713783,
      0.000390928379301729,
      0.0003756550564175727,
      0.00036050444698038553,
      0.00034549150281252655,
      0.0003306310398773544,
      0.00031593772365766127,
      0.0003014260546826097,
      0.0002871103542174637,
      0.0002730047501302267,
      0.00025912316294914234,
      0.0002454792921248144,
      0.00023208660251050164,
      0.00021895831107393473
    ]
  },
  "best_val_dice": 0.7397328968379971,
  "best_epoch": 49,
  "per_slice_metrics_file": "sam2_1_hiera_base_plus_linear_probe_20260422_160716_per_slice.csv",
  "n_test_slices": 3562,
  "per_stack_metrics_file": "sam2_1_hiera_base_plus_linear_probe_20260422_160716_per_stack.csv",
  "n_test_stacks": 314
}