{
  "config": {
    "dataset": "mnm2",
    "backbone": "sam2",
    "model_name": "sam2_1_hiera_large",
    "decoder": "unetr",
    "embed_dim": 576,
    "cache_layers": [
      9,
      21,
      33,
      44
    ],
    "probe_layers": [
      9,
      21,
      33,
      44
    ],
    "lr": 0.001,
    "weight_decay": 0.001,
    "batch_size": 16,
    "n_epochs": 100,
    "patience": 20,
    "seed": 0,
    "trainable_params": 36177828
  },
  "per_class_dice": {
    "BG": 0.9904933217836204,
    "RV": 0.8571511057220383,
    "MYO": 0.7767060006837047,
    "LV": 0.9154181419499787
  },
  "macro_dice": 0.8497584161185738,
  "training_history": {
    "train_loss": [
      1.532389944791794,
      0.8929063230752945,
      0.6414798378944397,
      0.6001032680273056,
      0.4942082867026329,
      0.43040764778852464,
      0.39300415962934493,
      0.36599344611167905,
      0.3422728702425957,
      0.3143247663974762,
      0.2973252832889557,
      0.26852010414004324,
      0.2618039928376675,
      0.24349438399076462,
      0.22955579683184624,
      0.2093694254755974,
      0.19273457303643227,
      0.1786858171224594,
      0.16362470313906669,
      0.17414978593587876,
      0.16518880128860475,
      0.14696885794401168,
      0.14723575338721276,
      0.14833767488598823,
      0.1464054301381111,
      0.13114828541874884,
      0.12191795110702515,
      0.11464280560612679,
      0.10897844731807708,
      0.11580126732587814,
      0.11223663687705994,
      0.11156063377857209,
      0.10673500522971154,
      0.1032598789781332,
      0.09652466624975205,
      0.09496784918010234,
      0.09615757539868355,
      0.0916713148355484,
      0.08924488462507725,
      0.0859911996871233,
      0.08911023363471031,
      0.08882550522685051,
      0.08740132823586463,
      0.09086942933499813,
      0.08382598794996739,
      0.07887337394058705,
      0.07405141443014145
    ],
    "val_macro_dice": [
      0.5644538536425073,
      0.586326283311795,
      0.7155805752036484,
      0.7328497756040117,
      0.769363806188072,
      0.7789343216591282,
      0.8187314121960189,
      0.8060446422089796,
      0.810500252335594,
      0.834262702967579,
      0.8407725515776748,
      0.8387858466190906,
      0.8320132449752542,
      0.8425001751761169,
      0.8600600848204389,
      0.8544735227032406,
      0.8574032639191964,
      0.8547969554639376,
      0.8579598027583816,
      0.8547740855985829,
      0.8606600111889474,
      0.846877406591631,
      0.8624662597578716,
      0.8545979460266356,
      0.858024829680626,
      0.8617256252624427,
      0.8646964889049084,
      0.8617507102263229,
      0.8603538670228178,
      0.8639939487452598,
      0.8593413594847252,
      0.8627345815741349,
      0.8587149407413502,
      0.8644044377643256,
      0.8637779487394397,
      0.8628214696780449,
      0.861710504044193,
      0.8618064715939394,
      0.8637641072239326,
      0.8621346280229161,
      0.8625923614958716,
      0.8631331972056007,
      0.8622692725309583,
      0.8629877689755364,
      0.8635876842322464,
      0.8630609985946366,
      0.8621665992916063
    ],
    "lr": [
      0.0009997532801828658,
      0.0009990133642141358,
      0.00099778098230154,
      0.000996057350657239,
      0.0009938441702975688,
      0.0009911436253643444,
      0.0009879583809693736,
      0.0009842915805643154,
      0.0009801468428384714,
      0.0009755282581475767,
      0.0009704403844771127,
      0.0009648882429441257,
      0.0009588773128419905,
      0.0009524135262330098,
      0.0009455032620941839,
      0.0009381533400219318,
      0.0009303710135019719,
      0.0009221639627510076,
      0.000913540287137281,
      0.0009045084971874739,
      0.0008950775061878452,
      0.0008852566213878947,
      0.0008750555348152298,
      0.0008644843137107057,
      0.0008535533905932737,
      0.0008422735529643444,
      0.0008306559326618259,
      0.0008187119948743449,
      0.0008064535268264883,
      0.0007938926261462367,
      0.0007810416889260654,
      0.0007679133974894983,
      0.0007545207078751857,
      0.0007408768370508577,
      0.0007269952498697734,
      0.0007128896457825364,
      0.0006985739453173903,
      0.0006840622763423391,
      0.0006693689601226458,
      0.0006545084971874737,
      0.0006394955530196147,
      0.0006243449435824273,
      0.0006090716206982714,
      0.0005936906572928625,
      0.0005782172325201156,
      0.0005626666167821523,
      0.0005470541566592572
    ]
  },
  "best_val_dice": 0.8646964889049084,
  "best_epoch": 27,
  "per_sample_metrics_file": "sam2_1_hiera_large_unetr_20260421_141322_per_sample.csv",
  "n_test_samples": 314,
  "per_slice_metrics_file": "sam2_1_hiera_large_unetr_20260421_141322_per_slice.csv",
  "n_test_slices": 3560
}