{
  "config": {
    "dataset": "mnm2",
    "backbone": "sam2",
    "model_name": "sam2_1_hiera_large",
    "decoder": "conv_decoder",
    "embed_dim": 576,
    "cache_layers": [
      9,
      21,
      33,
      44
    ],
    "probe_layers": [
      9,
      21,
      33,
      44
    ],
    "lr": 0.001,
    "weight_decay": 0.001,
    "batch_size": 16,
    "n_epochs": 100,
    "patience": 20,
    "seed": 0,
    "trainable_params": 2802692
  },
  "per_class_dice": {
    "BG": 0.9897595907366978,
    "RV": 0.8446454563659466,
    "MYO": 0.772361479611126,
    "LV": 0.9076658734726917
  },
  "macro_dice": 0.8415576031499215,
  "training_history": {
    "train_loss": [
      0.7847293808016667,
      0.517107427813286,
      0.4646702559881432,
      0.42607854355213254,
      0.3990287004515182,
      0.3853572465652643,
      0.35916017252345417,
      0.3502355802197789,
      0.3383874438529791,
      0.32268975501836733,
      0.315219021813814,
      0.3020206069530443,
      0.2990121767964474,
      0.28883912126685296,
      0.28264919283778167,
      0.2744955194550891,
      0.27209009479644686,
      0.26109062966912294,
      0.25821992214335954,
      0.2509513366360997,
      0.2498974108418753,
      0.2438874052707539,
      0.23398857414722443,
      0.2312312848346178,
      0.2277865508961123,
      0.22484173372734426,
      0.21940278688142467,
      0.21929169671480045,
      0.21608722196068875,
      0.20977406092854434,
      0.20432980670485384,
      0.1996078479428624,
      0.2044460476137871,
      0.20006988332715145,
      0.19537183330502622,
      0.19598082109939222,
      0.1843002265275911,
      0.1843632758356804,
      0.18123888151590214,
      0.17757400877253954,
      0.17572518524735473,
      0.17396534272404604,
      0.17084483961726343,
      0.1674803543229436,
      0.1657417827567389,
      0.16398611942002939,
      0.16116909460965978,
      0.15778297518574913,
      0.15407407973394838,
      0.1520666387885116,
      0.15323491481154464,
      0.14880797436764073,
      0.14772995949484583,
      0.14647169057713,
      0.14335786911637283,
      0.1429525716360225,
      0.14223582242117372,
      0.13928492325682973,
      0.1374211408371149,
      0.13453369878752286,
      0.13400975562805353,
      0.13266507726769114,
      0.13062569873277532,
      0.13046433464732282,
      0.12875975706549578,
      0.12724955133920493,
      0.12506946079259695,
      0.12313935919556507,
      0.12310716748930688,
      0.12220493880815284,
      0.12099390840807626,
      0.11994638685570207,
      0.11928031430688016,
      0.11747017433477003,
      0.11610486950985222,
      0.1161633062847825,
      0.11516520945831787,
      0.11494042409020801,
      0.11370379034169885,
      0.11300698594991551,
      0.11238357102455095,
      0.11176549736843552,
      0.11107922868673191,
      0.1105732251738393,
      0.11059992465862008,
      0.1097096155202666,
      0.10915925329507783,
      0.10880413935628049,
      0.10824751216311787,
      0.10810902073632839,
      0.10766844662816026,
      0.10755962379450022,
      0.10737375142269356,
      0.10698350262503291,
      0.10696706362935,
      0.10679399391939473,
      0.10664542428282804,
      0.10687254868274511,
      0.10674925602452699,
      0.1065045579574829
    ],
    "val_macro_dice": [
      0.7384887817422787,
      0.7238511015842984,
      0.7676267157047606,
      0.7839364353660677,
      0.8010189858287718,
      0.7723541512807027,
      0.8300567357903597,
      0.7896550185222161,
      0.8147533940118615,
      0.8310882019953532,
      0.8345903754787333,
      0.8203480645634431,
      0.8016399093709058,
      0.8253196317005309,
      0.8235596398500115,
      0.8235937713764304,
      0.8112412833541041,
      0.833243621851464,
      0.8324797528077944,
      0.8280808173576838,
      0.8290554480558052,
      0.8172447150694465,
      0.8426057527359133,
      0.8284069355823599,
      0.8327114147542666,
      0.8426873939004201,
      0.8321922750859191,
      0.8311104316767235,
      0.8252786919996368,
      0.8421859358624704,
      0.8453734217469057,
      0.8432859648634414,
      0.8346803156181917,
      0.8414231922854354,
      0.8281465451528919,
      0.8402712785045118,
      0.8306356100602742,
      0.848217409821836,
      0.8468464051763084,
      0.8472157267116636,
      0.8440633739790018,
      0.8430379168072447,
      0.847877379607583,
      0.8407444946172773,
      0.848810066718543,
      0.8445342188076014,
      0.8449264771295906,
      0.8443173486404958,
      0.8445721298551709,
      0.845920916313465,
      0.849137010156673,
      0.8425566360570887,
      0.8424415787634736,
      0.8490814409212627,
      0.848551197721056,
      0.8466865022948636,
      0.8473079777629068,
      0.8427621999730883,
      0.850300495223847,
      0.8485418046688468,
      0.8485929030849363,
      0.8466552988416794,
      0.8429961419792006,
      0.8452676032722812,
      0.8456354795401911,
      0.8471698170613841,
      0.8477676854827595,
      0.8499509283668821,
      0.846902288502862,
      0.8473567811161012,
      0.8487423524664143,
      0.8485437192247436,
      0.850390098056236,
      0.8481362779004812,
      0.8486469268612554,
      0.8494767943584124,
      0.8485444952558668,
      0.8481302802766865,
      0.8491805373366885,
      0.8487441840052714,
      0.848425618057096,
      0.8490652243976976,
      0.8506480355449426,
      0.8484988712147299,
      0.8488476193188031,
      0.8493781009085147,
      0.849039487029395,
      0.8493093029304776,
      0.8500968655380854,
      0.8492113755387284,
      0.8497494734557538,
      0.8493327985424161,
      0.849538150856588,
      0.8494402807995929,
      0.8496050202705528,
      0.8496664275393115,
      0.8493655197099366,
      0.8493090523384647,
      0.8493552440168176,
      0.8491917434127711
    ],