{
  "config": {
    "dataset": "mnm2",
    "backbone": "sam2",
    "model_name": "sam2_1_hiera_base_plus",
    "decoder": "conv_decoder",
    "embed_dim": 448,
    "cache_layers": [
      6,
      11,
      16,
      21
    ],
    "probe_layers": [
      6,
      11,
      16,
      21
    ],
    "lr": 0.001,
    "weight_decay": 0.001,
    "batch_size": 16,
    "n_epochs": 100,
    "patience": 20,
    "seed": 0,
    "trainable_params": 2212868
  },
  "per_class_dice": {
    "BG": 0.9890239071048795,
    "RV": 0.8325005573293479,
    "MYO": 0.7617311507251479,
    "LV": 0.9009992911622094
  },
  "macro_dice": 0.8317436664055684,
  "training_history": {
    "train_loss": [
      0.8015696933103162,
      0.5382395048474157,
      0.47901177323141764,
      0.43720507982165313,
      0.41295582014460896,
      0.3885903157467066,
      0.3701045196416766,
      0.36186716009018033,
      0.34864274907943815,
      0.3325753675643788,
      0.3230190166207247,
      0.3099906725245853,
      0.301664024314215,
      0.2953597055618153,
      0.2880932356729064,
      0.2861334448636964,
      0.2808195948600769,
      0.26822556860225144,
      0.26438849824805594,
      0.2586428162663482,
      0.25276685322439946,
      0.24673883700093557,
      0.2406321712704592,
      0.24097603053547614,
      0.2360147690357164,
      0.2260926452487014,
      0.22282853251279786,
      0.22792184643967206,
      0.2210778510847757,
      0.2128365219332451,
      0.20753934369530788,
      0.20864202234634133,
      0.2043580622174019,
      0.20309010473794714,
      0.19534612339596416,
      0.1965912367715392,
      0.19115831456905188,
      0.18794401634571165,
      0.18803645192190657,
      0.18797352591226268,
      0.181502008022264,
      0.175082673028458,
      0.17823894571426302,
      0.17130457162857055,
      0.16885597532571747,
      0.16640712216843007,
      0.1664595260869625,
      0.16480617135070091,
      0.1592000919025998,
      0.15846993237040763,
      0.15582511272541313,
      0.15407972190269204,
      0.15108301733122315,
      0.14976545156434526,
      0.14987184977115586,
      0.14862755367229152,
      0.1454636219282483,
      0.14293121546506882,
      0.1413115922448247,
      0.1408517408856126,
      0.13827245789904927,
      0.13775136501983154,
      0.13620747580777767,
      0.13392565693966177,
      0.13264209340478098,
      0.13095774141161942,
      0.1296913091526475,
      0.12841609764930814,
      0.12810814647480498,
      0.12719121069409126,
      0.1253797261174335,
      0.12416780549426411,
      0.12393161200506743,
      0.12189264266296874,
      0.12090124505203824,
      0.12080828453912291,
      0.1196426633485528,
      0.11905080166667006,
      0.11801597295805466,
      0.11749356434095738,
      0.11661573631125827,
      0.11615885014450827,
      0.11548779762761538,
      0.11495329827763313,
      0.11503006244121596,
      0.11428127139806747,
      0.11331214894388997,
      0.11327469542969106,
      0.1128405676331631,
      0.1126837255996327,
      0.11209104334892228,
      0.1119371440868045,
      0.11164313360702159
    ],
    "val_macro_dice": [
      0.7298966102371341,
      0.7338675221645885,
      0.7707341807316613,
      0.7670930644126904,
      0.7834029592000996,
      0.7979028316693885,
      0.8205917018462353,
      0.7884581058548958,
      0.8037147335131775,
      0.8002206716191641,
      0.8184162777877716,
      0.8061595399476573,
      0.7972486150714925,
      0.817922273574173,
      0.806332406428094,
      0.8133953998029003,
      0.8142836107897323,
      0.819482043475756,
      0.8202681849654615,
      0.8245041642216838,
      0.8262869170144697,
      0.8194340520322023,
      0.8126701495898793,
      0.8193878427689297,
      0.8220617533055669,
      0.8320448505489044,
      0.8232561416821423,
      0.8238129234612227,
      0.8236574656816106,
      0.8349568070661691,
      0.8318389006963772,
      0.83531662995874,
      0.8347013105846995,
      0.8338054706031429,
      0.8313175251607722,
      0.8326137450660722,
      0.8319891415610504,
      0.8336103250664598,
      0.8342309995209366,
      0.8363526222029235,
      0.8338647931963971,
      0.8319779845344949,
      0.8349285449648751,
      0.8340045778591358,
      0.8375433374854845,
      0.8341463093383906,
      0.825930875888322,
      0.8360726527574407,
      0.8385025073435317,
      0.8346363804284184,
      0.8353273373507931,
      0.8293627695599075,
      0.8384872675387794,
      0.836896405331911,
      0.8376723261570188,
      0.8348435141413747,
      0.8355769520324503,
      0.831617524068568,
      0.8370921471811549,
      0.8365272555800191,
      0.8352362190638204,
      0.8365754356772545,
      0.8351959182335649,
      0.8370145127029783,
      0.839096009234808,
      0.8391121961140874,
      0.8379120411900144,
      0.8383147908797021,
      0.8374542975715963,
      0.8382881833361465,
      0.8376129110219978,
      0.8384837445183906,
      0.8399109898292431,
      0.8379988712119886,
      0.8380218462912921,
      0.8370648343657944,
      0.8384320707329872,
      0.8376010125539578,
      0.8382449056810596,
      0.8386685622957702,
      0.8381250827315531,
      0.8381044430365409,
      0.8387478563869034,
      0.8376048832426827,
      0.8382535554780409,
      0.8379807056920242,
      0.8383534000723095,
      0.83771396827192,
      0.838218967564441,
      0.8380216582317589,
      0.8380717079825866,
      0.8378078026167787,
      0.8382807632156885
    ],