{
  "config": {
    "dataset": "mnm2",
    "backbone": "sam2",
    "model_name": "sam2_1_hiera_small",
    "decoder": "linear_probe",
    "embed_dim": 384,
    "cache_layers": [
      4,
      7,
      11,
      14
    ],
    "probe_layers": [
      14
    ],
    "lr": 0.001,
    "weight_decay": 0.001,
    "batch_size": 16,
    "n_epochs": 100,
    "patience": 20,
    "seed": 0,
    "trainable_params": 2308
  },
  "per_class_dice": {
    "BG": 0.9841451272759869,
    "RV": 0.7324609407840574,
    "MYO": 0.6410195474669623,
    "LV": 0.8497317876568794
  },
  "macro_dice": 0.7410707586359665,
  "training_history": {
    "train_loss": [
      1.0201916058396183,
      0.5094594254050144,
      0.4753152833428494,
      0.4611462974271109,
      0.45103388539580413,
      0.44126518202382464,
      0.4404372037843216,
      0.4364511973636095,
      0.4339331378770429,
      0.43061747675718265,
      0.43326478059901746,
      0.43143603566081024,
      0.43222618005996527,
      0.4305558574754138,
      0.4281028800232466,
      0.4271550019120061,
      0.42982059481532076,
      0.4257804887239323,
      0.4280411660671234,
      0.4284381324468657,
      0.429852884314781,
      0.42572899627131083,
      0.428606762165247,
      0.42795664959175644,
      0.42661537819130474,
      0.42367944509484046,
      0.42720368116400964,
      0.42542331093965574,
      0.42603517562844034,
      0.4253255988276282,
      0.42290237629136374,
      0.4247178174728571,
      0.42189598194388456,
      0.42433741383774337,
      0.4256214302639629,
      0.42573463085085844,
      0.4247284973776618,
      0.424832009021626,
      0.42576320836710374,
      0.424766084343888,
      0.4271816022174303,
      0.4277011086774427,
      0.42805632117182707,
      0.4248166167458823,
      0.42307129918142805,
      0.42445600809052936,
      0.42446121365525,
      0.4256505117859951,
      0.4235402823880661,
      0.42369203068489253,
      0.4240564042745635,
      0.4209645364173623,
      0.4234836305296698,
      0.4236555100873459,
      0.42337100505828856,
      0.42465303401614346,
      0.42220963114915894,
      0.42441355780113577,
      0.4227787486342497,
      0.42426463046739266,
      0.422105672193128,
      0.4204513797926348,
      0.424321607933488,
      0.4244882827581361,
      0.4235719008501186,
      0.42178259422612746,
      0.42482690755711044,
      0.4201981827270153,
      0.4214811218339343,
      0.4216776059117428,
      0.42485355138778685,
      0.4222269607144733,
      0.42159966202669363,
      0.42228120925814605,
      0.4245648881723714,
      0.42070821842481926,
      0.422263315805169,
      0.42242310019426565,
      0.42302727754725966,
      0.4203728914260864,
      0.4238473135371541,
      0.4235312843045523,
      0.42241074636925097,
      0.4203953492086987,
      0.42279645052067066
    ],
    "val_macro_dice": [
      0.6890584419760163,
      0.7123975499163674,
      0.7227489837517114,
      0.7273781742295907,
      0.7328384932102789,
      0.7352980178207552,
      0.7380675210604211,
      0.7393618802556441,
      0.740510179874577,
      0.7416400156292791,
      0.742997940050746,
      0.7424387059803768,
      0.7426764916964692,
      0.7433005286925978,
      0.7443511790818823,
      0.7440391168032005,
      0.7446172551467624,
      0.7450506781556565,
      0.7445074416895835,
      0.7460737695317029,
      0.7457306630635899,
      0.7458860569843319,
      0.7460173496919271,
      0.7465634205360305,
      0.746108199155246,
      0.7461162733149211,
      0.7471863878122397,
      0.7464097847785047,
      0.7477580625534789,
      0.7463687436936245,
      0.7438977687901707,
      0.746506118525815,
      0.7465773850369204,
      0.7476455078632048,
      0.7471747115754276,
      0.74801676743407,
      0.7466979751287043,
      0.7466603712283392,
      0.7455859846643388,
      0.7474447624154159,
      0.7481062324563462,
      0.7470477051025294,
      0.7474697312981888,
      0.7479604617118324,
      0.7478447039976387,
      0.7480029258070755,
      0.7482661893902355,
      0.7483041623117307,
      0.748305421736344,
      0.7482026093799808,
      0.746767471489429,
      0.7476565030808252,
      0.7476578138686986,
      0.7468588291371955,
      0.7481203163274864,
      0.7483736773604276,
      0.7479336606117978,
      0.7476544920664044,
      0.748025747264526,
      0.7478868160668047,
      0.7483375379029299,
      0.7479482200265167,
      0.7481447217840259,
      0.7485635438207684,
      0.7488425289353259,
      0.7481808460482086,
      0.7481212021293248,
      0.7480774320311929,
      0.7481239389455222,
      0.7484126680410089,
      0.7476497696816918,
      0.7480201120108884,
      0.747789170260725,
      0.7476987164287635,
      0.7483081581894613,
      0.748457420210095,
      0.7484605719857577,
      0.7483859955980963,
      0.7485545025744123,
      0.7486610439986595,
      0.7481114961873027,
      0.7482679541228922,
      0.7484640750393455,
      0.7485582007223789,
      0.7487246928702792
    ],
    "lr": [
      0.0009997532801828658,
      0.0009990133642141358,
      0.00099778098230154,
      0.000996057350657239,
      0.0009938441702975688,
      0.0009911436253643444,
      0.0009879583809693736,
      0.0009842915805643154,
      0.0009801468428384714,
      0.0009755282581475767,
      0.0009704403844771127,
      0.0009648882429441257,
      0.0009588773128419905,
      0.0009524135262330098,
      0.0009455032620941839,
      0.0009381533400219318,
      0.0009303710135019719,
      0.0009221639627510076,
      0.000913540287137281,
      0.0009045084971874739,
      0.0008950775061878452,
      0.0008852566213878947,
      0.0008750555348152298,
      0.0008644843137107057,
      0.0008535533905932737,
      0.0008422735529643444,
      0.0008306559326618259,
      0.0008187119948743449,
      0.0008064535268264883,
      0.0007938926261462367,
      0.0007810416889260654,
      0.0007679133974894983,
      0.0007545207078751857,
      0.0007408768370508577,
      0.0007269952498697734,
      0.0007128896457825364,
      0.0006985739453173903,
      0.0006840622763423391,
      0.0006693689601226458,
      0.0006545084971874737,
      0.0006394955530196147,
      0.0006243449435824273,
      0.0006090716206982714,
      0.0005936906572928625,
      0.0005782172325201156,
      0.0005626666167821523,
      0.0005470541566592572,
      0.0005313952597646569,
      0.0005157053795390643,
      0.0005000000000000002,
      0.00048429462046093607,
      0.0004686047402353435,
      0.000452945843340743,
      0.00043733338321784806,
      0.0004217827674798847,
      0.00040630934270713783,
      0.000390928379301729,
      0.0003756550564175727,
      0.00036050444698038553,
      0.00034549150281252655,
      0.0003306310398773544,
      0.00031593772365766127,
      0.0003014260546826097,
      0.0002871103542174637,
      0.0002730047501302267,
      0.00025912316294914234,
      0.0002454792921248144,
      0.00023208660251050164,
      0.00021895831107393473,
      0.00020610737385376356,
      0.00019354647317351177,
      0.0001812880051256552,
      0.00016934406733817422,
      0.0001577264470356557,
      0.00014644660940672634,
      0.0001355156862892944,
      0.00012494446518477025,
      0.00011474337861210548,
      0.00010492249381215483,
      9.549150281252637e-05,
      8.645971286271918e-05,
      7.78360372489926e-05,
      6.962898649802815e-05,
      6.184665997806824e-05,
      5.449673790581613e-05
    ]
  },
  "best_val_dice": 0.7488425289353259,
  "best_epoch": 65,
  "per_slice_metrics_file": "sam2_1_hiera_small_linear_probe_20260422_160635_per_slice.csv",
  "n_test_slices": 3562,
  "per_stack_metrics_file": "sam2_1_hiera_small_linear_probe_20260422_160635_per_stack.csv",
  "n_test_stacks": 314
}