{
  "config": {
    "dataset": "mnm2",
    "backbone": "sam2",
    "model_name": "sam2_1_hiera_base_plus",
    "decoder": "unetr",
    "embed_dim": 448,
    "cache_layers": [
      6,
      11,
      16,
      21
    ],
    "probe_layers": [
      6,
      11,
      16,
      21
    ],
    "lr": 0.001,
    "weight_decay": 0.001,
    "batch_size": 16,
    "n_epochs": 100,
    "patience": 20,
    "seed": 0,
    "trainable_params": 32737188
  },
  "per_class_dice": {
    "BG": 0.9903350503375942,
    "RV": 0.8530726482412944,
    "MYO": 0.7701012272686544,
    "LV": 0.9090463526464506
  },
  "macro_dice": 0.8440734093854664,
  "training_history": {
    "train_loss": [
      1.9306030750274659,
      0.9772663086652755,
      0.7378276973962784,
      0.6267850756645202,
      0.5189341977238655,
      0.4453800231218338,
      0.4130816861987114,
      0.3781345933675766,
      0.3603935673832893,
      0.33421932756900785,
      0.30988086611032484,
      0.3176704376935959,
      0.2761890023946762,
      0.25120785236358645,
      0.23731956630945206,
      0.2246974840760231,
      0.20492086037993432,
      0.1879771113395691,
      0.17118058875203132,
      0.1638914965093136,
      0.1599726527929306,
      0.15274900645017625,
      0.14463848546147345,
      0.13454748019576074,
      0.1258394405245781,
      0.12161895297467709,
      0.12337794974446296,
      0.12432924285531044,
      0.11966417469084263,
      0.12214969582855702,
      0.1163362767547369,
      0.1090843241661787,
      0.11586823128163815,
      0.11816073954105377,
      0.11411897279322147,
      0.10176659375429153,
      0.09315127059817314,
      0.08922489657998085,
      0.08792215436697007,
      0.08700589500367642,
      0.09158469811081886,
      0.09498390406370164,
      0.09780988916754722,
      0.08874979801476002,
      0.08231223933398724,
      0.0775011196732521,
      0.07458565831184387,
      0.07295187041163445,
      0.07069256529211998,
      0.07005521692335606,
      0.07026160582900047,
      0.07230901010334492,
      0.07420911267399788,
      0.07090816013514996
    ],
    "val_macro_dice": [
      0.3541136608452982,
      0.5985265125179181,
      0.6915307943749475,
      0.7343438758686188,
      0.7843077907745301,
      0.753188077892125,
      0.7918429695945765,
      0.8017678883682603,
      0.815995613101952,
      0.8345973946015673,
      0.7914526009864159,
      0.8290095794588161,
      0.8321282198819643,
      0.830286423543968,
      0.8390218187538702,
      0.8417748495343328,
      0.8509129146516022,
      0.8566449222981726,
      0.8539707200036352,
      0.8526243663080605,
      0.8473273031487518,
      0.8587587516884024,
      0.856981945141599,
      0.8587660989175979,
      0.8590596029314965,
      0.8591099846298436,
      0.8568817367518501,
      0.8591184349788158,
      0.86065537746091,
      0.8620642718072918,
      0.8602071374282664,
      0.8598103049375037,
      0.8608080996496298,
      0.8633041548075887,
      0.8612284177717265,
      0.8616272962947188,
      0.8621207977838802,
      0.8591998131475521,
      0.8618885282005371,
      0.860885676810089,
      0.8621586285434913,
      0.8596495070974591,
      0.8623963152896614,
      0.8610205282852031,
      0.8616168778177854,
      0.8619805867974116,
      0.8609995686328459,
      0.8626574542663429,
      0.8612265894772486,
      0.861595530742588,
      0.8624535604996714,
      0.8606698659253421,
      0.8621157561847735,
      0.8613695082589738
    ],
    "lr": [
      0.0009997532801828658,
      0.0009990133642141358,
      0.00099778098230154,
      0.000996057350657239,
      0.0009938441702975688,
      0.0009911436253643444,
      0.0009879583809693736,
      0.0009842915805643154,
      0.0009801468428384714,
      0.0009755282581475767,
      0.0009704403844771127,
      0.0009648882429441257,
      0.0009588773128419905,
      0.0009524135262330098,
      0.0009455032620941839,
      0.0009381533400219318,
      0.0009303710135019719,
      0.0009221639627510076,
      0.000913540287137281,
      0.0009045084971874739,
      0.0008950775061878452,
      0.0008852566213878947,
      0.0008750555348152298,
      0.0008644843137107057,
      0.0008535533905932737,
      0.0008422735529643444,
      0.0008306559326618259,
      0.0008187119948743449,
      0.0008064535268264883,
      0.0007938926261462367,
      0.0007810416889260654,
      0.0007679133974894983,
      0.0007545207078751857,
      0.0007408768370508577,
      0.0007269952498697734,
      0.0007128896457825364,
      0.0006985739453173903,
      0.0006840622763423391,
      0.0006693689601226458,
      0.0006545084971874737,
      0.0006394955530196147,
      0.0006243449435824273,
      0.0006090716206982714,
      0.0005936906572928625,
      0.0005782172325201156,
      0.0005626666167821523,
      0.0005470541566592572,
      0.0005313952597646569,
      0.0005157053795390643,
      0.0005000000000000002,
      0.00048429462046093607,
      0.0004686047402353435,
      0.000452945843340743,
      0.00043733338321784806
    ]
  },
  "best_val_dice": 0.8633041548075887,
  "best_epoch": 34,
  "per_sample_metrics_file": "sam2_1_hiera_base_plus_unetr_20260421_141330_per_sample.csv",
  "n_test_samples": 314,
  "per_slice_metrics_file": "sam2_1_hiera_base_plus_unetr_20260421_141330_per_slice.csv",
  "n_test_slices": 3560
}