{
  "config": {
    "dataset": "mnm2",
    "backbone": "sam",
    "model_name": "sam_vit_huge",
    "decoder": "conv_decoder",
    "embed_dim": 1280,
    "cache_layers": [
      2,
      5,
      8,
      11
    ],
    "probe_layers": [
      2,
      5,
      8,
      11
    ],
    "lr": 0.001,
    "weight_decay": 0.001,
    "batch_size": 16,
    "n_epochs": 100,
    "patience": 20,
    "seed": 0,
    "trainable_params": 6046724
  },
  "per_class_dice": {
    "BG": 0.9872502192536521,
    "RV": 0.8015910276719291,
    "MYO": 0.7487951973122563,
    "LV": 0.8920873496368481
  },
  "macro_dice": 0.8141578582070111,
  "training_history": {
    "train_loss": [
      0.9422656749570093,
      0.6705274692801542,
      0.599939661940863,
      0.542008029998735,
      0.518324579610381,
      0.4847382969634477,
      0.46978022941323216,
      0.4507192030895588,
      0.4451923338479774,
      0.4195620802945869,
      0.40969340731931286,
      0.39963446966437405,
      0.3835499235363894,
      0.3730487786060156,
      0.3795498642810555,
      0.35626707991888357,
      0.3627672343753105,
      0.34153811737548473,
      0.33798652339813323,
      0.3284107558255972,
      0.3234502511662106,
      0.31509164606415946,
      0.31319587639597957,
      0.31253732519094335,
      0.29727034735125163,
      0.2931192091731138,
      0.2904911125122115,
      0.28602398911187815,
      0.276219978166181,
      0.27135541050933126,
      0.2682090009367743,
      0.2660178744515707,
      0.2612240100322768,
      0.2603906285624171,
      0.2550710543643597,
      0.25384351119052534,
      0.2412879867609157,
      0.24158060405143472,
      0.2365511014711025,
      0.23093864016754684,
      0.23079215163408323,
      0.22400819347348325,
      0.22357246480708898,
      0.22105706389560256,
      0.21172610493593438,
      0.20814977489238562,
      0.2059195768694545,
      0.20218153907809147,
      0.20044744915740434,
      0.1979905424422996,
      0.19384755457556524,
      0.18938030933224878,
      0.18836324797120205,
      0.1897666816794595,
      0.18601646118385848,
      0.1804572607888732,
      0.17967854897643246,
      0.17529806141243426,
      0.1732858155355897,
      0.17104858381803645,
      0.1696789738743804,
      0.16719905914262284,
      0.16537229744500892,
      0.1626482057363488,
      0.1614739878233089,
      0.1587097433763881,
      0.15582604439452638,
      0.15422145350034847,
      0.15279870889214583,
      0.15209825537925542,
      0.1505685088939445,
      0.14883100733507512,
      0.14894508757563524,
      0.14515549595965896,
      0.14460730244253958,
      0.14323230157064837,
      0.1420749002071314,
      0.14142488511495813,
      0.13947764946970828,
      0.13869096979845402,
      0.13803931942512823,
      0.13767652875462244,
      0.13608599267033644,
      0.1359576054437216,
      0.13534797773111698,
      0.13396749271209848,
      0.13286384960939718,
      0.13273929395647935,
      0.131905253335487,
      0.1321644302717475,
      0.13146399037782536,
      0.13105762635552606,
      0.13075717289087385,
      0.12969986020132554
    ],
    "val_macro_dice": [
      0.5500290460115408,
      0.6791002678767449,
      0.7474591465217312,
      0.6977936883760879,
      0.7546372597494732,
      0.7575842396517287,
      0.7450500666572881,
      0.7518259905363415,
      0.7729640238833436,
      0.7358365982071496,
      0.7825199304683111,
      0.7218606198359211,
      0.7318333978846131,
      0.7437948897336556,
      0.7697479675764966,
      0.7748522681508961,
      0.708764836902258,
      0.7760593818619282,
      0.7868233815781154,
      0.7660075333066216,
      0.750534399293514,
      0.7764684067427465,
      0.7899584016026444,
      0.785078187845321,
      0.7911185202099578,
      0.792590362760436,
      0.7805821827194569,
      0.7690177473368062,
      0.764961870903254,
      0.8033832542538414,
      0.8017241880638745,
      0.7794818732596397,
      0.7967619585574043,
      0.7874050582743513,
      0.789911388305779,
      0.8100403764220797,
      0.7998684633476482,
      0.7962888570580792,
      0.7960594392766921,
      0.7934788956506317,
      0.7892313662578374,
      0.7924759071338981,
      0.7732703118522628,
      0.7916103542254206,
      0.803229977714511,
      0.8087329955032229,
      0.8102590873390926,
      0.8136920111237685,
      0.8094805274467403,
      0.8053057769614925,
      0.8136016159488828,
      0.7930207728246915,
      0.8094602932280628,
      0.8104322713416522,
      0.8046585322038672,
      0.8158766007369213,
      0.8127149578237082,
      0.812870872238673,
      0.810735178967574,
      0.808332168012989,
      0.8131561383795095,
      0.8145361857600136,
      0.810326709569115,
      0.8135424454932764,
      0.8117231960952701,
      0.8161986436166982,
      0.8143182006641966,
      0.8160310427305432,
      0.8131380325860528,
      0.8096822599060873,
      0.8143196259252226,
      0.8136184572594726,
      0.8158020131452318,
      0.8173278913162543,
      0.8143591856946041,
      0.8132836208549085,
      0.8156633462046005,
      0.814205933724963,
      0.815764594921837,
      0.812559036295284,
      0.8156364343221264,
      0.8163287677270185,
      0.8161100015310198,
      0.8150847562676921,
      0.8168635630129621,
      0.8166453335419769,
      0.8155972220903216,
      0.8166341271209449,
      0.8168800978394831,
      0.8165115939493859,
      0.8158239064479343,
      0.8170004106995327,
      0.8161073052007302,
      0.816082477920554
    ],