{
  "config": {
    "dataset": "mnm2",
    "backbone": "sam",
    "model_name": "sam_vit_huge",
    "decoder": "unetr",
    "embed_dim": 1280,
    "cache_layers": [
      2,
      5,
      8,
      11
    ],
    "probe_layers": [
      2,
      5,
      8,
      11
    ],
    "lr": 0.001,
    "weight_decay": 0.001,
    "batch_size": 16,
    "n_epochs": 100,
    "patience": 20,
    "seed": 0,
    "trainable_params": 55101348
  },
  "per_class_dice": {
    "BG": 0.9882014226337924,
    "RV": 0.8222426113049724,
    "MYO": 0.7411244361866501,
    "LV": 0.9018314500744067
  },
  "macro_dice": 0.8217328325220098,
  "training_history": {
    "train_loss": [
      1.6687665700912475,
      0.8727905422449111,
      0.7516106009483338,
      0.6533942341804504,
      0.5709900230169296,
      0.5056096374988556,
      0.46875892728567126,
      0.4204088121652603,
      0.3915146246552467,
      0.3904151529073715,
      0.33461815267801287,
      0.29462037831544874,
      0.2660791248083115,
      0.29560239762067797,
      0.25102831795811653,
      0.21858766451478004,
      0.19763368219137192,
      0.19153298512101175,
      0.19256293028593063,
      0.23813625946640968,
      0.18949695751070977,
      0.16015891507267951,
      0.14656898975372315,
      0.13573713451623917,
      0.1339005447924137,
      0.12950044944882394,
      0.13091267384588717,
      0.14362446889281272,
      0.13690636530518532,
      0.13729598000645638,
      0.12728555873036385,
      0.11210454888641834,
      0.10564274489879608,
      0.09858374632894992,
      0.09622874930500984,
      0.09899160452187061,
      0.09519907832145691,
      0.09741746485233307,
      0.09744159989058972,
      0.09245423078536988,
      0.09631567634642124,
      0.09439721815288067,
      0.08964132480323314,
      0.08616963997483254,
      0.08286836966872216,
      0.07729053385555744,
      0.07269349880516529,
      0.07108997143805026,
      0.07030019424855709,
      0.06949999518692493,
      0.06987675912678241,
      0.06925892755389214,
      0.06797543615102768,
      0.0689205814152956,
      0.06613124720752239,
      0.06531647387892008,
      0.06414239164441823,
      0.0625509625300765,
      0.06069876216351986,
      0.05930049493908882
    ],
    "val_macro_dice": [
      0.5177997514894709,
      0.546336481348987,
      0.6391433626797997,
      0.654497237952825,
      0.7158003551083197,
      0.6966944930819823,
      0.7480184468034038,
      0.7684066319770858,
      0.6596472724249186,
      0.8010186088049446,
      0.8038782979844319,
      0.8039677318645356,
      0.8105274258192033,
      0.811778572948829,
      0.8082315376862383,
      0.8176966942633702,
      0.8267386393862429,
      0.8292346408611984,
      0.8082903426611119,
      0.8245345509942323,
      0.8278776769528106,
      0.8327688875810896,
      0.8311939897455479,
      0.8289880372500181,
      0.8358987970055155,
      0.8290700360009908,
      0.835917479185995,
      0.8313152577050481,
      0.834905821723233,
      0.8253872204937075,
      0.8323015745373086,
      0.8316395430893566,
      0.8377952915991157,
      0.8322017168196311,
      0.8290967127987526,
      0.8323368631469389,
      0.8395943457666187,
      0.8376492618883745,
      0.8355149576630175,
      0.840395090579802,
      0.8332510341424282,
      0.8341261642653558,
      0.8358224316155521,
      0.8361714243803712,
      0.8380460248876204,
      0.8368643399107532,
      0.8369707287367124,
      0.837447175559829,
      0.8354146398458049,
      0.8368590317102661,
      0.8366245759676065,
      0.8352991851762096,
      0.8343536040577515,
      0.8359256426262904,
      0.835923168922054,
      0.8359413533645258,
      0.8353106382395539,
      0.8358518317096469,
      0.8362509440776953,
      0.8350722084216767
    ],
    "lr": [
      0.0009997532801828658,
      0.0009990133642141358,
      0.00099778098230154,
      0.000996057350657239,
      0.0009938441702975688,
      0.0009911436253643444,
      0.0009879583809693736,
      0.0009842915805643154,
      0.0009801468428384714,
      0.0009755282581475767,
      0.0009704403844771127,
      0.0009648882429441257,
      0.0009588773128419905,
      0.0009524135262330098,
      0.0009455032620941839,
      0.0009381533400219318,
      0.0009303710135019719,
      0.0009221639627510076,
      0.000913540287137281,
      0.0009045084971874739,
      0.0008950775061878452,
      0.0008852566213878947,
      0.0008750555348152298,
      0.0008644843137107057,
      0.0008535533905932737,
      0.0008422735529643444,
      0.0008306559326618259,
      0.0008187119948743449,
      0.0008064535268264883,
      0.0007938926261462367,
      0.0007810416889260654,
      0.0007679133974894983,
      0.0007545207078751857,
      0.0007408768370508577,
      0.0007269952498697734,
      0.0007128896457825364,
      0.0006985739453173903,
      0.0006840622763423391,
      0.0006693689601226458,
      0.0006545084971874737,
      0.0006394955530196147,
      0.0006243449435824273,
      0.0006090716206982714,
      0.0005936906572928625,
      0.0005782172325201156,
      0.0005626666167821523,
      0.0005470541566592572,
      0.0005313952597646569,
      0.0005157053795390643,
      0.0005000000000000002,
      0.00048429462046093607,
      0.0004686047402353435,
      0.000452945843340743,
      0.00043733338321784806,
      0.0004217827674798847,
      0.00040630934270713783,
      0.000390928379301729,
      0.0003756550564175727,
      0.00036050444698038553,
      0.00034549150281252655
    ]
  },
  "best_val_dice": 0.840395090579802,
  "best_epoch": 40,
  "per_sample_metrics_file": "sam_vit_huge_unetr_20260505_173642_per_sample.csv",
  "n_test_samples": 314,
  "per_slice_metrics_file": "sam_vit_huge_unetr_20260505_173642_per_slice.csv",
  "n_test_slices": 3560
}
