{
  "config": {
    "dataset": "mnm2",
    "backbone": "sam",
    "model_name": "sam_vit_base",
    "decoder": "linear_probe",
    "embed_dim": 768,
    "cache_layers": [
      2,
      5,
      8,
      11
    ],
    "probe_layers": [
      11
    ],
    "lr": 0.001,
    "weight_decay": 0.001,
    "batch_size": 16,
    "n_epochs": 100,
    "patience": 20,
    "seed": 0,
    "trainable_params": 4612
  },
  "per_class_dice": {
    "BG": 0.9825511435437292,
    "RV": 0.7185601040014572,
    "MYO": 0.6140334194514584,
    "LV": 0.8355759162570039
  },
  "macro_dice": 0.7227231465699732,
  "training_history": {
    "train_loss": [
      0.9738402883673823,
      0.557745968463809,
      0.5240272783955863,
      0.5089497751967852,
      0.4984261353348577,
      0.4940612969010375,
      0.49030364557754164,
      0.487186718125676,
      0.4807335238124049,
      0.48256240168283154,
      0.48414340726164884,
      0.4795655866001928,
      0.48097372845161795,
      0.47833825945854186,
      0.4764407076114832,
      0.47784223819887917,
      0.47848171272943185,
      0.4781724533369375,
      0.4786010657632074,
      0.4772779129272284,
      0.47769690363906153,
      0.47584848403930663,
      0.4762670371421548,
      0.4776203159676042,
      0.47502236560333605,
      0.47271062010942505,
      0.47861551767171817,
      0.4748252718947655,
      0.47637990186380785,
      0.4740305074425631,
      0.47518705212792683,
      0.47604985819306483,
      0.4721959302591723,
      0.4756082511225412,
      0.4785299431445987,
      0.47712614411531495,
      0.4769914373408916,
      0.47656154175137366,
      0.47529903553252995,
      0.4715030021445696,
      0.4722205550171608,
      0.47770831127499425,
      0.4744804263114929,
      0.4730821303156919,
      0.4693297458249469,
      0.4748649318550908,
      0.4779413321683573,
      0.4723698898803356,
      0.471156347075174,
      0.470535201665967,
      0.475256657045941,
      0.47504139944564466,
      0.47350924763568614,
      0.4714333846125492,
      0.4709268428558527,
      0.47249559427416604,
      0.4747972521671029,
      0.473109371994817,
      0.47292501801668213,
      0.4703536637993746,
      0.4730133751104044,
      0.47141723438750865,
      0.4755256636198177,
      0.47224302416624026,
      0.4721030134101247,
      0.47051008634789043,
      0.4712064083232436,
      0.4701369515685148,
      0.4705051501129949,
      0.47055007136145305,
      0.4706769570361736,
      0.4707285634306974,
      0.46898748320202494,
      0.4688783117505007,
      0.4684351973755415
    ],
    "val_macro_dice": [
      0.665133591296936,
      0.6883030350916607,
      0.6950813408109404,
      0.7011295686726412,
      0.7071808899459064,
      0.7086768563690241,
      0.7141549677957805,
      0.7158721164364779,
      0.7131005473798909,
      0.7179843095462729,
      0.7191206510819533,
      0.7170279912778071,
      0.718808070392274,
      0.7212595063698727,
      0.7192526549163181,
      0.7207055489297587,
      0.7212141418496664,
      0.7226307307028302,
      0.72258187066708,
      0.7228505747793698,
      0.7217710781779919,
      0.7235251172515934,
      0.7223566760789822,
      0.7237684235542909,
      0.7229938889210396,
      0.7242091892432736,
      0.7254948852072914,
      0.7244162754748212,
      0.7217309190617085,
      0.725137764839784,
      0.7211248749799172,
      0.7251926789417954,
      0.7231798667076889,
      0.7267953406297618,
      0.7255624949476198,
      0.7254037212570902,
      0.7250398188388228,
      0.7255513350083542,
      0.7250869477847598,
      0.7256543146714005,
      0.724057787914456,
      0.7243995612037303,
      0.7251369957621147,
      0.7233944213109473,
      0.7251667749860203,
      0.7252736503586311,
      0.724421836204617,
      0.7255536286639024,
      0.7267916480215887,
      0.7252587832804749,
      0.7256022979820843,
      0.7245209023567116,
      0.7258146843198231,
      0.727170629587734,
      0.7273872443330394,
      0.7270840000525833,
      0.7257185253717643,
      0.7265208804460391,
      0.7268384648973703,
      0.7268753700292961,
      0.7266834116021469,
      0.7269146204409909,
      0.7254994239428166,
      0.7258763045292594,
      0.726461295058472,
      0.7265256374956627,
      0.7254789832067541,
      0.7263251613264715,
      0.7253504736132682,
      0.7257173147441347,
      0.7262118996236749,
      0.7263125554703466,
      0.7262668161442801,
      0.7266828389686323,
      0.725897259863491
    ],
    "lr": [
      0.0009997532801828658,
      0.0009990133642141358,
      0.00099778098230154,
      0.000996057350657239,
      0.0009938441702975688,
      0.0009911436253643444,
      0.0009879583809693736,
      0.0009842915805643154,
      0.0009801468428384714,
      0.0009755282581475767,
      0.0009704403844771127,
      0.0009648882429441257,
      0.0009588773128419905,
      0.0009524135262330098,
      0.0009455032620941839,
      0.0009381533400219318,
      0.0009303710135019719,
      0.0009221639627510076,
      0.000913540287137281,
      0.0009045084971874739,
      0.0008950775061878452,
      0.0008852566213878947,
      0.0008750555348152298,
      0.0008644843137107057,
      0.0008535533905932737,
      0.0008422735529643444,
      0.0008306559326618259,
      0.0008187119948743449,
      0.0008064535268264883,
      0.0007938926261462367,
      0.0007810416889260654,
      0.0007679133974894983,
      0.0007545207078751857,
      0.0007408768370508577,
      0.0007269952498697734,
      0.0007128896457825364,
      0.0006985739453173903,
      0.0006840622763423391,
      0.0006693689601226458,
      0.0006545084971874737,
      0.0006394955530196147,
      0.0006243449435824273,
      0.0006090716206982714,
      0.0005936906572928625,
      0.0005782172325201156,
      0.0005626666167821523,
      0.0005470541566592572,
      0.0005313952597646569,
      0.0005157053795390643,
      0.0005000000000000002,
      0.00048429462046093607,
      0.0004686047402353435,
      0.000452945843340743,
      0.00043733338321784806,
      0.0004217827674798847,
      0.00040630934270713783,
      0.000390928379301729,
      0.0003756550564175727,
      0.00036050444698038553,
      0.00034549150281252655,
      0.0003306310398773544,
      0.00031593772365766127,
      0.0003014260546826097,
      0.0002871103542174637,
      0.0002730047501302267,
      0.00025912316294914234,
      0.0002454792921248144,
      0.00023208660251050164,
      0.00021895831107393473,
      0.00020610737385376356,
      0.00019354647317351177,
      0.0001812880051256552,
      0.00016934406733817422,
      0.0001577264470356557,
      0.00014644660940672634
    ]
  },
  "best_val_dice": 0.7273872443330394,
  "best_epoch": 55,
  "per_slice_metrics_file": "sam_vit_base_linear_probe_20260503_153049_per_slice.csv",
  "n_test_slices": 3562,
  "per_stack_metrics_file": "sam_vit_base_linear_probe_20260503_153049_per_stack.csv",
  "n_test_stacks": 314
}
