{
  "config": {
    "dataset": "mnm2",
    "backbone": "sam",
    "model_name": "sam_vit_huge",
    "decoder": "linear_probe",
    "embed_dim": 1280,
    "cache_layers": [
      2,
      5,
      8,
      11
    ],
    "probe_layers": [
      11
    ],
    "lr": 0.001,
    "weight_decay": 0.001,
    "batch_size": 16,
    "n_epochs": 100,
    "patience": 20,
    "seed": 0,
    "trainable_params": 7684
  },
  "per_class_dice": {
    "BG": 0.9772251892752212,
    "RV": 0.6367144880374213,
    "MYO": 0.5738166206151316,
    "LV": 0.79430021833391
  },
  "macro_dice": 0.6682771089954875,
  "training_history": {
    "train_loss": [
      1.0096147018809651,
      0.6591295658155929,
      0.6186573172724524,
      0.6079313023145809,
      0.5968366749064867,
      0.5885514088841372,
      0.5862677564454634,
      0.586708649923635,
      0.5800790731296983,
      0.5826605071855145,
      0.580907052200894,
      0.5804190438847209,
      0.5754662729973017,
      0.5787269046140272,
      0.5802549816841303,
      0.57666661780934,
      0.5813436929569687,
      0.5791115816249404,
      0.5766429693199867,
      0.5757976292177688,
      0.5807048036608585,
      0.5732645245485528,
      0.5791730714398761,
      0.5781847327254539,
      0.5753141012302665,
      0.5746020038460576,
      0.5834085652994555,
      0.5750812732896139,
      0.5726133799830149,
      0.5786047864791959,
      0.5720501065254211,
      0.5752209255861681,
      0.5732596750869308,
      0.5751286950222282,
      0.5775061597657758,
      0.5704809647659923,
      0.5739297175130179,
      0.5746100811071174,
      0.5717616485994915,
      0.569802351053371,
      0.5723820641983387,
      0.5727074289044668,
      0.5738346786000008,
      0.5699969117031541,
      0.5709773716538451,
      0.571128952087358,
      0.573939040649769,
      0.5693339313185493,
      0.5731292577676995,
      0.5651952922344208,
      0.5706378841122915,
      0.568342476112898,
      0.5695068894430648,
      0.5737225206785423,
      0.5709553693616113,
      0.5667357812094134,
      0.5708827096362447,
      0.567894654911618,
      0.566206188118735,
      0.5697913326496302,
      0.5687619831672934,
      0.5727451005647349,
      0.5710427963456443,
      0.569990774781205,
      0.5694886121638986,
      0.5669573557931323,
      0.5677229856335839,
      0.5662055539530377,
      0.566551072098488,
      0.5706281872682794,
      0.5656652291153752,
      0.5660962592723757,
      0.5679832297702169,
      0.5679600303949311,
      0.5651012921056082,
      0.5696635150632193,
      0.5646564396314843,
      0.5682748858318772,
      0.5654607757579448,
      0.567959805699282,
      0.5638125566549079
    ],
    "val_macro_dice": [
      0.6073408785860291,
      0.6353830727488147,
      0.6446966441975951,
      0.65285623329229,
      0.6581349599604993,
      0.6600578882050017,
      0.6628602824231887,
      0.6649841743050263,
      0.6680759937470597,
      0.6668655926286217,
      0.6671824020797065,
      0.6632016722277432,
      0.6673540625971844,
      0.6693680739936146,
      0.6714713598658794,
      0.6708627635835599,
      0.6684051636540511,
      0.6713104063395533,
      0.6725842426717262,
      0.6724277583576282,
      0.6732489526704034,
      0.6710097698195843,
      0.6729497999569419,
      0.6732817062981065,
      0.6735591972831401,
      0.6716954061877448,
      0.6735934406080046,
      0.6762501146180359,
      0.673328948969632,
      0.674260630170484,
      0.6663376941051622,
      0.6746046637916865,
      0.6721052623108746,
      0.6729834899942927,
      0.6740469916820317,
      0.665888392029864,
      0.6751609121968669,
      0.6716469924659974,
      0.6729446628932815,
      0.675924841788124,
      0.6737559535202792,
      0.6746694850223544,
      0.6725552452530478,
      0.672563703932319,
      0.675848413731195,
      0.6752811552104037,
      0.6744292881040131,
      0.677387499285369,
      0.6759339810355712,
      0.6741676734056524,
      0.674984174979047,
      0.6753506082421725,
      0.6758128437017001,
      0.6759661903023336,
      0.6749862901769571,
      0.6774290909554224,
      0.6772564751006774,
      0.6764306859065948,
      0.6755430397675274,
      0.6760516075834646,
      0.6783905852353408,
      0.6782117820171255,
      0.6736572884509756,
      0.6766391105135462,
      0.6776925609641343,
      0.6763848817565096,
      0.6771774272869885,
      0.6764174801320472,
      0.6766398707051016,
      0.6756884762257714,
      0.6776249358609517,
      0.6776133265269166,
      0.6769887601265534,
      0.6757503436817672,
      0.676631668424806,
      0.677802240436281,
      0.6774549733700325,
      0.677068587122867,
      0.6771950887916716,
      0.6760294155111586,
      0.677931703086957
    ],
    "lr": [
      0.0009997532801828658,
      0.0009990133642141358,
      0.00099778098230154,
      0.000996057350657239,
      0.0009938441702975688,
      0.0009911436253643444,
      0.0009879583809693736,
      0.0009842915805643154,
      0.0009801468428384714,
      0.0009755282581475767,
      0.0009704403844771127,
      0.0009648882429441257,
      0.0009588773128419905,
      0.0009524135262330098,
      0.0009455032620941839,
      0.0009381533400219318,
      0.0009303710135019719,
      0.0009221639627510076,
      0.000913540287137281,
      0.0009045084971874739,
      0.0008950775061878452,
      0.0008852566213878947,
      0.0008750555348152298,
      0.0008644843137107057,
      0.0008535533905932737,
      0.0008422735529643444,
      0.0008306559326618259,
      0.0008187119948743449,
      0.0008064535268264883,
      0.0007938926261462367,
      0.0007810416889260654,
      0.0007679133974894983,
      0.0007545207078751857,
      0.0007408768370508577,
      0.0007269952498697734,
      0.0007128896457825364,
      0.0006985739453173903,
      0.0006840622763423391,
      0.0006693689601226458,
      0.0006545084971874737,
      0.0006394955530196147,
      0.0006243449435824273,
      0.0006090716206982714,
      0.0005936906572928625,
      0.0005782172325201156,
      0.0005626666167821523,
      0.0005470541566592572,
      0.0005313952597646569,
      0.0005157053795390643,
      0.0005000000000000002,
      0.00048429462046093607,
      0.0004686047402353435,
      0.000452945843340743,
      0.00043733338321784806,
      0.0004217827674798847,
      0.00040630934270713783,
      0.000390928379301729,
      0.0003756550564175727,
      0.00036050444698038553,
      0.00034549150281252655,
      0.0003306310398773544,
      0.00031593772365766127,
      0.0003014260546826097,
      0.0002871103542174637,
      0.0002730047501302267,
      0.00025912316294914234,
      0.0002454792921248144,
      0.00023208660251050164,
      0.00021895831107393473,
      0.00020610737385376356,
      0.00019354647317351177,
      0.0001812880051256552,
      0.00016934406733817422,
      0.0001577264470356557,
      0.00014644660940672634,
      0.0001355156862892944,
      0.00012494446518477025,
      0.00011474337861210548,
      0.00010492249381215483,
      9.549150281252637e-05,
      8.645971286271918e-05
    ]
  },
  "best_val_dice": 0.6783905852353408,
  "best_epoch": 61,
  "per_slice_metrics_file": "sam_vit_huge_linear_probe_20260504_071656_per_slice.csv",
  "n_test_slices": 3562,
  "per_stack_metrics_file": "sam_vit_huge_linear_probe_20260504_071656_per_stack.csv",
  "n_test_stacks": 314
}
