{
  "config": {
    "dataset": "mnm2",
    "backbone": "sam",
    "model_name": "sam_vit_base",
    "decoder": "unetr",
    "embed_dim": 768,
    "cache_layers": [
      2,
      5,
      8,
      11
    ],
    "probe_layers": [
      2,
      5,
      8,
      11
    ],
    "lr": 0.001,
    "weight_decay": 0.001,
    "batch_size": 16,
    "n_epochs": 100,
    "patience": 20,
    "seed": 0,
    "trainable_params": 41338788
  },
  "per_class_dice": {
    "BG": 0.9900566953183388,
    "RV": 0.8519179139285041,
    "MYO": 0.7736651388789768,
    "LV": 0.9090837606695906
  },
  "macro_dice": 0.8448889378256905,
  "training_history": {
    "train_loss": [
      1.9742301464080811,
      1.1791257590055466,
      0.7939594626426697,
      0.638815525174141,
      0.5332242026925087,
      0.4630153805017471,
      0.4199017807841301,
      0.3816787675023079,
      0.35168610215187074,
      0.33568120151758196,
      0.3211664244532585,
      0.3004217863082886,
      0.2713113635778427,
      0.24740862026810645,
      0.23637797981500625,
      0.21980569288134574,
      0.20693899765610696,
      0.20356516391038895,
      0.18427871391177178,
      0.17132573947310448,
      0.15798609629273414,
      0.1571400582790375,
      0.14391246885061265,
      0.155342136323452,
      0.14234545528888704,
      0.1346195165067911,
      0.1252792201936245,
      0.11960004195570946,
      0.12308327034115792,
      0.11279412433505058,
      0.11603417806327343,
      0.11359268687665462,
      0.10908819697797298,
      0.10420731529593467,
      0.0982275128364563,
      0.09347746260464192,
      0.08981781266629696,
      0.09052236452698707,
      0.09334448501467704,
      0.1052221767604351,
      0.10222274921834469,
      0.092503522336483,
      0.08547007776796818,
      0.08115189038217067,
      0.07769192047417164,
      0.07393892966210842,
      0.07135278731584549,
      0.07028136998414994,
      0.06835478842258454,
      0.0669422335922718,
      0.06668243426829576,
      0.06647818926721812,
      0.06934765838086605,
      0.07226751372218132,
      0.07017554379999638,
      0.06737808771431446,
      0.06387707740068435,
      0.06130920704454183,
      0.059894259087741375,
      0.05929755847901106,
      0.05798281654715538,
      0.05672057718038559,
      0.055941969342529776,
      0.05524411518126726,
      0.0547320906072855
    ],
    "val_macro_dice": [
      0.23670629458430312,
      0.5880858429871595,
      0.6727467356067204,
      0.7061448543956423,
      0.7350225186718515,
      0.7357605006067528,
      0.7801206968759992,
      0.7908014371574928,
      0.7907412262706365,
      0.8132086467530311,
      0.7808162333395621,
      0.832193806088488,
      0.836796663481454,
      0.8347688669290408,
      0.8385994720739655,
      0.8402984468066371,
      0.8322003295530118,
      0.8461389590561857,
      0.8444820135705352,
      0.8458182839920774,
      0.8495218877706557,
      0.846115774760326,
      0.8510684163568145,
      0.8459660471367343,
      0.8500230824372426,
      0.8508073332990973,
      0.85191804950104,
      0.847959670794484,
      0.852950772519191,
      0.8513993306815415,
      0.8562106456496514,
      0.8515503905205638,
      0.856376235882553,
      0.8541278002093019,
      0.856073918811317,
      0.8551335872644544,
      0.8532970303608187,
      0.8509598464796362,
      0.8539305080699894,
      0.8540168543959643,
      0.8515633468287122,
      0.8509938359194091,
      0.8544555650378269,
      0.8549216584270417,
      0.8566438052797193,
      0.8558476866387915,
      0.8566359768606798,
      0.85520607391781,
      0.8552166673720988,
      0.8556194332815287,
      0.853902331371814,
      0.8548019381246313,
      0.8550534078625301,
      0.8535661332442982,
      0.8542331822854327,
      0.8550665040534846,
      0.8540123670140959,
      0.8560964704853639,
      0.8564459264121207,
      0.8556251690466024,
      0.8546969830329892,
      0.8550787996878784,
      0.8546793897730423,
      0.8546673960927187,
      0.8552716064273191
    ],
    "lr": [
      0.0009997532801828658,
      0.0009990133642141358,
      0.00099778098230154,
      0.000996057350657239,
      0.0009938441702975688,
      0.0009911436253643444,
      0.0009879583809693736,
      0.0009842915805643154,
      0.0009801468428384714,
      0.0009755282581475767,
      0.0009704403844771127,
      0.0009648882429441257,
      0.0009588773128419905,
      0.0009524135262330098,
      0.0009455032620941839,
      0.0009381533400219318,
      0.0009303710135019719,
      0.0009221639627510076,
      0.000913540287137281,
      0.0009045084971874739,
      0.0008950775061878452,
      0.0008852566213878947,
      0.0008750555348152298,
      0.0008644843137107057,
      0.0008535533905932737,
      0.0008422735529643444,
      0.0008306559326618259,
      0.0008187119948743449,
      0.0008064535268264883,
      0.0007938926261462367,
      0.0007810416889260654,
      0.0007679133974894983,
      0.0007545207078751857,
      0.0007408768370508577,
      0.0007269952498697734,
      0.0007128896457825364,
      0.0006985739453173903,
      0.0006840622763423391,
      0.0006693689601226458,
      0.0006545084971874737,
      0.0006394955530196147,
      0.0006243449435824273,
      0.0006090716206982714,
      0.0005936906572928625,
      0.0005782172325201156,
      0.0005626666167821523,
      0.0005470541566592572,
      0.0005313952597646569,
      0.0005157053795390643,
      0.0005000000000000002,
      0.00048429462046093607,
      0.0004686047402353435,
      0.000452945843340743,
      0.00043733338321784806,
      0.0004217827674798847,
      0.00040630934270713783,
      0.000390928379301729,
      0.0003756550564175727,
      0.00036050444698038553,
      0.00034549150281252655,
      0.0003306310398773544,
      0.00031593772365766127,
      0.0003014260546826097,
      0.0002871103542174637,
      0.0002730047501302267
    ]
  },
  "best_val_dice": 0.8566438052797193,
  "best_epoch": 45,
  "per_sample_metrics_file": "sam_vit_base_unetr_20260503_202721_per_sample.csv",
  "n_test_samples": 314,
  "per_slice_metrics_file": "sam_vit_base_unetr_20260503_202721_per_slice.csv",
  "n_test_slices": 3560
}
