{
  "config": {
    "dataset": "mnm2",
    "backbone": "sam",
    "model_name": "sam_vit_large",
    "decoder": "linear_probe",
    "embed_dim": 1024,
    "cache_layers": [
      2,
      5,
      8,
      11
    ],
    "probe_layers": [
      11
    ],
    "lr": 0.001,
    "weight_decay": 0.001,
    "batch_size": 16,
    "n_epochs": 100,
    "patience": 20,
    "seed": 0,
    "trainable_params": 6148
  },
  "per_class_dice": {
    "BG": 0.9782143463545854,
    "RV": 0.6503833604539031,
    "MYO": 0.5719010516998893,
    "LV": 0.8018403881507806
  },
  "macro_dice": 0.674708266768191,
  "training_history": {
    "train_loss": [
      1.0161307642626207,
      0.6439690476240114,
      0.6068688647691594,
      0.59384079533954,
      0.5811815066393031,
      0.5737490849439488,
      0.5769858637521433,
      0.5737578511238098,
      0.5683308216028435,
      0.5632014188655587,
      0.5596466886442761,
      0.5643724275189776,
      0.560702146347179,
      0.5578463485074597,
      0.564568783931954,
      0.5587291790995487,
      0.5589339012323424,
      0.5600331679333088,
      0.5598059575225032,
      0.5590298453042674,
      0.5630894035794014,
      0.5617077196753302,
      0.5562536051107008,
      0.5566130980502727,
      0.5576909226040507,
      0.5545925004537715,
      0.5576627634292425,
      0.5601033463034519,
      0.5606018593144971,
      0.5571950226329093,
      0.5523563189561977,
      0.5586601685645969,
      0.5575212535470031,
      0.5586107062738995,
      0.5550146734991739,
      0.556297264681306,
      0.5531767570695212,
      0.5589219571546067,
      0.5562581824701885,
      0.555794949171155,
      0.5576562478098759,
      0.556643031502879,
      0.5565969457460004,
      0.5587820046169814,
      0.5526042776052342,
      0.5541055815164433,
      0.5568179233129634,
      0.553888825067254,
      0.5534495101418606,
      0.5520668639693149,
      0.5535466795743897,
      0.5544418181097784,
      0.5522774611794672,
      0.5536499437897704,
      0.5496660184028537,
      0.5515346213828686,
      0.5518073106920997,
      0.5555831238280895,
      0.55267429767653,
      0.5522846288459246,
      0.548581797577614,
      0.550991346808367,
      0.5542159030603808,
      0.5487296270769696,
      0.5529559574847998,
      0.551581308730813,
      0.5513073161590931,
      0.5497005039869353,
      0.5494150322537089,
      0.5509672400563262,
      0.5500625220842139,
      0.5526260578355123,
      0.549626038240832,
      0.5498193047767461,
      0.5516358497530915,
      0.5513449211453283,
      0.5499540394128755,
      0.5496279131534487,
      0.5510118341723154,
      0.5524921356245529,
      0.5485655895499296,
      0.5489452773748442
    ],
    "val_macro_dice": [
      0.6155979748915805,
      0.642551919621698,
      0.6485405243157464,
      0.6543589933300461,
      0.6612195083352592,
      0.6634330870521347,
      0.6628087257598856,
      0.6688555134036424,
      0.6673805705696174,
      0.6723170224432163,
      0.6713194046063177,
      0.6706428680805949,
      0.6693017442052381,
      0.6710377205167087,
      0.6706151403634232,
      0.6722111799368609,
      0.6746690377685577,
      0.6751488066910335,
      0.6748305987290841,
      0.6754176321636045,
      0.6734864104062283,
      0.6757065465206477,
      0.676334350283957,
      0.6759079702165393,
      0.676577512733466,
      0.6756780037978332,
      0.677750896911251,
      0.6760460639084619,
      0.6760493019250867,
      0.6768867370555464,
      0.6709137120311494,
      0.6766369741204322,
      0.6755437570827372,
      0.6781575864804421,
      0.677877181193915,
      0.6758978357280242,
      0.678287746177831,
      0.6758344896731531,
      0.6765097186404055,
      0.6784292153214487,
      0.6754272231325992,
      0.6779414470305571,
      0.6770225868293903,
      0.6768376429553258,
      0.6775007981473632,
      0.677590611772346,
      0.6760260611714806,
      0.6787664835703874,
      0.6786034911828353,
      0.6767016125302616,
      0.6763947325808589,
      0.676191081043311,
      0.6782245981487199,
      0.6802103897386327,
      0.6781961946558042,
      0.6798665481607996,
      0.6787491935346992,
      0.6788567064439288,
      0.6782575216375023,
      0.6795459843088567,
      0.6795531001429063,
      0.6804256915157798,
      0.6796389627842627,
      0.6798661829884662,
      0.6800112555512103,
      0.6796039516525366,
      0.6794868910888475,
      0.6799296322382494,
      0.6778523378453429,
      0.6786336271372772,
      0.6798074014267043,
      0.6799966641065728,
      0.6796103764020051,
      0.6796354875486544,
      0.679394935284071,
      0.6789915827363963,
      0.6802917429379188,
      0.6794943509493662,
      0.6794177273953282,
      0.678650579876451,
      0.6801672763263046,
      0.679621463984626
    ],
    "lr": [
      0.0009997532801828658,
      0.0009990133642141358,
      0.00099778098230154,
      0.000996057350657239,
      0.0009938441702975688,
      0.0009911436253643444,
      0.0009879583809693736,
      0.0009842915805643154,
      0.0009801468428384714,
      0.0009755282581475767,
      0.0009704403844771127,
      0.0009648882429441257,
      0.0009588773128419905,
      0.0009524135262330098,
      0.0009455032620941839,
      0.0009381533400219318,
      0.0009303710135019719,
      0.0009221639627510076,
      0.000913540287137281,
      0.0009045084971874739,
      0.0008950775061878452,
      0.0008852566213878947,
      0.0008750555348152298,
      0.0008644843137107057,
      0.0008535533905932737,
      0.0008422735529643444,
      0.0008306559326618259,
      0.0008187119948743449,
      0.0008064535268264883,
      0.0007938926261462367,
      0.0007810416889260654,
      0.0007679133974894983,
      0.0007545207078751857,
      0.0007408768370508577,
      0.0007269952498697734,
      0.0007128896457825364,
      0.0006985739453173903,
      0.0006840622763423391,
      0.0006693689601226458,
      0.0006545084971874737,
      0.0006394955530196147,
      0.0006243449435824273,
      0.0006090716206982714,
      0.0005936906572928625,
      0.0005782172325201156,
      0.0005626666167821523,
      0.0005470541566592572,
      0.0005313952597646569,
      0.0005157053795390643,
      0.0005000000000000002,
      0.00048429462046093607,
      0.0004686047402353435,
      0.000452945843340743,
      0.00043733338321784806,
      0.0004217827674798847,
      0.00040630934270713783,
      0.000390928379301729,
      0.0003756550564175727,
      0.00036050444698038553,
      0.00034549150281252655,
      0.0003306310398773544,
      0.00031593772365766127,
      0.0003014260546826097,
      0.0002871103542174637,
      0.0002730047501302267,
      0.00025912316294914234,
      0.0002454792921248144,
      0.00023208660251050164,
      0.00021895831107393473,
      0.00020610737385376356,
      0.00019354647317351177,
      0.0001812880051256552,
      0.00016934406733817422,
      0.0001577264470356557,
      0.00014644660940672634,
      0.0001355156862892944,
      0.00012494446518477025,
      0.00011474337861210548,
      0.00010492249381215483,
      9.549150281252637e-05,
      8.645971286271918e-05,
      7.78360372489926e-05
    ]
  },
  "best_val_dice": 0.6804256915157798,
  "best_epoch": 62,
  "per_slice_metrics_file": "sam_vit_large_linear_probe_20260503_222821_per_slice.csv",
  "n_test_slices": 3562,
  "per_stack_metrics_file": "sam_vit_large_linear_probe_20260503_222821_per_stack.csv",
  "n_test_stacks": 314
}
