{
  "config": {
    "dataset": "mnm2",
    "backbone": "sam",
    "model_name": "sam_vit_large",
    "decoder": "unetr",
    "embed_dim": 1024,
    "cache_layers": [
      2,
      5,
      8,
      11
    ],
    "probe_layers": [
      2,
      5,
      8,
      11
    ],
    "lr": 0.001,
    "weight_decay": 0.001,
    "batch_size": 16,
    "n_epochs": 100,
    "patience": 20,
    "seed": 0,
    "trainable_params": 48220068
  },
  "per_class_dice": {
    "BG": 0.9891835298866453,
    "RV": 0.8328735370914758,
    "MYO": 0.757113569190062,
    "LV": 0.901134939851999
  },
  "macro_dice": 0.8303740153778456,
  "training_history": {
    "train_loss": [
      1.5893888354301453,
      0.899482586979866,
      0.7781904429197312,
      0.6789240598678589,
      0.5982787668704986,
      0.52979274392128,
      0.4836344510316849,
      0.43870427906513215,
      0.4231852158904076,
      0.4473292142152786,
      0.373128242790699,
      0.32516624927520754,
      0.3061268746852875,
      0.3052213922142982,
      0.2949823662638664,
      0.2854470878839493,
      0.25836085751652715,
      0.22279108315706253,
      0.20096902921795845,
      0.1923724167048931,
      0.18241234347224236,
      0.17303491979837418,
      0.17086036652326583,
      0.1586262248456478,
      0.15095926821231842,
      0.1432284377515316,
      0.14574228152632712,
      0.1496144376695156,
      0.1360753670334816,
      0.12743744887411596,
      0.11853395923972129,
      0.1153634525835514,
      0.11688068322837353,
      0.12001279592514039,
      0.11557259149849415,
      0.10983966812491416,
      0.10239226408302785,
      0.09946583062410355,
      0.09405181482434273,
      0.09121524654328823,
      0.09377765581011772,
      0.09327980652451515,
      0.09131202213466168,
      0.08867503553628922,
      0.08620742931962014,
      0.08229803554713726,
      0.07896194458007813,
      0.07730991207063198,
      0.0743116807192564,
      0.07544723488390445,
      0.07868435718119145,
      0.07966098710894584,
      0.07771358378231526,
      0.0753986369818449,
      0.07210653349757194,
      0.06864726766943932,
      0.0669142173603177
    ],
    "val_macro_dice": [
      0.5382691109383636,
      0.5746898714338925,
      0.5812197482385875,
      0.6770274577952348,
      0.7381147260477919,
      0.700623418765692,
      0.7700237363495939,
      0.7526432397450277,
      0.6541653054937552,
      0.8085861786172565,
      0.8025304194384991,
      0.803670539271432,
      0.8251252813210764,
      0.7999872631098256,
      0.7993304892103801,
      0.8185282095474578,
      0.8277798835940345,
      0.8377052841906029,
      0.8357358970816433,
      0.8351522158602541,
      0.8375451819650394,
      0.8381020883648705,
      0.8408189431659485,
      0.8336654573710159,
      0.8402101499307338,
      0.8378753903182313,
      0.8391966246931147,
      0.8397619712484244,
      0.8420330587472495,
      0.8442974035383285,
      0.8421866020208344,
      0.8414826431212025,
      0.8421563478619403,
      0.8400185877781792,
      0.8382343902922118,
      0.8409214034842748,
      0.8460043330744657,
      0.8397692381607221,
      0.8451880853363786,
      0.8413656343319816,
      0.8438139825359583,
      0.8443576053891165,
      0.8398680093289226,
      0.8410312945971846,
      0.8435088914369228,
      0.8410257035867429,
      0.8427585068719142,
      0.8427513600217608,
      0.8430865674285598,
      0.8411046391487148,
      0.8438304150562267,
      0.8416430072903859,
      0.8413480903581038,
      0.8437818037032366,
      0.8434900904143103,
      0.8431576615174649,
      0.8425034032496207
    ],
    "lr": [
      0.0009997532801828658,
      0.0009990133642141358,
      0.00099778098230154,
      0.000996057350657239,
      0.0009938441702975688,
      0.0009911436253643444,
      0.0009879583809693736,
      0.0009842915805643154,
      0.0009801468428384714,
      0.0009755282581475767,
      0.0009704403844771127,
      0.0009648882429441257,
      0.0009588773128419905,
      0.0009524135262330098,
      0.0009455032620941839,
      0.0009381533400219318,
      0.0009303710135019719,
      0.0009221639627510076,
      0.000913540287137281,
      0.0009045084971874739,
      0.0008950775061878452,
      0.0008852566213878947,
      0.0008750555348152298,
      0.0008644843137107057,
      0.0008535533905932737,
      0.0008422735529643444,
      0.0008306559326618259,
      0.0008187119948743449,
      0.0008064535268264883,
      0.0007938926261462367,
      0.0007810416889260654,
      0.0007679133974894983,
      0.0007545207078751857,
      0.0007408768370508577,
      0.0007269952498697734,
      0.0007128896457825364,
      0.0006985739453173903,
      0.0006840622763423391,
      0.0006693689601226458,
      0.0006545084971874737,
      0.0006394955530196147,
      0.0006243449435824273,
      0.0006090716206982714,
      0.0005936906572928625,
      0.0005782172325201156,
      0.0005626666167821523,
      0.0005470541566592572,
      0.0005313952597646569,
      0.0005157053795390643,
      0.0005000000000000002,
      0.00048429462046093607,
      0.0004686047402353435,
      0.000452945843340743,
      0.00043733338321784806,
      0.0004217827674798847,
      0.00040630934270713783,
      0.000390928379301729
    ]
  },
  "best_val_dice": 0.8460043330744657,
  "best_epoch": 37,
  "per_sample_metrics_file": "sam_vit_large_unetr_20260504_044523_per_sample.csv",
  "n_test_samples": 314,
  "per_slice_metrics_file": "sam_vit_large_unetr_20260504_044523_per_slice.csv",
  "n_test_slices": 3560
}
