{
  "config": {
    "dataset": "mnm2",
    "backbone": "sam",
    "model_name": "sam_vit_large",
    "decoder": "conv_decoder",
    "embed_dim": 1024,
    "cache_layers": [
      2,
      5,
      8,
      11
    ],
    "probe_layers": [
      2,
      5,
      8,
      11
    ],
    "lr": 0.001,
    "weight_decay": 0.001,
    "batch_size": 16,
    "n_epochs": 100,
    "patience": 20,
    "seed": 0,
    "trainable_params": 4867076
  },
  "per_class_dice": {
    "BG": 0.9866740641297397,
    "RV": 0.7919332176482368,
    "MYO": 0.745985903222802,
    "LV": 0.888139669856492
  },
  "macro_dice": 0.8086862635758436,
  "training_history": {
    "train_loss": [
      0.9333381236985673,
      0.6691140273282694,
      0.5992217274599297,
      0.5430420797924663,
      0.5139585580936697,
      0.48618874646896537,
      0.4638823954171913,
      0.44967878987622817,
      0.43333757048429444,
      0.41594335700190344,
      0.40565144918685736,
      0.3929417786210082,
      0.3785153976706571,
      0.3713945259881574,
      0.3658372328724972,
      0.3507789919542712,
      0.35785245534985566,
      0.33631873976352605,
      0.3338631670142329,
      0.3255812777336254,
      0.3222980630259181,
      0.3110780090093613,
      0.3062424764383671,
      0.31133903646191885,
      0.2931792636943418,
      0.28502568803554357,
      0.2802959740854973,
      0.2785034815932429,
      0.2760596854049106,
      0.27034351208875346,
      0.2612070735110793,
      0.2610639771749807,
      0.2578762475141259,
      0.2530476906271868,
      0.24894700396892636,
      0.24897051509036575,
      0.23235763068809065,
      0.24040450959704643,
      0.2327681575403657,
      0.22680928471476533,
      0.22638343336970307,
      0.21814590727174005,
      0.22399892453537432,
      0.2124082161936649,
      0.2082475399555162,
      0.20770720936531245,
      0.20645030099292133,
      0.200607137000838,
      0.19528136932572654,
      0.19506175019020258,
      0.1905493276063786,
      0.1888835855001627,
      0.18526298355224521,
      0.18504680790180383,
      0.18180856025496195,
      0.17790548108344853,
      0.17580543098061585,
      0.17386700601078744,
      0.17080135629620663,
      0.1682456203671389,
      0.1659261824086655,
      0.16563525109790092,
      0.1633171809967174,
      0.16100848774577295,
      0.15958082312068275,
      0.15685152979784234,
      0.15578041340029516,
      0.15220799615909886,
      0.15098765260258387,
      0.14996931694967802,
      0.14907060262075691,
      0.14685300422269246,
      0.1473837094944577,
      0.1441226656353751,
      0.14261967959099037,
      0.14181632655997609,
      0.14095153368489688,
      0.13959768903116848,
      0.1382568045410999,
      0.13742124414028123,
      0.13655045846867006,
      0.13591388893681902,
      0.13474620639584786,
      0.13443254197752752,
      0.134665647149086,
      0.13307773994151936,
      0.1320755714247393,
      0.1319021133489387,
      0.130975975789303,
      0.13117869323076203,
      0.130292437277561,
      0.12975123826154442,
      0.13014013205849848
    ],
    "val_macro_dice": [
      0.5430801915681913,
      0.6018143194109759,
      0.7284777879963124,
      0.6950760789198945,
      0.7233986206493054,
      0.7180108606217716,
      0.7333731451809994,
      0.7355916228602445,
      0.7743632888610813,
      0.7399993368374287,
      0.7802207025578382,
      0.7027280884973077,
      0.7363791629973898,
      0.7664017335894627,
      0.7503153428023435,
      0.7875875382973015,
      0.6955874609763898,
      0.7799306483814473,
      0.7787466433185882,
      0.7717576002016185,
      0.7614922999681967,
      0.7895830298143295,
      0.7814454278977488,
      0.7571082524875344,
      0.7884069280057232,
      0.7917092183735394,
      0.7890890556436728,
      0.7683654297688421,
      0.7786230899593077,
      0.8082797157936522,
      0.8002723962854653,
      0.7721149219910045,
      0.8007916496942138,
      0.8040542371174002,
      0.7692772107094834,
      0.7909219127724992,
      0.7706531724787152,
      0.7768649021800886,
      0.8075574485733266,
      0.7998905600037468,
      0.7978635701600251,
      0.7940491574441307,
      0.7944200548441808,
      0.7761292353226469,
      0.8063623301940311,
      0.8063947569851196,
      0.8043320659310066,
      0.8056024765117776,
      0.8001471402262735,
      0.8084902672580149,
      0.807976821876563,
      0.7960101265392135,
      0.7969698162866962,
      0.8075414393298054,
      0.8068984578723747,
      0.8105620103767451,
      0.7985416175029902,
      0.7729581541650586,
      0.8078917742142423,
      0.8037116392166781,
      0.8001713942041931,
      0.8034097477134606,
      0.8026178726565579,
      0.8082473058749237,
      0.804077357519921,
      0.8098632870659589,
      0.8050259905613552,
      0.8132554686202047,
      0.8094267905787672,
      0.8054578832467665,
      0.8080522178357769,
      0.8089050101843291,
      0.8150112005011295,
      0.8107986635258603,
      0.8110502338010991,
      0.8063371478601896,
      0.8098877879536192,
      0.8066189787352259,
      0.8118052887174416,
      0.8087041439842362,
      0.8118936451482407,
      0.8118763062856597,
      0.811686157827745,
      0.8112714933220967,
      0.8122338079809195,
      0.811307797258372,
      0.8122605846469527,
      0.8126663563172455,
      0.8132159664225148,
      0.8126128005119281,
      0.8115904253543519,
      0.8126844633325571,
      0.8122309169017462
    ],