{
  "config": {
    "dataset": "mnm2",
    "backbone": "sam",
    "model_name": "sam_vit_base",
    "decoder": "conv_decoder",
    "embed_dim": 768,
    "cache_layers": [
      2,
      5,
      8,
      11
    ],
    "probe_layers": [
      2,
      5,
      8,
      11
    ],
    "lr": 0.001,
    "weight_decay": 0.001,
    "batch_size": 16,
    "n_epochs": 100,
    "patience": 20,
    "seed": 0,
    "trainable_params": 3687428
  },
  "per_class_dice": {
    "BG": 0.9891740443824946,
    "RV": 0.836136481629668,
    "MYO": 0.7588783344423564,
    "LV": 0.9038190622985676
  },
  "macro_dice": 0.8329446261235307,
  "training_history": {
    "train_loss": [
      0.8358211739118709,
      0.5607508409854978,
      0.4992882131144058,
      0.45427530809890393,
      0.4260477120100066,
      0.4046575788841691,
      0.38863417825033497,
      0.3740837087464887,
      0.35983337967894796,
      0.34712128653082736,
      0.33743817459705266,
      0.3303963439409123,
      0.31694291885509046,
      0.3055863217558972,
      0.30223060014636016,
      0.29623630386452343,
      0.2941495355478553,
      0.28479344740856527,
      0.2775782736927964,
      0.2747260672408481,
      0.26623261716476704,
      0.2600832648748575,
      0.2539524513621663,
      0.2541582439527955,
      0.24518341990404352,
      0.24044563652471054,
      0.23601645404516264,
      0.2396529980177103,
      0.23397809870021288,
      0.22589365042919338,
      0.2207462484753409,
      0.21699973095295041,
      0.2173772580401842,
      0.21178743964017824,
      0.21215995986794317,
      0.2079836965300316,
      0.20033842796503112,
      0.20406622706457625,
      0.19493851959705352,
      0.18933057140472323,
      0.19019062990366026,
      0.185882057006969,
      0.18550969209781912,
      0.17987671584583992,
      0.1765579627696858,
      0.173862040597339,
      0.17124682041101677,
      0.16994119473668032,
      0.1706300343191901,
      0.1645187732785247,
      0.16210221918516382,
      0.16169588350972464,
      0.1600750908255577,
      0.1571312665246254,
      0.15395583936641383,
      0.15368164524782535,
      0.1507367216223894,
      0.1481089861240498,
      0.14704330695229909,
      0.14552483312612355,
      0.14327116785354393,
      0.1412939430322758,
      0.14054828591124957,
      0.13883621387703474,
      0.13724674381488977,
      0.13510839693075002,
      0.13395845851925917,
      0.13123418862043426,
      0.13052803925996603,
      0.13019016565278518,
      0.12891225048968957,
      0.1276340610759203,
      0.12677646067946458,
      0.12500197114639505,
      0.1235441229717676,
      0.1237493495608485,
      0.1224500480432843,
      0.12200664063525754,
      0.12065931648709054,
      0.11986556666535,
      0.1195055962301964,
      0.11877238396988359,
      0.11797704637743706,
      0.11734990550335063,
      0.11762150810208431,
      0.1162780667460242,
      0.1153308023893556,
      0.11551697396261748,
      0.11485673296590183,
      0.11507072195757267,
      0.11424080244330473,
      0.11367286866487458,
      0.11371675604997679,
      0.11325465392234714,
      0.11312128534150678,
      0.11334048779897912,
      0.11286304669324741,
      0.11316018298614856,
      0.1130121901977894,
      0.11277470148580018
    ],
    "val_macro_dice": [
      0.6568558653856232,
      0.7247745621515467,
      0.7721176103862165,
      0.7677825678655558,
      0.7801333457091285,
      0.7988533516376348,
      0.803737857204073,
      0.7816561619608473,
      0.8161464064556071,
      0.7895843918251403,
      0.8162697414925328,
      0.7345072660247305,
      0.748201019035711,
      0.8104289325411683,
      0.7885259051798985,
      0.8180841254254375,
      0.7479442685422654,
      0.8078148437942133,
      0.8182917717096755,
      0.7982999891783794,
      0.7900029403364449,
      0.8196940400436302,
      0.8063526209109577,
      0.7746010270570186,
      0.8321283671813052,
      0.8219768762508876,
      0.8117421798759931,
      0.8224284334186813,
      0.8135433837693529,
      0.8324399249521443,
      0.8279553616250692,
      0.8046111543081281,
      0.802274163474228,
      0.8243890237396023,
      0.8262635377184085,
      0.8281144963145891,
      0.8270849675685996,
      0.8251577286432975,
      0.8318649234247323,
      0.8243537337541961,
      0.8209422643073062,
      0.8249928017332522,
      0.8322930567792547,
      0.8215952999022699,
      0.8242276411946764,
      0.8303549428929428,
      0.828719875220553,
      0.8330526189454713,
      0.8297300690531647,
      0.8307561143833397,
      0.8343082241857368,
      0.8273212144986184,
      0.8194310060003113,
      0.8335882057719983,
      0.8334897565263466,
      0.8317570324866078,
      0.8284488425184758,
      0.8284353409816899,
      0.8307473068485592,
      0.8306833852489645,
      0.8351311831085996,
      0.8309023881110432,
      0.8299152443171374,
      0.8334438079669221,
      0.830305305623232,
      0.8325732100257944,
      0.8312801703723354,
      0.8351661137661178,
      0.831912759893441,
      0.8333338392221781,
      0.8346104185774571,
      0.8325077810342479,
      0.8364003909117813,
      0.8348375786470403,
      0.834100409211571,
      0.8345856723140718,
      0.8357797634669075,
      0.8344854048115149,
      0.8349282917679727,
      0.8349098406238338,
      0.833804526465712,
      0.8345321385801173,
      0.8369330876267304,
      0.8347077969084203,
      0.8351197402307694,
      0.8352549202655407,
      0.8342328056628849,
      0.8361895986549194,
      0.8359302043957912,
      0.8361503263801738,
      0.8358248357536534,
      0.8358275647380586,
      0.8359896020522247,
      0.8360772053923237,
      0.8362999358872109,
      0.8363254153088889,
      0.8359075946897372,
      0.8358767106361368,
      0.8358173738981933,
      0.835876774665785
    ],