{
  "config": {
    "dataset": "acdc",
    "backbone": "cinema",
    "model_name": "cinema_pretrained",
    "decoder": "unetr",
    "embed_dim": 768,
    "cache_layers": [
      3,
      6,
      9,
      11
    ],
    "probe_layers": [
      3,
      6,
      9,
      11
    ],
    "lr": 0.001,
    "weight_decay": 0.0001,
    "batch_size": 16,
    "n_epochs": 1,
    "patience": 20,
    "seed": 0,
    "trainable_params": 39083302
  },
  "per_class_dice": {
    "BG": 0.9597461720872777,
    "RV": 0.7061786390181478,
    "MYO": 0.5142085690564823,
    "LV": 0.8359555044063403
  },
  "macro_dice": 0.68544757082699,
  "training_history": {
    "train_loss": [
      1.3432200762960647
    ],
    "val_macro_dice": [
      0.7060996617733265
    ],
    "lr": [
      0.0
    ]
  },
  "best_val_dice": 0.7060996617733265,
  "best_epoch": 1
}