{
  "config": {
    "dataset": "acdc",
    "backbone": "dinov3",
    "model_name": "dinov3_vits16",
    "decoder": "conv_decoder",
    "embed_dim": 384,
    "cache_layers": [
      3,
      6,
      9,
      11
    ],
    "probe_layers": [
      3,
      6,
      9,
      11
    ],
    "lr": 0.001,
    "weight_decay": 0.0001,
    "batch_size": 16,
    "n_epochs": 1,
    "patience": 20,
    "seed": 0,
    "trainable_params": 1917956
  },
  "per_class_dice": {
    "BG": 0.9780335889978463,
    "RV": 0.7602314597682556,
    "MYO": 0.7137744611362413,
    "LV": 0.8891014850898289
  },
  "macro_dice": 0.7877024686647752,
  "training_history": {
    "train_loss": [
      0.7411763221025467
    ],
    "val_macro_dice": [
      0.798620866734431
    ],
    "lr": [
      0.0
    ]
  },
  "best_val_dice": 0.798620866734431,
  "best_epoch": 1
}