{
  "config": {
    "dataset": "acdc",
    "backbone": "dinov3",
    "model_name": "dinov3_vits16",
    "decoder": "unetr",
    "embed_dim": 384,
    "cache_layers": [
      3,
      6,
      9,
      11
    ],
    "probe_layers": [
      3,
      6,
      9,
      11
    ],
    "lr": 0.001,
    "weight_decay": 0.0001,
    "batch_size": 16,
    "n_epochs": 1,
    "patience": 20,
    "seed": 0,
    "trainable_params": 31016868
  },
  "per_class_dice": {
    "BG": 0.969060490500885,
    "RV": 0.6986881297106871,
    "MYO": 0.6250904003493537,
    "LV": 0.8631274745872963
  },
  "macro_dice": 0.7289686682157791,
  "training_history": {
    "train_loss": [
      1.2995302610927157
    ],
    "val_macro_dice": [
      0.7395618109533376
    ],
    "lr": [
      0.0
    ]
  },
  "best_val_dice": 0.7395618109533376,
  "best_epoch": 1
}