{
  "config": {
    "dataset": "acdc",
    "backbone": "cinema",
    "model_name": "cinema_pretrained",
    "decoder": "unetr",
    "embed_dim": 768,
    "cache_layers": [
      3,
      6,
      9,
      11
    ],
    "probe_layers": [
      3,
      6,
      9,
      11
    ],
    "lr": 0.001,
    "weight_decay": 0.0001,
    "batch_size": 4,
    "n_epochs": 1,
    "patience": 20,
    "seed": 0,
    "trainable_params": 39083302
  },
  "per_class_dice": {
    "BG": 0.8868987818605493,
    "RV": 0.49970944498294484,
    "MYO": 0.3387128245288654,
    "LV": 0.8474072903059934
  },
  "macro_dice": 0.5619431866059346,
  "training_history": {
    "train_loss": [
      1.4075175510512459
    ],
    "val_macro_dice": [
      0.5927362264020372
    ],
    "lr": [
      0.0
    ]
  },
  "best_val_dice": 0.5927362264020372,
  "best_epoch": 1,
  "per_sample_metrics_file": "cinema_pretrained_unetr_20260416_114418_per_sample.csv",
  "n_test_samples": 100,
  "per_slice_metrics_file": "cinema_pretrained_unetr_20260416_114418_per_slice.csv",
  "n_test_slices": 916
}