{
  "config": {
    "dataset": "acdc",
    "backbone": "cinema",
    "model_name": "cinema_pretrained",
    "decoder": "unetr",
    "embed_dim": 768,
    "cache_layers": [
      3,
      6,
      9,
      11
    ],
    "probe_layers": [
      3,
      6,
      9,
      11
    ],
    "lr": 0.001,
    "weight_decay": 0.001,
    "batch_size": 4,
    "n_epochs": 1,
    "patience": 20,
    "seed": 0,
    "trainable_params": 39083302
  },
  "per_class_dice": {
    "BG": 0.9885338341421341,
    "RV": 0.9408344500215731,
    "MYO": 0.8126798860881503,
    "LV": 0.946296752370297
  },
  "macro_dice": 0.8999370294933401,
  "training_history": {
    "train_loss": [
      0.9675443957249323
    ],
    "val_macro_dice": [
      0.9111137728167168
    ],
    "lr": [
      0.0
    ]
  },
  "best_val_dice": 0.9111137728167168,
  "best_epoch": 1
}