{
  "config": {
    "dataset": "acdc",
    "backbone": "cinema",
    "model_name": "cinema_pretrained",
    "decoder": "conv_decoder",
    "embed_dim": 768,
    "cache_layers": [
      3,
      6,
      9,
      11
    ],
    "probe_layers": [
      0
    ],
    "lr": 0.001,
    "weight_decay": 0.001,
    "batch_size": 16,
    "n_epochs": 100,
    "patience": 20,
    "seed": 0,
    "trainable_params": 1033220
  },
  "per_class_dice": {
    "BG": 0.9835029876241319,
    "RV": 0.7890915207619901,
    "MYO": 0.691788895180291,
    "LV": 0.8587222521067331
  },
  "macro_dice": 0.7798675560163381,
  "training_history": {
    "train_loss": [
      0.9870890459666649,
      0.6771890496214231,
      0.6050895679121217,
      0.5617537892734011,
      0.5344666019082069,
      0.5129307660584649,
      0.4827538604537646,
      0.459033793459336,
      0.45109236768136424,
      0.4404051024466753,
      0.42207521727929515,
      0.40930455426375073,
      0.39970677873740595,
      0.3879677640895049,
      0.3859288142994046,
      0.38182009539256495,
      0.36942217592149973,
      0.35332212566087645,
      0.3489770296340187,
      0.33950132597237825,
      0.34165736629317206,
      0.33353775770713884,
      0.32667723918954533,
      0.3215201256486277,
      0.3139742366038263,
      0.31509755551815033,
      0.3051607832312584,
      0.29844146097699803,
      0.2963101399752001,
      0.28962704073637724,
      0.29103071925540763,
      0.28467919693018,
      0.27984520063425106,
      0.2811499019153416,
      0.2728045885451138,
      0.27015989397962886,
      0.2733793635852635,
      0.26736529047290486,
      0.26571430964395404,
      0.25403151474893093,
      0.2588836980673174,
      0.2482821731828153,
      0.2523737166387339,
      0.24592372309416533,
      0.24225808245440325,
      0.24353649249921241,
      0.23482292828460535,
      0.23244693440695605,
      0.22662283775086203,
      0.2266051390518745,
      0.23366749131431183,
      0.22419938708965978,
      0.22065771774699292,
      0.2170347791785995,
      0.220550618134439,
      0.20879679343973598,
      0.21057222659389177,
      0.20744533961017927,
      0.2062254042054216,
      0.20364913002898297,
      0.20321717951446772,
      0.20361167611554265,
      0.19781793390090266,
      0.1957098594866693,
      0.19382863864302635,
      0.19190711279710135,
      0.1897558169439435,
      0.18982769564415017,
      0.18755643287052712
    ],
    "val_macro_dice": [
      0.6765113565089358,
      0.7186301132995835,
      0.7143787837353374,
      0.7379631393983782,
      0.725831038414881,
      0.741692895373835,
      0.7491548179794508,
      0.7535183051054452,
      0.7451284463285023,
      0.7577323730876628,
      0.7583686538112535,
      0.763492757411564,
      0.766821117614192,
      0.7590287162962803,
      0.7486374803686436,
      0.7599635759253517,
      0.7666381417249252,
      0.7664034040416823,
      0.7683858614577588,
      0.7679243469999703,
      0.7614247979081917,
      0.7711603150559805,
      0.771077160591992,
      0.7724223962938744,
      0.7659177217019194,
      0.7638095149260525,
      0.7725612466667408,
      0.7787868868231459,
      0.7683349032653378,
      0.7819943025564151,
      0.7713375191890997,
      0.785268023327435,
      0.7787726795331976,
      0.7786655510856422,
      0.7728801826482181,
      0.7750972160677585,
      0.7769103792535882,
      0.7781427085191431,
      0.7755958247346939,
      0.7837240707492729,
      0.7718196540370194,
      0.7781752260903095,
      0.7712392356255539,
      0.7800830102242604,
      0.7770332572289806,
      0.784813667843799,
      0.7820439666923941,
      0.7810771144263913,
      0.786213644680489,
      0.7785250753679356,
      0.7831727224451083,
      0.7779365880435666,
      0.7783145515248995,
      0.7806345706193557,
      0.7820421740527427,
      0.7796593544321722,
      0.7836118101241825,
      0.7849433513650768,
      0.7829702279407608,
      0.782429366524145,
      0.7829372371338391,
      0.7805139021811014,
      0.7794613396036084,
      0.7808239847581645,
      0.7837602751077813,
      0.783998891739273,
      0.7814712349210632,
      0.7826275169638679,
      0.7849904859152671
    ],
    "lr": [
      0.0009997532801828658,
      0.0009990133642141358,
      0.00099778098230154,
      0.000996057350657239,
      0.0009938441702975688,
      0.0009911436253643444,
      0.0009879583809693736,
      0.0009842915805643154,
      0.0009801468428384714,
      0.0009755282581475767,
      0.0009704403844771127,
      0.0009648882429441257,
      0.0009588773128419905,
      0.0009524135262330098,
      0.0009455032620941839,
      0.0009381533400219318,
      0.0009303710135019719,
      0.0009221639627510076,
      0.000913540287137281,
      0.0009045084971874739,
      0.0008950775061878452,
      0.0008852566213878947,
      0.0008750555348152298,
      0.0008644843137107057,
      0.0008535533905932737,
      0.0008422735529643444,
      0.0008306559326618259,
      0.0008187119948743449,
      0.0008064535268264883,
      0.0007938926261462367,
      0.0007810416889260654,
      0.0007679133974894983,
      0.0007545207078751857,
      0.0007408768370508577,
      0.0007269952498697734,
      0.0007128896457825364,
      0.0006985739453173903,
      0.0006840622763423391,
      0.0006693689601226458,
      0.0006545084971874737,
      0.0006394955530196147,
      0.0006243449435824273,
      0.0006090716206982714,
      0.0005936906572928625,
      0.0005782172325201156,
      0.0005626666167821523,
      0.0005470541566592572,
      0.0005313952597646569,
      0.0005157053795390643,
      0.0005000000000000002,
      0.00048429462046093607,
      0.0004686047402353435,
      0.000452945843340743,
      0.00043733338321784806,
      0.0004217827674798847,
      0.00040630934270713783,
      0.000390928379301729,
      0.0003756550564175727,
      0.00036050444698038553,
      0.00034549150281252655,
      0.0003306310398773544,
      0.00031593772365766127,
      0.0003014260546826097,
      0.0002871103542174637,
      0.0002730047501302267,
      0.00025912316294914234,
      0.0002454792921248144,
      0.00023208660251050164,
      0.00021895831107393473
    ]
  },
  "best_val_dice": 0.786213644680489,
  "best_epoch": 49,
  "per_slice_metrics_file": "cinema_pretrained_conv_decoder_20260430_124738_per_slice.csv",
  "n_test_slices": 916,
  "per_stack_metrics_file": "cinema_pretrained_conv_decoder_20260430_124738_per_stack.csv",
  "n_test_stacks": 100
}
