{
  "config": {
    "dataset": "acdc",
    "backbone": "cinema",
    "model_name": "cinema_pretrained",
    "decoder": "linear_probe",
    "embed_dim": 768,
    "cache_layers": [
      3,
      6,
      9,
      11
    ],
    "probe_layers": [
      0
    ],
    "lr": 0.001,
    "weight_decay": 0.001,
    "batch_size": 4,
    "n_epochs": 1,
    "patience": 20,
    "seed": 0,
    "trainable_params": 4612
  },
  "per_class_dice": {
    "BG": 0.9883751292835354,
    "RV": 0.8412286697751594,
    "MYO": 0.7636155375381293,
    "LV": 0.8748170682924492
  },
  "macro_dice": 0.8265537585352459,
  "training_history": {
    "train_loss": [
      0.8000234543190649
    ],
    "val_macro_dice": [
      0.8414940793685114
    ],
    "lr": [
      0.0
    ]
  },
  "best_val_dice": 0.8414940793685114,
  "best_epoch": 1
}