{
  "config": {
    "dataset": "acdc",
    "backbone": "cinema",
    "model_name": "cinema_pretrained",
    "decoder": "unetr",
    "embed_dim": 768,
    "cache_layers": [
      3,
      6,
      9,
      11
    ],
    "probe_layers": [
      3,
      6,
      9,
      11
    ],
    "lr": 0.001,
    "weight_decay": 0.001,
    "batch_size": 16,
    "n_epochs": 100,
    "patience": 20,
    "seed": 0,
    "trainable_params": 39083302
  },
  "per_class_dice": {
    "BG": 0.9923117382753591,
    "RV": 0.8978497245486323,
    "MYO": 0.8593049814410509,
    "LV": 0.9444870393512558
  },
  "macro_dice": 0.9005472484469798,
  "training_history": {
    "train_loss": [
      2.2298058569431305,
      1.1803903381029766,
      0.6191682865222295,
      0.5211967527866364,
      0.465924970805645,
      0.4118535543481509,
      0.37267716974020004,
      0.34951793154080707,
      0.33035311351219815,
      0.31283770004908246,
      0.305393007894357,
      0.2686670844753583,
      0.26216459398468334,
      0.2530161030590534,
      0.25055208429694176,
      0.2533945341904958,
      0.2394393322368463,
      0.26871246347824734,
      0.23846671854456267,
      0.23182512198885283,
      0.21305882185697556,
      0.21676182622710863,
      0.20913743476072946,
      0.20826089630524316,
      0.20196881021062532,
      0.18620699271559715,
      0.19031698008378348,
      0.1833613303800424,
      0.17833339795470238,
      0.17320668573180834,
      0.16603458300232887,
      0.15822310745716095,
      0.1568555124104023,
      0.171930601199468,
      0.16760749369859695,
      0.16380569587151209,
      0.15066754072904587,
      0.14706759030620256,
      0.14679318542281786,
      0.142725620418787,
      0.14511950438221297,
      0.14446086312333742,
      0.1405644491314888,
      0.13662459701299667,
      0.12986100961764654,
      0.12992432403067747,
      0.12296280140678088,
      0.12403225402037303,
      0.12082300707697868,
      0.11687425958613555,
      0.1194776464253664,
      0.11482784089942773,
      0.11169950167338054,
      0.11212069354951382,
      0.1083057460685571,
      0.10757142181197803,
      0.10301805225511391,
      0.10064818772176902,
      0.09915173736711343,
      0.09775712589422862,
      0.09634872774283092,
      0.09704785483578841,
      0.09521734962860744,
      0.09059902839362621,
      0.08927767475446065,
      0.08961526428659757,
      0.08865324966609478
    ],
    "val_macro_dice": [
      0.5071297400247298,
      0.7261459561010396,
      0.7634755079386971,
      0.8030222756426105,
      0.8187405333789508,
      0.809671142574195,
      0.8294962534965039,
      0.8585725639703026,
      0.8398606623625181,
      0.8554051211867867,
      0.8582982796060867,
      0.8770715564540713,
      0.8455075416539758,
      0.8630048958594666,
      0.830973142671391,
      0.8840786923868968,
      0.8909175910352093,
      0.8810888869753422,
      0.8856270373241365,
      0.8746419734380922,
      0.8648872221359887,
      0.8794785951882774,
      0.8806086921280295,
      0.8973267913817352,
      0.898236873370228,
      0.8875721077302655,
      0.8883777961690725,
      0.8941131520556397,
      0.8987382382800485,
      0.8895997822823684,
      0.9024520155191328,
      0.8978904055158612,
      0.900926980001392,
      0.9002212416742276,
      0.8991664187424648,
      0.8941826345533653,
      0.8992981559344008,
      0.9022073927455537,
      0.8987219844286295,
      0.8862358488513284,
      0.9038418354339894,
      0.9013047788207876,
      0.8981674349696198,
      0.8963494520479584,
      0.8888347973006646,
      0.9020087880482642,
      0.9054978482711308,
      0.8991941871933342,
      0.9029040983649862,
      0.9035722111986778,
      0.9034891197206174,
      0.9002401113677038,
      0.8973564914579827,
      0.9029400660864159,
      0.9045295571903765,
      0.8999764833238677,
      0.9034449901715754,
      0.9032124843200379,
      0.9040596891084727,
      0.9029662973509588,
      0.904090035431696,
      0.9044833015783363,
      0.9035868738982719,
      0.9046394045636078,
      0.9045935595881639,
      0.9043094419097141,
      0.90430210661789
    ],
    "lr": [
      0.0009997532801828658,
      0.0009990133642141358,
      0.00099778098230154,
      0.000996057350657239,
      0.0009938441702975688,
      0.0009911436253643444,
      0.0009879583809693736,
      0.0009842915805643154,
      0.0009801468428384714,
      0.0009755282581475767,
      0.0009704403844771127,
      0.0009648882429441257,
      0.0009588773128419905,
      0.0009524135262330098,
      0.0009455032620941839,
      0.0009381533400219318,
      0.0009303710135019719,
      0.0009221639627510076,
      0.000913540287137281,
      0.0009045084971874739,
      0.0008950775061878452,
      0.0008852566213878947,
      0.0008750555348152298,
      0.0008644843137107057,
      0.0008535533905932737,
      0.0008422735529643444,
      0.0008306559326618259,
      0.0008187119948743449,
      0.0008064535268264883,
      0.0007938926261462367,
      0.0007810416889260654,
      0.0007679133974894983,
      0.0007545207078751857,
      0.0007408768370508577,
      0.0007269952498697734,
      0.0007128896457825364,
      0.0006985739453173903,
      0.0006840622763423391,
      0.0006693689601226458,
      0.0006545084971874737,
      0.0006394955530196147,
      0.0006243449435824273,
      0.0006090716206982714,
      0.0005936906572928625,
      0.0005782172325201156,
      0.0005626666167821523,
      0.0005470541566592572,
      0.0005313952597646569,
      0.0005157053795390643,
      0.0005000000000000002,
      0.00048429462046093607,
      0.0004686047402353435,
      0.000452945843340743,
      0.00043733338321784806,
      0.0004217827674798847,
      0.00040630934270713783,
      0.000390928379301729,
      0.0003756550564175727,
      0.00036050444698038553,
      0.00034549150281252655,
      0.0003306310398773544,
      0.00031593772365766127,
      0.0003014260546826097,
      0.0002871103542174637,
      0.0002730047501302267,
      0.00025912316294914234,
      0.0002454792921248144
    ]
  },
  "best_val_dice": 0.9054978482711308,
  "best_epoch": 47,
  "per_sample_metrics_file": "cinema_pretrained_unetr_20260418_164813_per_sample.csv",
  "n_test_samples": 100,
  "per_slice_metrics_file": "cinema_pretrained_unetr_20260418_164813_per_slice.csv",
  "n_test_slices": 916
}