{
  "config": {
    "dataset": "acdc",
    "backbone": "cinema",
    "model_name": "cinema_pretrained",
    "decoder": "linear_probe",
    "embed_dim": 768,
    "cache_layers": [
      3,
      6,
      9,
      11
    ],
    "probe_layers": [
      0
    ],
    "lr": 0.001,
    "weight_decay": 0.001,
    "batch_size": 4,
    "n_epochs": 1,
    "patience": 20,
    "seed": 0,
    "trainable_params": 4612
  },
  "per_class_dice": {
    "BG": 0.9881055868311726,
    "RV": 0.8392790629127831,
    "MYO": 0.7625619828168626,
    "LV": 0.8807161447226778
  },
  "macro_dice": 0.8275190634841079,
  "training_history": {
    "train_loss": [
      0.8090465360631546
    ],
    "val_macro_dice": [
      0.8421030700871079
    ],
    "lr": [
      0.0
    ]
  },
  "best_val_dice": 0.8421030700871079,
  "best_epoch": 1
}