{
  "config": {
    "dataset": "acdc",
    "backbone": "cinema",
    "model_name": "cinema_pretrained",
    "decoder": "conv_decoder",
    "embed_dim": 768,
    "cache_layers": [
      3,
      6,
      9,
      11
    ],
    "probe_layers": [
      0
    ],
    "lr": 0.001,
    "weight_decay": 0.0001,
    "batch_size": 16,
    "n_epochs": 1,
    "patience": 20,
    "seed": 0,
    "trainable_params": 1033220
  },
  "per_class_dice": {
    "BG": 0.9558132954982939,
    "RV": 0.6301048234538026,
    "MYO": 0.5566120632117748,
    "LV": 0.8082736742830169
  },
  "macro_dice": 0.6649968536495314,
  "training_history": {
    "train_loss": [
      0.9648557261874279
    ],
    "val_macro_dice": [
      0.6584787241584085
    ],
    "lr": [
      0.0
    ]
  },
  "best_val_dice": 0.6584787241584085,
  "best_epoch": 1
}