{
  "config": {
    "dataset": "acdc",
    "backbone": "cinema",
    "model_name": "cinema_pretrained",
    "decoder": "linear_probe",
    "embed_dim": 768,
    "cache_layers": [
      3,
      6,
      9,
      11
    ],
    "probe_layers": [
      0
    ],
    "lr": 0.001,
    "weight_decay": 0.001,
    "batch_size": 16,
    "n_epochs": 100,
    "patience": 20,
    "seed": 0,
    "trainable_params": 4612
  },
  "per_class_dice": {
    "BG": 0.9812577112539973,
    "RV": 0.7587924136909144,
    "MYO": 0.6340641834831042,
    "LV": 0.8228993718618176
  },
  "macro_dice": 0.7385853230119453,
  "training_history": {
    "train_loss": [
      1.3060537887116273,
      0.5783268756543597,
      0.5184330170353254,
      0.4941580255205433,
      0.4803463825955987,
      0.4698952768618862,
      0.4611121093233426,
      0.4550007867316405,
      0.4522367262591918,
      0.4460210530087352,
      0.4460819574693839,
      0.44297675384829444,
      0.44194439239799976,
      0.44016232651968795,
      0.4394325331474344,
      0.43627043534070253,
      0.4377394700422883,
      0.43261341998974484,
      0.43248713047554094,
      0.43389591326316196,
      0.43124625117828447,
      0.43278751118729514,
      0.42907299287617207,
      0.4290728447958827,
      0.43062981963157654,
      0.4315558283900221,
      0.4262520767127474,
      0.42853339699407417,
      0.4264960711201032,
      0.4263206956287225,
      0.42710393853485584,
      0.4264722755178809,
      0.4250347539782524,
      0.4291685192535321,
      0.4242503199105461,
      0.42770815050850314,
      0.4236168560261528,
      0.42881282170613605,
      0.4278350422779719,
      0.4228232993433873,
      0.4250807299589117,
      0.4255526941269636,
      0.42815979818503064,
      0.4249293878674507,
      0.42594327374051016,
      0.4253593757748604,
      0.42500968494762975,
      0.42585329463084537,
      0.4227186953648925,
      0.42353105265647173,
      0.41987593316783506,
      0.4209673184280594,
      0.4282376204306881,
      0.42809179207930964,
      0.42706819841017324,
      0.4178355736657977,
      0.4267438209305207,
      0.4228574850906928,
      0.42441831963757676,
      0.4194846749305725,
      0.42246071031938
    ],
    "val_macro_dice": [
      0.6873786188774851,
      0.7175039591593535,
      0.7304948205553848,
      0.7308825046978015,
      0.7388318010902402,
      0.7400950426879613,
      0.7432646844841209,
      0.7491346147998206,
      0.7497086149087945,
      0.7513646948113238,
      0.7459485823987818,
      0.7496963798870686,
      0.7507220142261515,
      0.7518726989969164,
      0.7526846532232231,
      0.7512863156068139,
      0.7504700363636326,
      0.7517040739517548,
      0.7560234535568777,
      0.7536750351612933,
      0.7538721751013858,
      0.7554711094334872,
      0.7507481849589769,
      0.7518236106273916,
      0.754903002136671,
      0.7515294674998471,
      0.7552946997142785,
      0.7584112700063995,
      0.759486735602087,
      0.7514097495293033,
      0.75469989079971,
      0.7548926388736513,
      0.7559206955824475,
      0.7586591166641004,
      0.7589574412713332,
      0.7569479002724994,
      0.7543989665889006,
      0.7562448455177684,
      0.756230447566355,
      0.7581505458722955,
      0.7595062952708735,
      0.7559972342109077,
      0.75712232769249,
      0.7562850281989385,
      0.7575091855664572,
      0.7559987588148487,
      0.7579705873845701,
      0.7578231875177716,
      0.7565812962205047,
      0.7568834826375781,
      0.7567177559897341,
      0.7581017212821978,
      0.7575323324691796,
      0.7548822936869155,
      0.7542851885967857,
      0.758166358976268,
      0.7565179352578223,
      0.7565559519736897,
      0.75784430525005,
      0.7576251679305868,
      0.7567856397822327
    ],
    "lr": [
      0.0009997532801828658,
      0.0009990133642141358,
      0.00099778098230154,
      0.000996057350657239,
      0.0009938441702975688,
      0.0009911436253643444,
      0.0009879583809693736,
      0.0009842915805643154,
      0.0009801468428384714,
      0.0009755282581475767,
      0.0009704403844771127,
      0.0009648882429441257,
      0.0009588773128419905,
      0.0009524135262330098,
      0.0009455032620941839,
      0.0009381533400219318,
      0.0009303710135019719,
      0.0009221639627510076,
      0.000913540287137281,
      0.0009045084971874739,
      0.0008950775061878452,
      0.0008852566213878947,
      0.0008750555348152298,
      0.0008644843137107057,
      0.0008535533905932737,
      0.0008422735529643444,
      0.0008306559326618259,
      0.0008187119948743449,
      0.0008064535268264883,
      0.0007938926261462367,
      0.0007810416889260654,
      0.0007679133974894983,
      0.0007545207078751857,
      0.0007408768370508577,
      0.0007269952498697734,
      0.0007128896457825364,
      0.0006985739453173903,
      0.0006840622763423391,
      0.0006693689601226458,
      0.0006545084971874737,
      0.0006394955530196147,
      0.0006243449435824273,
      0.0006090716206982714,
      0.0005936906572928625,
      0.0005782172325201156,
      0.0005626666167821523,
      0.0005470541566592572,
      0.0005313952597646569,
      0.0005157053795390643,
      0.0005000000000000002,
      0.00048429462046093607,
      0.0004686047402353435,
      0.000452945843340743,
      0.00043733338321784806,
      0.0004217827674798847,
      0.00040630934270713783,
      0.000390928379301729,
      0.0003756550564175727,
      0.00036050444698038553,
      0.00034549150281252655,
      0.0003306310398773544
    ]
  },
  "best_val_dice": 0.7595062952708735,
  "best_epoch": 41,
  "per_slice_metrics_file": "cinema_pretrained_linear_probe_20260418_164808_per_slice.csv",
  "n_test_slices": 916,
  "per_stack_metrics_file": "cinema_pretrained_linear_probe_20260418_164808_per_stack.csv",
  "n_test_stacks": 100
}