{
  "config": {
    "dataset": "acdc",
    "backbone": "cinema",
    "model_name": "cinema_pretrained",
    "decoder": "linear_probe",
    "embed_dim": 768,
    "cache_layers": [
      3,
      6,
      9,
      11
    ],
    "probe_layers": [
      0
    ],
    "lr": 0.001,
    "weight_decay": 0.001,
    "batch_size": 16,
    "n_epochs": 100,
    "patience": 20,
    "seed": 0,
    "trainable_params": 4612
  },
  "per_class_dice": {
    "BG": 0.9813377472352225,
    "RV": 0.7574353340432515,
    "MYO": 0.6366607531746235,
    "LV": 0.8213945283520404
  },
  "macro_dice": 0.7384968718566385,
  "training_history": {
    "train_loss": [
      1.307286857937773,
      0.5833327186604341,
      0.5202603650589784,
      0.49553854546199244,
      0.4795534455527862,
      0.47274636415143806,
      0.46384020801633596,
      0.45875865997125703,
      0.453874630232652,
      0.4487311951816082,
      0.4456603502233823,
      0.44355711930741865,
      0.442315642721951,
      0.4417895258714755,
      0.4382846811786294,
      0.43970122871299583,
      0.43699417387445766,
      0.43044782150536776,
      0.43414350009212893,
      0.4363137912005186,
      0.43263237675031024,
      0.4335568792497118,
      0.4323915283506115,
      0.43457033143689233,
      0.43069770218183595,
      0.4305851034199198,
      0.4276236646498243,
      0.42724271801610786,
      0.42867996885130805,
      0.4254639831682046,
      0.42645020441462594,
      0.4246766837313771,
      0.4273483107487361,
      0.4271349972113967,
      0.4269032720476389,
      0.4243019229422013,
      0.4258805802091956,
      0.42803537379950285,
      0.427797779130439,
      0.42636693144838017,
      0.42365035849312943,
      0.423335206694901,
      0.4280464568485816,
      0.42325653104732436,
      0.42236555988589924,
      0.4259929809098442,
      0.425588209182024,
      0.423869985776643,
      0.4229039953400691,
      0.4238148371999462,
      0.41988412011414766,
      0.4207723746076226,
      0.42397901105384034,
      0.42623225164910156,
      0.42637250913927954
    ],
    "val_macro_dice": [
      0.6814821808703228,
      0.7122559339832982,
      0.7269060965632664,
      0.7288846825943717,
      0.736283869887585,
      0.7374466137693094,
      0.7413142179254292,
      0.7461748717797692,
      0.7478688230640191,
      0.7485353870804327,
      0.7476375584890591,
      0.7499938790321764,
      0.7508150653145772,
      0.7485309095322029,
      0.7506814640015721,
      0.7521865406248103,
      0.7506497306773201,
      0.7523805223709822,
      0.7541195397526055,
      0.7531887632222954,
      0.7533391530735741,
      0.7549991309483571,
      0.7505255908128204,
      0.7526648630404599,
      0.7558535134122666,
      0.7511876478400952,
      0.7536260848509838,
      0.7560313472929959,
      0.7583636347940756,
      0.7538357532900345,
      0.7527289304684408,
      0.7574730397393288,
      0.7548216697106523,
      0.7570708299586876,
      0.759481875246297,
      0.7557637991957901,
      0.755205579999681,
      0.7548196062523357,
      0.7562766838455733,
      0.756418136368118,
      0.7558600028019318,
      0.7557678169964804,
      0.7553102223465817,
      0.7524411721417888,
      0.7561809336758581,
      0.7540059901098589,
      0.7562181395976011,
      0.7530972067008775,
      0.7548535995466903,
      0.7546523043590057,
      0.756068562133252,
      0.7585641706745844,
      0.7579676955071782,
      0.7552178145788736,
      0.7539995794071928
    ],
    "lr": [
      0.0009997532801828658,
      0.0009990133642141358,
      0.00099778098230154,
      0.000996057350657239,
      0.0009938441702975688,
      0.0009911436253643444,
      0.0009879583809693736,
      0.0009842915805643154,
      0.0009801468428384714,
      0.0009755282581475767,
      0.0009704403844771127,
      0.0009648882429441257,
      0.0009588773128419905,
      0.0009524135262330098,
      0.0009455032620941839,
      0.0009381533400219318,
      0.0009303710135019719,
      0.0009221639627510076,
      0.000913540287137281,
      0.0009045084971874739,
      0.0008950775061878452,
      0.0008852566213878947,
      0.0008750555348152298,
      0.0008644843137107057,
      0.0008535533905932737,
      0.0008422735529643444,
      0.0008306559326618259,
      0.0008187119948743449,
      0.0008064535268264883,
      0.0007938926261462367,
      0.0007810416889260654,
      0.0007679133974894983,
      0.0007545207078751857,
      0.0007408768370508577,
      0.0007269952498697734,
      0.0007128896457825364,
      0.0006985739453173903,
      0.0006840622763423391,
      0.0006693689601226458,
      0.0006545084971874737,
      0.0006394955530196147,
      0.0006243449435824273,
      0.0006090716206982714,
      0.0005936906572928625,
      0.0005782172325201156,
      0.0005626666167821523,
      0.0005470541566592572,
      0.0005313952597646569,
      0.0005157053795390643,
      0.0005000000000000002,
      0.00048429462046093607,
      0.0004686047402353435,
      0.000452945843340743,
      0.00043733338321784806,
      0.0004217827674798847
    ]
  },
  "best_val_dice": 0.759481875246297,
  "best_epoch": 35,
  "per_slice_metrics_file": "cinema_pretrained_linear_probe_20260430_124302_per_slice.csv",
  "n_test_slices": 916,
  "per_stack_metrics_file": "cinema_pretrained_linear_probe_20260430_124302_per_stack.csv",
  "n_test_stacks": 100
}
