{
  "config": {
    "dataset": "acdc",
    "backbone": "cinema",
    "model_name": "cinema_pretrained",
    "decoder": "unetr",
    "embed_dim": 768,
    "cache_layers": [
      3,
      6,
      9,
      11
    ],
    "probe_layers": [
      3,
      6,
      9,
      11
    ],
    "lr": 0.001,
    "weight_decay": 0.0001,
    "batch_size": 4,
    "n_epochs": 1,
    "patience": 20,
    "seed": 0,
    "trainable_params": 39083302
  },
  "per_class_dice": {
    "BG": 0.877599995954224,
    "RV": 0.49162255416232015,
    "MYO": 0.3159850500966925,
    "LV": 0.8400707295878865
  },
  "macro_dice": 0.5492261112822997,
  "training_history": {
    "train_loss": [
      1.4063466416464911
    ],
    "val_macro_dice": [
      0.5820735854666713
    ],
    "lr": [
      0.0
    ]
  },
  "best_val_dice": 0.5820735854666713,
  "best_epoch": 1,
  "per_sample_metrics_file": "cinema_pretrained_unetr_20260416_104614_per_sample.csv",
  "n_test_samples": 100
}