{
  "config": {
    "dataset": "acdc",
    "backbone": "cinema",
    "model_name": "cinema_pretrained",
    "decoder": "unetr",
    "embed_dim": 768,
    "cache_layers": [
      3,
      6,
      9,
      11
    ],
    "probe_layers": [
      3,
      6,
      9,
      11
    ],
    "lr": 0.001,
    "weight_decay": 0.0001,
    "batch_size": 4,
    "n_epochs": 1,
    "patience": 20,
    "seed": 0,
    "trainable_params": 39083302
  },
  "per_class_dice": {
    "BG": 0.9728569837236594,
    "RV": 0.7565534445829366,
    "MYO": 0.6352205540108677,
    "LV": 0.8823624470722158
  },
  "macro_dice": 0.7580454818886734,
  "training_history": {
    "train_loss": [
      1.2942039516237047
    ],
    "val_macro_dice": [
      0.7790846344335577
    ],
    "lr": [
      0.0
    ]
  },
  "best_val_dice": 0.7790846344335577,
  "best_epoch": 1,
  "per_sample_metrics_file": "cinema_pretrained_unetr_20260416_161701_per_sample.csv",
  "n_test_samples": 100,
  "per_slice_metrics_file": "cinema_pretrained_unetr_20260416_161701_per_slice.csv",
  "n_test_slices": 916
}