{
  "config": {
    "dataset": "acdc",
    "backbone": "cinema",
    "model_name": "cinema_pretrained",
    "decoder": "unetr",
    "embed_dim": 768,
    "cache_layers": [
      3,
      6,
      9,
      11
    ],
    "probe_layers": [
      3,
      6,
      9,
      11
    ],
    "lr": 0.001,
    "weight_decay": 0.001,
    "batch_size": 16,
    "n_epochs": 100,
    "patience": 20,
    "seed": 0,
    "trainable_params": 39083302
  },
  "per_class_dice": {
    "BG": 0.9922694733086244,
    "RV": 0.8942804730590187,
    "MYO": 0.856737541917436,
    "LV": 0.9423341900733044
  },
  "macro_dice": 0.8977840683499198,
  "training_history": {
    "train_loss": [
      2.092397779226303,
      1.1048456182082493,
      0.6844567557175955,
      0.5312324911355972,
      0.45760995149612427,
      0.4040363555153211,
      0.3743966693679492,
      0.3443686192234357,
      0.3293078914284706,
      0.30569713811079663,
      0.31667648752530414,
      0.28552283595005673,
      0.27830956131219864,
      0.25644740213950473,
      0.24544315785169601,
      0.2411723956465721,
      0.2429377151032289,
      0.2756369039416313,
      0.237395241856575,
      0.24221007774273554,
      0.22067469855149588,
      0.2195244605342547,
      0.2250461590786775,
      0.2384455998738607,
      0.2157838394244512,
      0.19598000620802244,
      0.1906323383251826,
      0.18259777004520097,
      0.1834124686817328,
      0.17643347134192786,
      0.1704172988732656,
      0.1694571686287721,
      0.1745831680794557,
      0.17009462416172028,
      0.16743449494242668,
      0.16195617243647575,
      0.1571133409937223,
      0.15095742791891098,
      0.14687798668940863,
      0.14807458346088728,
      0.14176186546683311,
      0.14031428222854933,
      0.13587090000510216,
      0.13603825867176056,
      0.13488932202259699,
      0.13386367509762445,
      0.12794386595487595,
      0.13315940213700136,
      0.1291684719423453,
      0.12315976247191429,
      0.12086358293890953,
      0.11680725154777367,
      0.11781963643928368,
      0.11729474365711212,
      0.11187104632457097,
      0.10804030112922192,
      0.10488552724321683,
      0.10336693873008092,
      0.1028683918217818,
      0.10082073633869489,
      0.09782506835957368,
      0.09765633506079514,
      0.09763600118458271,
      0.09462492664655049,
      0.09349911784132321,
      0.09302172934015591,
      0.09142954212923844,
      0.0900300710151593,
      0.08971429181595643,
      0.08772394992411137,
      0.08596282886962096,
      0.08653114922344685,
      0.08577981156607468,
      0.08374521198372047,
      0.08318589068949223,
      0.08332778140902519,
      0.08239736345907052,
      0.0810785988966624,
      0.08029938799639542,
      0.0795241507391135,
      0.07916069527467091,
      0.07873737253248692,
      0.07841289726396401,
      0.07773914498587449,
      0.0771699504305919,
      0.07759950682520866,
      0.07738225472470124,
      0.07765680737793446,
      0.07704072756071885,
      0.07646981316308181
    ],
    "val_macro_dice": [
      0.4116198005484197,
      0.6341677316952931,
      0.7471792211670988,
      0.8066348480709045,
      0.8023643863017068,
      0.8156969820462736,
      0.836977295757042,
      0.853967613616208,
      0.8594140073923479,
      0.834359741308102,
      0.8462976301253748,
      0.8864472226368477,
      0.8464219422661624,
      0.8494712684858993,
      0.8618511410487582,
      0.8873511585250681,
      0.8898831213035671,
      0.8857568232857781,
      0.8859429179216679,
      0.8705746687305879,
      0.8586812257726812,
      0.8789471435993629,
      0.8633390310003701,
      0.8924888178564098,
      0.8872444786644947,
      0.8881805929266814,
      0.897484497429379,
      0.8834546929924124,
      0.8917106331986066,
      0.8826388681192873,
      0.8941276906717136,
      0.8894761880060713,
      0.891160071021711,
      0.8830067959152478,
      0.8855165239455843,
      0.8916017237317293,
      0.8936836664402401,
      0.897174067704625,
      0.8877775156961795,
      0.8938691384200435,
      0.8945468964254838,
      0.8970196278931829,
      0.8907153953540075,
      0.8971736996649221,
      0.9007941265739839,
      0.8983338846749397,
      0.9027499276904708,
      0.8898181884704682,
      0.8989384579964365,
      0.8990178768422142,
      0.897778194754267,
      0.9003936360800792,
      0.8971301432894038,
      0.9024041700610574,
      0.9020420000224559,
      0.9011484533710769,
      0.9002155848000485,
      0.9005424605613327,
      0.9025693611151967,
      0.9001033826806922,
      0.9000499244647674,
      0.8980069763436314,
      0.9022405183026354,
      0.902109518419644,
      0.9010914820231303,
      0.9029351995396618,
      0.9022392104257594,
      0.9025963851929059,
      0.9036813739348513,
      0.9041944553542653,
      0.9036522984727454,
      0.9032818567882397,
      0.9029511823739806,
      0.9029263002205323,
      0.9036531395291535,
      0.9026375415581578,
      0.902519596464001,
      0.9022227659074279,
      0.9033861337604918,
      0.9031799291936119,
      0.9032862590392085,
      0.9030130152527653,
      0.9030756810906063,
      0.9029941334356666,
      0.9030272534667659,
      0.9032426797139719,
      0.9031145064968112,
      0.9032530379164152,
      0.9031888016344854,
      0.9030769114389826
    ],