{
  "config": {
    "dataset": "acdc",
    "backbone": "cinema",
    "model_name": "cinema_pretrained",
    "decoder": "unetr",
    "embed_dim": 768,
    "cache_layers": [
      3,
      6,
      9,
      11
    ],
    "probe_layers": [
      3,
      6,
      9,
      11
    ],
    "lr": 0.001,
    "weight_decay": 0.0001,
    "batch_size": 4,
    "n_epochs": 1,
    "patience": 20,
    "seed": 0,
    "trainable_params": 39083302
  },
  "per_class_dice": {
    "BG": 0.9753878517420193,
    "RV": 0.7648655893930787,
    "MYO": 0.6377693588111664,
    "LV": 0.8817524408145677
  },
  "macro_dice": 0.761462463006271,
  "training_history": {
    "train_loss": [
      1.1750334560871125
    ],
    "val_macro_dice": [
      0.7756524664492853
    ],
    "lr": [
      0.0
    ]
  },
  "best_val_dice": 0.7756524664492853,
  "best_epoch": 1,
  "per_sample_metrics_file": "cinema_pretrained_unetr_20260416_162600_per_sample.csv",
  "n_test_samples": 100,
  "per_slice_metrics_file": "cinema_pretrained_unetr_20260416_162600_per_slice.csv",
  "n_test_slices": 916
}