{
  "config": {
    "dataset": "acdc",
    "backbone": "cinema",
    "model_name": "cinema_pretrained",
    "decoder": "unetr",
    "embed_dim": 768,
    "cache_layers": [
      3,
      6,
      9,
      11
    ],
    "probe_layers": [
      3,
      6,
      9,
      11
    ],
    "lr": 0.001,
    "weight_decay": 0.0001,
    "batch_size": 16,
    "n_epochs": 1,
    "patience": 20,
    "seed": 0,
    "trainable_params": 39083302
  },
  "per_class_dice": {
    "BG": 0.875623226204522,
    "RV": 0.4871609878053392,
    "MYO": 0.31147499354178476,
    "LV": 0.8323981834139288
  },
  "macro_dice": 0.5436780549203509,
  "training_history": {
    "train_loss": [
      1.3992762565612793
    ],
    "val_macro_dice": [
      0.5794645817277019
    ],
    "lr": [
      0.0
    ]
  },
  "best_val_dice": 0.5794645817277019,
  "best_epoch": 1
}