{
  "config": {
    "dataset": "acdc",
    "backbone": "cinema",
    "model_name": "cinema_pretrained",
    "decoder": "conv_decoder",
    "embed_dim": 768,
    "cache_layers": [
      3,
      6,
      9,
      11
    ],
    "probe_layers": [
      0
    ],
    "lr": 0.001,
    "weight_decay": 0.001,
    "batch_size": 16,
    "n_epochs": 100,
    "patience": 20,
    "seed": 0,
    "trainable_params": 1033220
  },
  "per_class_dice": {
    "BG": 0.9836105794144177,
    "RV": 0.7861648852489582,
    "MYO": 0.6940330314331357,
    "LV": 0.8620208410190109
  },
  "macro_dice": 0.7807395859003682,
  "training_history": {
    "train_loss": [
      0.9887891033043464,
      0.6765525651474794,
      0.6054660991455117,
      0.5609971589098374,
      0.5326765437300006,
      0.5079773335407177,
      0.4826161464055379,
      0.45817194661746424,
      0.44972202150772017,
      0.44143937279780704,
      0.4192850375548005,
      0.40505219375093776,
      0.3913973895832896,
      0.3856146652251482,
      0.3800067603588104,
      0.3743974529206753,
      0.3671109564602375,
      0.34881429218997556,
      0.34351365982244414,
      0.33361119342346984,
      0.33425474415222806,
      0.33547626342624426,
      0.3246832713484764,
      0.3182639943746229,
      0.31157750077545643,
      0.30891117950280506,
      0.2996587020655473,
      0.2938920307594041,
      0.2979724562416474,
      0.29030621765802306,
      0.28771372822423774,
      0.28608114800105494,
      0.28142727725207806,
      0.2790995763304333,
      0.27132497169077396,
      0.2679733887004356,
      0.27162581821903586,
      0.26803384100397426,
      0.2639307069281737,
      0.2556714452803135,
      0.25745974217231077,
      0.25312080265333253,
      0.24795491946861148,
      0.24897813719386855,
      0.24243582971394062,
      0.2413446162827313,
      0.23319740577911338,
      0.2326626597593228,
      0.22877544413010278,
      0.22676517550523081,
      0.23128254478797317,
      0.22156900089854994,
      0.22174916742369533,
      0.2186047878737251,
      0.21774764234821,
      0.20780175412073731,
      0.2112596157627801,
      0.20839667165031037,
      0.2063165969836215,
      0.2027954962104559,
      0.2038924948622783,
      0.20194028783589602,
      0.19781565526500344,
      0.19583329992989698,
      0.19455188078184923,
      0.19265141850337386,
      0.1903380809041361,
      0.1898778957935671,
      0.18799099248523513,
      0.18415475000316897,
      0.18439702146376172,
      0.18306469358503819,
      0.18169629573822021,
      0.18267263332381845,
      0.17886896974717578,
      0.17756170267239213,
      0.17634055592740575,
      0.17530238224814335,
      0.17369062965735793,
      0.1738192685879767,
      0.17245457010964552,
      0.17039065761491656,
      0.17030181999628743,
      0.16904446591312686,
      0.17029381838316718,
      0.1682120313247045,
      0.16833848164727291,
      0.16756558620060483,
      0.16758679412305355,
      0.16603335225954652,
      0.16534566475699344,
      0.1652007393228511,
      0.16516128865381083,
      0.16451033748065433,
      0.16490684760113558,
      0.16406405748178562,
      0.1649655744743844,
      0.16348449202875295,
      0.1634271121583879,
      0.16535443346947432
    ],
    "val_macro_dice": [
      0.6737747676324366,
      0.7170956864512693,
      0.7078028652946907,
      0.7373632969906113,
      0.7320293725253401,
      0.7424047317900199,
      0.7488307569048726,
      0.7520692752340422,
      0.7504817120457773,
      0.7498324585298612,
      0.7526955361494213,
      0.7667536971949135,
      0.7687244354396107,
      0.766837012053895,
      0.7526037194738043,
      0.7607946753154807,
      0.7785368299100247,
      0.764765676912624,
      0.7719006106211301,
      0.769447640876833,
      0.7639682974321812,
      0.7699907562613092,
      0.7791093421373905,
      0.7739094610970413,
      0.7681321640395727,
      0.7682397389706931,
      0.7762598984888651,
      0.7863288047021983,
      0.7682213423237231,
      0.7856739482948116,
      0.7744760661739202,
      0.7867652385930329,
      0.7834223481078935,
      0.7772097632113234,
      0.7816232363666279,
      0.7781606972201005,
      0.7758983248899703,
      0.7815451204171967,
      0.7823452972583004,
      0.7830495953888374,
      0.7747526035251794,
      0.7858441563853097,
      0.7735803835639216,
      0.7874237793322961,
      0.7817129460630926,
      0.784655747044057,
      0.7865238024791896,
      0.783592247465151,
      0.7879392498255909,
      0.784636424783364,
      0.7850709889663193,
      0.7824500890975301,
      0.7854139956020808,
      0.7834059210183767,
      0.7882284985466838,
      0.7844589532348275,
      0.7875538989813712,
      0.7881583080698172,
      0.789243969037666,
      0.7855275488562907,
      0.7869466575066918,
      0.7891495147753801,
      0.7858609610224933,
      0.7898585275036577,
      0.7880346533708719,
      0.7888462749266063,
      0.783530449557721,
      0.7870684346339466,
      0.7903866238689256,
      0.7892534070160192,
      0.7897206474362712,
      0.7881393847357301,
      0.7873382518905357,
      0.7887673801623419,
      0.7884611898645302,
      0.7868911132218543,
      0.7881897668860088,
      0.788606812193373,
      0.789181107609826,
      0.7869309075598608,
      0.7891066922396662,
      0.7903908318382439,
      0.7887314656973223,
      0.789300923248479,
      0.7878556861138059,
      0.788858200407028,
      0.7890048683685715,
      0.7886318805881585,
      0.7890182624962853,
      0.7897828448830925,
      0.7893886009253867,
      0.7886480369583825,
      0.789272843661447,
      0.7889977371540913,
      0.7892355066283775,
      0.7885969068717283,
      0.7901375763585848,
      0.7893620040590563,
      0.7903635709320941,
      0.788804569524909
    ],