{
  "config": {
    "dataset": "acdc",
    "backbone": "cinema",
    "model_name": "cinema_pretrained",
    "decoder": "conv_decoder",
    "embed_dim": 768,
    "cache_layers": [
      3,
      6,
      9,
      11
    ],
    "probe_layers": [
      0
    ],
    "lr": 0.001,
    "weight_decay": 0.0001,
    "batch_size": 16,
    "n_epochs": 1,
    "patience": 20,
    "seed": 0,
    "trainable_params": 1033220
  },
  "per_class_dice": {
    "BG": 0.960188724168973,
    "RV": 0.6426377083220006,
    "MYO": 0.5679801790641349,
    "LV": 0.8047697951574321
  },
  "macro_dice": 0.6717958941811891,
  "training_history": {
    "train_loss": [
      0.9713403669496378
    ],
    "val_macro_dice": [
      0.673386617369322
    ],
    "lr": [
      0.0
    ]
  },
  "best_val_dice": 0.673386617369322,
  "best_epoch": 1,
  "per_sample_metrics_file": "cinema_pretrained_conv_decoder_20260416_103730_per_sample.csv",
  "n_test_samples": 916
}