{
  "config": {
    "dataset": "acdc",
    "backbone": "cinema",
    "model_name": "cinema_pretrained",
    "decoder": "unetr",
    "embed_dim": 768,
    "cache_layers": [
      3,
      6,
      9,
      11
    ],
    "probe_layers": [
      3,
      6,
      9,
      11
    ],
    "lr": 0.001,
    "weight_decay": 0.0001,
    "batch_size": 4,
    "n_epochs": 1,
    "patience": 20,
    "seed": 0,
    "trainable_params": 39083302
  },
  "per_class_dice": {
    "BG": 0.953194728586269,
    "RV": 0.5580038959843739,
    "MYO": 0.6619922227687343,
    "LV": 0.8874377917164235
  },
  "macro_dice": 0.7024779701565106,
  "training_history": {
    "train_loss": [
      1.099572192132473
    ],
    "val_macro_dice": [
      0.7104000029240215
    ],
    "lr": [
      0.0
    ]
  },
  "best_val_dice": 0.7104000029240215,
  "best_epoch": 1
}