{
  "config": {
    "dataset": "acdc",
    "backbone": "cinema",
    "model_name": "cinema_pretrained",
    "decoder": "unetr",
    "embed_dim": 768,
    "cache_layers": [
      3,
      6,
      9,
      11
    ],
    "probe_layers": [
      3,
      6,
      9,
      11
    ],
    "lr": 0.001,
    "weight_decay": 0.0001,
    "batch_size": 16,
    "n_epochs": 1,
    "patience": 20,
    "seed": 0,
    "trainable_params": 39083302
  },
  "per_class_dice": {
    "BG": 0.8942598337827372,
    "RV": 0.5041174378661706,
    "MYO": 0.358568950268015,
    "LV": 0.8508988626635657
  },
  "macro_dice": 0.5711950835992504,
  "training_history": {
    "train_loss": [
      1.407694759633806
    ],
    "val_macro_dice": [
      0.6007799975596309
    ],
    "lr": [
      0.0
    ]
  },
  "best_val_dice": 0.6007799975596309,
  "best_epoch": 1
}