{
  "config": {
    "dataset": "acdc",
    "backbone": "dinov3",
    "model_name": "dinov3_vitl16",
    "decoder": "linear_probe",
    "embed_dim": 1024,
    "cache_layers": [
      5,
      11,
      17,
      23
    ],
    "probe_layers": [
      23
    ],
    "lr": 0.001,
    "weight_decay": 0.001,
    "batch_size": 16,
    "n_epochs": 100,
    "patience": 20,
    "seed": 0,
    "trainable_params": 6148
  },
  "per_class_dice": {
    "BG": 0.9846148264717591,
    "RV": 0.7692898846525761,
    "MYO": 0.7041612132054625,
    "LV": 0.872169266531188
  },
  "macro_dice": 0.7818734547964089,
  "training_history": {
    "train_loss": [
      1.2799674769242604,
      0.5262033712739745,
      0.45990651721755665,
      0.43340500506261986,
      0.41766342024008435,
      0.4058152949437499,
      0.3980812942609191,
      0.3935228666911523,
      0.38548125326633453,
      0.385558661694328,
      0.3808407485485077,
      0.3785589635372162,
      0.37415573094040155,
      0.37501809000968933,
      0.3757225728283326,
      0.36958782467991114,
      0.37176454657067853,
      0.3687209465230505,
      0.3660246143117547,
      0.36643697259326774,
      0.36621577975650627,
      0.3682813585425417,
      0.3628397276625037,
      0.36365485408653814,
      0.36165868304669857,
      0.36143041246881086,
      0.3614635008076827,
      0.3618418763702114,
      0.358391709625721,
      0.3615256591389577,
      0.3589391593510906,
      0.36159962229430676,
      0.3612380139529705,
      0.36195057568450767,
      0.35989107998708886,
      0.36073495416591567,
      0.35741409721473855,
      0.357809872366488,
      0.3584526510288318,
      0.3581936027233799,
      0.3582668664554755,
      0.3604417061433196,
      0.35412544663995504,
      0.3548107094441851,
      0.3582541054735581,
      0.3586260164156556,
      0.3571545559292038,
      0.3542587235569954,
      0.3584242320309083,
      0.3543978786716859,
      0.3534338486691316,
      0.35486819377789897,
      0.3538883940006296,
      0.3515388434752822,
      0.3568261160204808,
      0.3546296063189705,
      0.35313573976357776,
      0.35510449297726154,
      0.35552182514220476,
      0.3546860196317236,
      0.35442531295120716,
      0.356166610494256,
      0.35657537697503966,
      0.3538078647106886,
      0.35371778594950837,
      0.35399581988652545,
      0.3538150504852335,
      0.3534124282499154,
      0.3507416108623147,
      0.350751887075603,
      0.35177805305769044,
      0.3512715231627226,
      0.356396174368759,
      0.35235249530524015
    ],
    "val_macro_dice": [
      0.7237909542385955,
      0.7581602878706603,
      0.7725927052037491,
      0.7726300392855788,
      0.7846744971342,
      0.7845859668614873,
      0.7853018551088652,
      0.791253637892993,
      0.7923402551928357,
      0.7935252430460977,
      0.7943639050948731,
      0.7944776640980843,
      0.7979616365484042,
      0.7958391928498781,
      0.7960094854038844,
      0.7989605009325299,
      0.7969874109615281,
      0.8004043736281913,
      0.7970075336321867,
      0.7996478100777642,
      0.8004220597992994,
      0.7989726583978131,
      0.8019889752256288,
      0.8028368604735207,
      0.7986705534331321,
      0.8009908246548832,
      0.801841590298099,
      0.8016391339077319,
      0.8007920526297653,
      0.8000292646747537,
      0.8017038870243246,
      0.8007280411455144,
      0.800721575707442,
      0.8012602348127773,
      0.8009981368688024,
      0.8014116781373505,
      0.8026031184150435,
      0.8005430727009397,
      0.8029705738483236,
      0.8009069321124228,
      0.8033735311004366,
      0.801800835365707,
      0.8030020897185356,
      0.8044940219172144,
      0.8033597859189823,
      0.803053772482064,
      0.8038100874474597,
      0.8042225149393829,
      0.8044765622098556,
      0.8039800826381494,
      0.803334385039218,
      0.8041575679264984,
      0.8054513162841381,
      0.8059181624639811,
      0.8046763948267049,
      0.8034574343232976,
      0.8037670266157768,
      0.8052244143835612,
      0.8032866144137571,
      0.8049560048860553,
      0.8034871532247064,
      0.8041508716895452,
      0.8027598443698568,
      0.805546779422111,
      0.804964270709351,
      0.8030709892589503,
      0.804020255654229,
      0.804732961336499,
      0.8048471704553749,
      0.8049494937883649,
      0.804034011063111,
      0.805147483642673,
      0.805330282962041,
      0.8050835706423053
    ],
    "lr": [
      0.0009997532801828658,
      0.0009990133642141358,
      0.00099778098230154,
      0.000996057350657239,
      0.0009938441702975688,
      0.0009911436253643444,
      0.0009879583809693736,
      0.0009842915805643154,
      0.0009801468428384714,
      0.0009755282581475767,
      0.0009704403844771127,
      0.0009648882429441257,
      0.0009588773128419905,
      0.0009524135262330098,
      0.0009455032620941839,
      0.0009381533400219318,
      0.0009303710135019719,
      0.0009221639627510076,
      0.000913540287137281,
      0.0009045084971874739,
      0.0008950775061878452,
      0.0008852566213878947,
      0.0008750555348152298,
      0.0008644843137107057,
      0.0008535533905932737,
      0.0008422735529643444,
      0.0008306559326618259,
      0.0008187119948743449,
      0.0008064535268264883,
      0.0007938926261462367,
      0.0007810416889260654,
      0.0007679133974894983,
      0.0007545207078751857,
      0.0007408768370508577,
      0.0007269952498697734,
      0.0007128896457825364,
      0.0006985739453173903,
      0.0006840622763423391,
      0.0006693689601226458,
      0.0006545084971874737,
      0.0006394955530196147,
      0.0006243449435824273,
      0.0006090716206982714,
      0.0005936906572928625,
      0.0005782172325201156,
      0.0005626666167821523,
      0.0005470541566592572,
      0.0005313952597646569,
      0.0005157053795390643,
      0.0005000000000000002,
      0.00048429462046093607,
      0.0004686047402353435,
      0.000452945843340743,
      0.00043733338321784806,
      0.0004217827674798847,
      0.00040630934270713783,
      0.000390928379301729,
      0.0003756550564175727,
      0.00036050444698038553,
      0.00034549150281252655,
      0.0003306310398773544,
      0.00031593772365766127,
      0.0003014260546826097,
      0.0002871103542174637,
      0.0002730047501302267,
      0.00025912316294914234,
      0.0002454792921248144,
      0.00023208660251050164,
      0.00021895831107393473,
      0.00020610737385376356,
      0.00019354647317351177,
      0.0001812880051256552,
      0.00016934406733817422,
      0.0001577264470356557
    ]
  },
  "best_val_dice": 0.8059181624639811,
  "best_epoch": 54,
  "per_slice_metrics_file": "dinov3_vitl16_linear_probe_20260430_104905_per_slice.csv",
  "n_test_slices": 916,
  "per_stack_metrics_file": "dinov3_vitl16_linear_probe_20260430_104905_per_stack.csv",
  "n_test_stacks": 100
}
