{
  "config": {
    "dataset": "acdc",
    "backbone": "dinov3",
    "model_name": "dinov3_vits16",
    "decoder": "conv_decoder",
    "embed_dim": 384,
    "cache_layers": [
      3,
      6,
      9,
      11
    ],
    "probe_layers": [
      3,
      6,
      9,
      11
    ],
    "lr": 0.001,
    "weight_decay": 0.001,
    "batch_size": 4,
    "n_epochs": 1,
    "patience": 20,
    "seed": 0,
    "trainable_params": 1917956
  },
  "per_class_dice": {
    "BG": 0.9713263012540548,
    "RV": 0.9451582180528071,
    "MYO": 0.9323922534054118,
    "LV": 0.9606648703343643
  },
  "macro_dice": 0.9460717805975278,
  "training_history": {
    "train_loss": [
      0.6343850262928754
    ],
    "val_macro_dice": [
      0.9551374392670126
    ],
    "lr": [
      0.0
    ]
  },
  "best_val_dice": 0.9551374392670126,
  "best_epoch": 1
}