{
  "config": {
    "dataset": "acdc",
    "backbone": "dinov3",
    "model_name": "dinov3_vitl16",
    "decoder": "conv_decoder",
    "embed_dim": 1024,
    "cache_layers": [
      5,
      11,
      17,
      23
    ],
    "probe_layers": [
      5,
      11,
      17,
      23
    ],
    "lr": 0.001,
    "weight_decay": 0.001,
    "batch_size": 16,
    "n_epochs": 100,
    "patience": 20,
    "seed": 0,
    "trainable_params": 4867076
  },
  "per_class_dice": {
    "BG": 0.9908184177277817,
    "RV": 0.8767145823106034,
    "MYO": 0.8286981609852886,
    "LV": 0.9266905377854651
  },
  "macro_dice": 0.8773677603604524,
  "training_history": {
    "train_loss": [
      0.7675608318919936,
      0.4049297102416555,
      0.3390279244631529,
      0.3053027944018443,
      0.2842394813584785,
      0.26510478975251317,
      0.2517583911928038,
      0.2334067258052528,
      0.22133924113586545,
      0.21119319507852197,
      0.2024525028343002,
      0.1984535769249002,
      0.18984037979195514,
      0.18573843113457164,
      0.18029054440557957,
      0.17589986246700087,
      0.16640378488227725,
      0.16770492509628335,
      0.1628065916399161,
      0.15652741817757487,
      0.15269961953163147,
      0.15095322501535216,
      0.1499322693950186,
      0.14897968620061874,
      0.1401238921098411,
      0.1391804482166966,
      0.13459818554110825,
      0.13155138663326701,
      0.13229322208402058,
      0.13054297406536838,
      0.13319366448558867,
      0.12834814268474778,
      0.12780706879372397,
      0.12659840425476432,
      0.12179148150607944,
      0.12011742902298768,
      0.11756818702754875,
      0.12034244330910344,
      0.12048755205857258,
      0.11324580347475906,
      0.11093661996225516,
      0.11015018029138446,
      0.1099927700124681,
      0.11178399024841686,
      0.11118625903812547,
      0.10835594924477239,
      0.10768844846946497,
      0.10567226152246197,
      0.10519278996313612,
      0.10185359480480354,
      0.10098745472108324,
      0.10002475348301232
    ],
    "val_macro_dice": [
      0.8009852941470442,
      0.8351860193121522,
      0.828247004103626,
      0.8704574916435336,
      0.8687544666417019,
      0.8392393027719821,
      0.8782625884386178,
      0.875946964762985,
      0.857467470511467,
      0.8600264932771223,
      0.8787012222175813,
      0.8749540589640015,
      0.8894275092563338,
      0.867940929801262,
      0.8635004424166836,
      0.8818738512414072,
      0.8820541795150506,
      0.8866392859114404,
      0.8759059196969003,
      0.8800255335746513,
      0.8895256903835191,
      0.8749924106672412,
      0.8903632771996864,
      0.8860581805616895,
      0.8819884636705826,
      0.8750623223664992,
      0.8871805461936351,
      0.8792268399503756,
      0.8862786040007125,
      0.8853090641807846,
      0.8790767203023702,
      0.892567868416975,
      0.8855699790832174,
      0.881421178321783,
      0.8765141614785152,
      0.8824551848044173,
      0.8900083436038012,
      0.8755076192817888,
      0.8886258133493011,
      0.891604411017553,
      0.8883314896268214,
      0.8914633230351754,
      0.8869989855703814,
      0.8803325184656671,
      0.8898320696436445,
      0.8884226922223384,
      0.8921786265201632,
      0.8899170474191281,
      0.8855576154711599,
      0.8888174646416104,
      0.8879929688332079,
      0.8906253317814867
    ],
    "lr": [
      0.0009997532801828658,
      0.0009990133642141358,
      0.00099778098230154,
      0.000996057350657239,
      0.0009938441702975688,
      0.0009911436253643444,
      0.0009879583809693736,
      0.0009842915805643154,
      0.0009801468428384714,
      0.0009755282581475767,
      0.0009704403844771127,
      0.0009648882429441257,
      0.0009588773128419905,
      0.0009524135262330098,
      0.0009455032620941839,
      0.0009381533400219318,
      0.0009303710135019719,
      0.0009221639627510076,
      0.000913540287137281,
      0.0009045084971874739,
      0.0008950775061878452,
      0.0008852566213878947,
      0.0008750555348152298,
      0.0008644843137107057,
      0.0008535533905932737,
      0.0008422735529643444,
      0.0008306559326618259,
      0.0008187119948743449,
      0.0008064535268264883,
      0.0007938926261462367,
      0.0007810416889260654,
      0.0007679133974894983,
      0.0007545207078751857,
      0.0007408768370508577,
      0.0007269952498697734,
      0.0007128896457825364,
      0.0006985739453173903,
      0.0006840622763423391,
      0.0006693689601226458,
      0.0006545084971874737,
      0.0006394955530196147,
      0.0006243449435824273,
      0.0006090716206982714,
      0.0005936906572928625,
      0.0005782172325201156,
      0.0005626666167821523,
      0.0005470541566592572,
      0.0005313952597646569,
      0.0005157053795390643,
      0.0005000000000000002,
      0.00048429462046093607,
      0.0004686047402353435
    ]
  },
  "best_val_dice": 0.892567868416975,
  "best_epoch": 32,
  "per_slice_metrics_file": "dinov3_vitl16_conv_decoder_20260430_105428_per_slice.csv",
  "n_test_slices": 916,
  "per_stack_metrics_file": "dinov3_vitl16_conv_decoder_20260430_105428_per_stack.csv",
  "n_test_stacks": 100
}
