{
  "config": {
    "dataset": "acdc",
    "backbone": "dinov3",
    "model_name": "dinov3_vits16",
    "decoder": "unetr",
    "embed_dim": 384,
    "cache_layers": [
      3,
      6,
      9,
      11
    ],
    "probe_layers": [
      3,
      6,
      9,
      11
    ],
    "lr": 0.001,
    "weight_decay": 0.0001,
    "batch_size": 16,
    "n_epochs": 1,
    "patience": 20,
    "seed": 0,
    "trainable_params": 31016868
  },
  "per_class_dice": {
    "BG": 0.9638474898922191,
    "RV": 0.7240891831519563,
    "MYO": 0.5851607620986464,
    "LV": 0.8509424268185751
  },
  "macro_dice": 0.7200641240230592,
  "training_history": {
    "train_loss": [
      1.2461274438434178
    ],
    "val_macro_dice": [
      0.739428593723705
    ],
    "lr": [
      0.0
    ]
  },
  "best_val_dice": 0.739428593723705,
  "best_epoch": 1
}