{
  "config": {
    "dataset": "acdc",
    "backbone": "dinov3",
    "model_name": "dinov3_vits16",
    "decoder": "unetr",
    "embed_dim": 384,
    "cache_layers": [
      3,
      6,
      9,
      11
    ],
    "probe_layers": [
      3,
      6,
      9,
      11
    ],
    "lr": 0.001,
    "weight_decay": 0.0001,
    "batch_size": 4,
    "n_epochs": 1,
    "patience": 20,
    "seed": 0,
    "trainable_params": 31016868
  },
  "per_class_dice": {
    "BG": 0.9830992720452667,
    "RV": 0.7863260221894843,
    "MYO": 0.752557543669505,
    "LV": 0.8884979050664074
  },
  "macro_dice": 0.8091271569751322,
  "training_history": {
    "train_loss": [
      0.9943430718448427
    ],
    "val_macro_dice": [
      0.8269175917112145
    ],
    "lr": [
      0.0
    ]
  },
  "best_val_dice": 0.8269175917112145,
  "best_epoch": 1
}