{
  "config": {
    "dataset": "acdc",
    "backbone": "dinov3",
    "model_name": "dinov3_vitl16",
    "decoder": "linear_probe",
    "embed_dim": 1024,
    "cache_layers": [
      5,
      11,
      17,
      23
    ],
    "probe_layers": [
      23
    ],
    "lr": 0.001,
    "weight_decay": 0.001,
    "batch_size": 16,
    "n_epochs": 100,
    "patience": 20,
    "seed": 0,
    "trainable_params": 6148
  },
  "per_class_dice": {
    "BG": 0.9847919932597756,
    "RV": 0.7736745067782103,
    "MYO": 0.702338355925907,
    "LV": 0.8727747206574957
  },
  "macro_dice": 0.782929194453871,
  "training_history": {
    "train_loss": [
      1.2751088049262762,
      0.5310372995833555,
      0.45873846765607595,
      0.433143292243282,
      0.41788728286822635,
      0.4067512834444642,
      0.397332397600015,
      0.3929828889667988,
      0.3853615348537763,
      0.37928094808012247,
      0.3789429406945904,
      0.3766230220595996,
      0.3795409168427189,
      0.3735914093752702,
      0.37107617501169443,
      0.37194900773465633,
      0.36950679775327444,
      0.36593118123710155,
      0.3685986353084445,
      0.37056576864173013,
      0.3656503076975544,
      0.36998082138597965,
      0.36280394966403645,
      0.3600401543080807,
      0.36138638233145076,
      0.36044719473769266,
      0.36176415874312323,
      0.36177397674570483,
      0.35992219547430676,
      0.3573945077757041,
      0.36042485758662224,
      0.36025797575712204,
      0.3596525869021813,
      0.36281303440531093,
      0.35898868801693123,
      0.36158275169630844,
      0.3602547775954008,
      0.3568146101509531,
      0.3582824630041917,
      0.35943549995621044,
      0.35928386480857927,
      0.3539118602251013,
      0.3601143943766753,
      0.3549928863843282,
      0.3562261409436663,
      0.3568313491220276,
      0.3596278863648574,
      0.3577064632748564,
      0.3573376977195342,
      0.3578279760355751,
      0.3556646319727103,
      0.3559639782955249,
      0.35791603786249954,
      0.35577688552439213,
      0.3559229103848338,
      0.3585613304749131,
      0.3537708943088849,
      0.3550590068722765,
      0.35364517103880644,
      0.3577542795489232,
      0.3526546837141116,
      0.3560169780006011,
      0.3550205072388053,
      0.3564744256436825,
      0.3522576115404566,
      0.35325209765384596,
      0.3537648105993867,
      0.355902557571729,
      0.3525844303270181,
      0.353441184386611,
      0.35276652096460265,
      0.35064559771368903,
      0.3548886344457666,
      0.35333395563066006,
      0.3536266877005498,
      0.35075815363476676,
      0.35384428532173234,
      0.3517470754062136,
      0.3497382116814454,
      0.35163191488633555,
      0.35433524660766125,
      0.3506606376419465,
      0.35053514533986646,
      0.3490420455733935,
      0.3561011229952176,
      0.3515806595484416,
      0.3523700882991155,
      0.351859235825638,
      0.3553156877557437,
      0.34999757322172326,
      0.3495943956077099,
      0.3495282679796219,
      0.3532801729937394,
      0.3529164552067717,
      0.3516858151803414,
      0.35232299628357094,
      0.3520472974826892,
      0.3491363866875569,
      0.3487912068764369
    ],
    "val_macro_dice": [
      0.7242795996870103,
      0.758380669479824,
      0.7715896862495928,
      0.7738171344874537,
      0.7854084670329083,
      0.7851459592115084,
      0.7865098187503284,
      0.7924701187972977,
      0.7917202749370018,
      0.7910224742572733,
      0.7932354352815576,
      0.7946268614802071,
      0.7969256772463033,
      0.7950544038356947,
      0.7971214020460522,
      0.7979415445606902,
      0.7958030684100953,
      0.798613616831954,
      0.79500906822177,
      0.7990310412380776,
      0.7979988400029017,
      0.8004399351309689,
      0.8008163644488547,
      0.8019762158001166,
      0.7995014709516237,
      0.8000102208828844,
      0.8023429571722458,
      0.8019128812543966,
      0.7989426848784769,
      0.7998565103425048,
      0.8022015605340848,
      0.8025902046304673,
      0.8007661519729568,
      0.8018057164230212,
      0.7998666153155455,
      0.8017831223318663,
      0.8010484661575116,
      0.7994834146653198,
      0.803873687105413,
      0.8006396091032836,
      0.8033911080160084,
      0.803352468014397,
      0.80292869285053,
      0.8046233897030751,
      0.8045911418557775,
      0.8033467827491007,
      0.8033334630986909,
      0.8029541752698561,
      0.8038448772841659,
      0.8036596540499718,
      0.8032817494640376,
      0.8045541158081354,
      0.8038237795289461,
      0.804537033736532,
      0.8028859481793954,
      0.8027050583008108,
      0.8039025484849219,
      0.8039188714151703,
      0.8047345893414352,
      0.8036536281039869,
      0.803694851804572,
      0.8035828042794528,
      0.8024166939457927,
      0.8038570814972242,
      0.8045501139754082,
      0.8040567972129705,
      0.8033720768937878,
      0.8041890639295349,
      0.8048432869624217,
      0.8049676339237758,
      0.803756160662125,
      0.8035813671119311,
      0.8040516434469446,
      0.8035255675870224,
      0.8042188720596329,
      0.804410001806192,
      0.8046342394970404,
      0.8045740399807877,
      0.8053316275144601,
      0.8042476665440533,
      0.8040076460643203,
      0.8049841017033673,
      0.804614316108585,
      0.8045859742972964,
      0.8042128447548546,
      0.8042294205849703,
      0.8044797291074296,
      0.8044562132996669,
      0.804740898227386,
      0.804176351596665,
      0.8041610796918905,
      0.8048368872928598,
      0.804735683021395,
      0.8038622471973728,
      0.804698806406671,
      0.804224781389283,
      0.8042077239507398,
      0.8044525185460448,
      0.8045366355150038
    ],