{
  "config": {
    "dataset": "acdc",
    "backbone": "dinov3",
    "model_name": "dinov3_vits16",
    "decoder": "unetr",
    "embed_dim": 384,
    "cache_layers": [
      3,
      6,
      9,
      11
    ],
    "probe_layers": [
      3,
      6,
      9,
      11
    ],
    "lr": 0.001,
    "weight_decay": 0.0001,
    "batch_size": 16,
    "n_epochs": 1,
    "patience": 20,
    "seed": 0,
    "trainable_params": 31016868
  },
  "per_class_dice": {
    "BG": 0.9554228096430373,
    "RV": 0.6234003834056321,
    "MYO": 0.596391576308993,
    "LV": 0.8233004405564402
  },
  "macro_dice": 0.6810308000903551,
  "training_history": {
    "train_loss": [
      1.3959230581919353
    ],
    "val_macro_dice": [
      0.6784291228841685
    ],
    "lr": [
      0.0
    ]
  },
  "best_val_dice": 0.6784291228841685,
  "best_epoch": 1
}