{
  "config": {
    "dataset": "acdc",
    "backbone": "dinov3",
    "model_name": "dinov3_vitb16",
    "decoder": "unetr",
    "embed_dim": 768,
    "cache_layers": [
      3,
      6,
      9,
      11
    ],
    "probe_layers": [
      3,
      6,
      9,
      11
    ],
    "lr": 0.001,
    "weight_decay": 0.001,
    "batch_size": 16,
    "n_epochs": 100,
    "patience": 20,
    "seed": 0,
    "trainable_params": 41338788
  },
  "per_class_dice": {
    "BG": 0.9902230234495014,
    "RV": 0.8785297699014697,
    "MYO": 0.8257283927458821,
    "LV": 0.9291720406142526
  },
  "macro_dice": 0.8778100677538682,
  "training_history": {
    "train_loss": [
      1.9821118811766307,
      1.1150696625312169,
      0.8140161087115606,
      0.5937982251246771,
      0.4423232649763425,
      0.38212747871875763,
      0.35909778873125714,
      0.3283893937865893,
      0.31246410061915714,
      0.2928680529197057,
      0.30713555216789246,
      0.27430886526902515,
      0.2630251708130042,
      0.2452170637746652,
      0.23751763254404068,
      0.22682269538442293,
      0.21313057839870453,
      0.20864123975237212,
      0.19885901113351187,
      0.19074935714403787,
      0.19259456917643547,
      0.18571319803595543,
      0.17930011451244354,
      0.1778114934762319,
      0.17874098320802054,
      0.17186951637268066,
      0.1678132712841034,
      0.16119131445884705,
      0.15113459900021553,
      0.1453906943400701,
      0.13517094403505325,
      0.12856419260303178,
      0.12403036033113797,
      0.1265721364567677,
      0.1207170815517505,
      0.11624699334303538,
      0.11129281297326088,
      0.10932135333617528,
      0.10641935964425404,
      0.10293289211889108,
      0.1028855387121439,
      0.09700336928168933,
      0.09531121328473091,
      0.0977164339274168,
      0.10103138846655686,
      0.09770259944101174,
      0.09701251114408176,
      0.09647250610093276,
      0.09108449953297774,
      0.08843160048127174,
      0.08420208903650443,
      0.08307805036505063,
      0.08068519458174706,
      0.07799493024746577,
      0.07577885190645854,
      0.07382565302153428,
      0.07356138713657856,
      0.07311410643160343,
      0.0713091604411602,
      0.0704213734716177,
      0.07029570204516251,
      0.07243891370793183,
      0.07030877284705639,
      0.06762780373295148
    ],
    "val_macro_dice": [
      0.3880118456986679,
      0.6229065306763811,
      0.6995627412968736,
      0.7772032083224332,
      0.8084670270359963,
      0.7948608206486266,
      0.8531820364579629,
      0.857980013525855,
      0.8474186787102264,
      0.8698171851051045,
      0.8718808558281742,
      0.860283350551016,
      0.8648141630981532,
      0.8502909335880019,
      0.8684477463817242,
      0.8797457690057048,
      0.8788667243346558,
      0.8811460756744328,
      0.8834815115899465,
      0.8835856966387393,
      0.8825759442809616,
      0.8886324025411841,
      0.8672647005060358,
      0.869862206300896,
      0.8849568883497932,
      0.8897905279889912,
      0.8823551044069043,
      0.886765884084889,
      0.8855572899607158,
      0.8865105155807967,
      0.8877402395837514,
      0.887427943402861,
      0.8902946336715015,
      0.8853978771871738,
      0.8905899698163563,
      0.8893628809632168,
      0.8899994027544141,
      0.8888077758198453,
      0.8881157162828707,
      0.8918264923742169,
      0.8886136950744096,
      0.8875648462378559,
      0.8901886476503692,
      0.8920590785575527,
      0.8911736113078734,
      0.8893460239015694,
      0.8885399376121251,
      0.8893424802289353,
      0.8905467943560638,
      0.8904686188989211,
      0.8880558968311743,
      0.8906873068033608,
      0.8895661507494493,
      0.8887828901387668,
      0.8898745863140715,
      0.8910604131305727,
      0.8901008069982312,
      0.8889430908900557,
      0.8884198197148939,
      0.8898729048506172,
      0.8891132179385774,
      0.8905494240004233,
      0.888778117748418,
      0.8894175285198331
    ],
    "lr": [
      0.0009997532801828658,
      0.0009990133642141358,
      0.00099778098230154,
      0.000996057350657239,
      0.0009938441702975688,
      0.0009911436253643444,
      0.0009879583809693736,
      0.0009842915805643154,
      0.0009801468428384714,
      0.0009755282581475767,
      0.0009704403844771127,
      0.0009648882429441257,
      0.0009588773128419905,
      0.0009524135262330098,
      0.0009455032620941839,
      0.0009381533400219318,
      0.0009303710135019719,
      0.0009221639627510076,
      0.000913540287137281,
      0.0009045084971874739,
      0.0008950775061878452,
      0.0008852566213878947,
      0.0008750555348152298,
      0.0008644843137107057,
      0.0008535533905932737,
      0.0008422735529643444,
      0.0008306559326618259,
      0.0008187119948743449,
      0.0008064535268264883,
      0.0007938926261462367,
      0.0007810416889260654,
      0.0007679133974894983,
      0.0007545207078751857,
      0.0007408768370508577,
      0.0007269952498697734,
      0.0007128896457825364,
      0.0006985739453173903,
      0.0006840622763423391,
      0.0006693689601226458,
      0.0006545084971874737,
      0.0006394955530196147,
      0.0006243449435824273,
      0.0006090716206982714,
      0.0005936906572928625,
      0.0005782172325201156,
      0.0005626666167821523,
      0.0005470541566592572,
      0.0005313952597646569,
      0.0005157053795390643,
      0.0005000000000000002,
      0.00048429462046093607,
      0.0004686047402353435,
      0.000452945843340743,
      0.00043733338321784806,
      0.0004217827674798847,
      0.00040630934270713783,
      0.000390928379301729,
      0.0003756550564175727,
      0.00036050444698038553,
      0.00034549150281252655,
      0.0003306310398773544,
      0.00031593772365766127,
      0.0003014260546826097,
      0.0002871103542174637
    ]
  },
  "best_val_dice": 0.8920590785575527,
  "best_epoch": 44,
  "per_sample_metrics_file": "dinov3_vitb16_unetr_20260421_082241_per_sample.csv",
  "n_test_samples": 100,
  "per_slice_metrics_file": "dinov3_vitb16_unetr_20260421_082241_per_slice.csv",
  "n_test_slices": 916
}