{
  "config": {
    "dataset": "acdc",
    "backbone": "dinov3",
    "model_name": "dinov3_vits16",
    "decoder": "conv_decoder",
    "embed_dim": 384,
    "cache_layers": [
      3,
      6,
      9,
      11
    ],
    "probe_layers": [
      3,
      6,
      9,
      11
    ],
    "lr": 0.001,
    "weight_decay": 0.001,
    "batch_size": 16,
    "n_epochs": 100,
    "patience": 20,
    "seed": 0,
    "trainable_params": 1917956
  },
  "per_class_dice": {
    "BG": 0.9904647233114141,
    "RV": 0.86856147491116,
    "MYO": 0.8204006661299622,
    "LV": 0.921907928259456
  },
  "macro_dice": 0.8702900231001927,
  "training_history": {
    "train_loss": [
      0.7998755776012937,
      0.4411767873292168,
      0.37947037008901435,
      0.34661201232423383,
      0.3212717343121767,
      0.303032315025727,
      0.28929079913844663,
      0.27588073955848813,
      0.2600568948934476,
      0.24746008698518077,
      0.24207172511766353,
      0.23341810734321675,
      0.2310132565908134,
      0.22206573731576404,
      0.2165695937971274,
      0.20907135478531322,
      0.20557551085948944,
      0.1972467014566064,
      0.19315672044952711,
      0.1898395048143963,
      0.18600798677653074,
      0.18554742711906633,
      0.18142704029257098,
      0.1727267480455339,
      0.17399749408165613,
      0.1710720912863811,
      0.16532012168318033,
      0.16178314574062824,
      0.16290440006802479,
      0.15967662694553533,
      0.15724934420237938,
      0.15451642343153557,
      0.15169545526926717,
      0.15165995651235184,
      0.14793436555191875,
      0.14562763134017587,
      0.14501135416018465,
      0.1437664022669196,
      0.1450467895095547,
      0.14169928159875175,
      0.1375415699246029,
      0.13516963048217198,
      0.1347687173789988,
      0.13159479581130049,
      0.13252670682656267,
      0.13257539186937115,
      0.13058079786909124,
      0.13015769336683056,
      0.12732741477278373,
      0.12453103717416525,
      0.12345089794447024,
      0.12998802005313337,
      0.12386923764521877,
      0.1207847079106917,
      0.11875763186253607,
      0.11810737421425681,
      0.11659192526713014,
      0.1133676734752953,
      0.11351339441413681,
      0.11250698170624673,
      0.1101197343474875,
      0.10928943830852707,
      0.11029226410513122,
      0.10823032531576852,
      0.10721168317832053,
      0.10782579930188756,
      0.1066489676789691,
      0.10719067378280063,
      0.1053774905546258,
      0.10322102275677025,
      0.10304279555566609,
      0.1023653713054955,
      0.10167900643621881
    ],
    "val_macro_dice": [
      0.8071279247825287,
      0.820153492024222,
      0.810187918767491,
      0.8436940620354387,
      0.8566181957695923,
      0.8444008842679098,
      0.8350348669699547,
      0.8601799772032734,
      0.8621415728760184,
      0.8625156727125102,
      0.8679029503456857,
      0.8613828903552313,
      0.8748325639555065,
      0.8682315889312768,
      0.8576470336112484,
      0.8691278960735063,
      0.8672905476278056,
      0.8657964162185802,
      0.8710793921840736,
      0.8711048621013934,
      0.8749043105238443,
      0.8665924759989675,
      0.8710625179451973,
      0.8677522952476417,
      0.8733276454859187,
      0.8687637928336719,
      0.8705526756673639,
      0.8736198130184851,
      0.8707126816535791,
      0.8731915294324893,
      0.8751657359446843,
      0.8779609998381575,
      0.875641604560502,
      0.8703184509734988,
      0.8737757960151447,
      0.8752948124681023,
      0.8752213236649246,
      0.8716271656475215,
      0.8770942820514076,
      0.8772758348834655,
      0.8789886348403693,
      0.879090394196605,
      0.8786533519822882,
      0.878173058948906,
      0.8771032526132628,
      0.8792797119370984,
      0.8792596476425584,
      0.8768514503532346,
      0.8757565153577481,
      0.878355522805606,
      0.8765419720665729,
      0.8760971634478546,
      0.8809600785213707,
      0.8762161154177085,
      0.8782758367521474,
      0.8801575114285928,
      0.8785354234800714,
      0.8797078544332866,
      0.8800869803897972,
      0.8769174271108876,
      0.8786733108455248,
      0.8789398036467354,
      0.877134945821373,
      0.8802087631014718,
      0.8785068527303279,
      0.8778613199982748,
      0.8773452583921458,
      0.8781173755668416,
      0.8790995702332299,
      0.878538481635759,
      0.8797315590650117,
      0.8780032697499306,
      0.879185130743103
    ],
    "lr": [
      0.0009997532801828658,
      0.0009990133642141358,
      0.00099778098230154,
      0.000996057350657239,
      0.0009938441702975688,
      0.0009911436253643444,
      0.0009879583809693736,
      0.0009842915805643154,
      0.0009801468428384714,
      0.0009755282581475767,
      0.0009704403844771127,
      0.0009648882429441257,
      0.0009588773128419905,
      0.0009524135262330098,
      0.0009455032620941839,
      0.0009381533400219318,
      0.0009303710135019719,
      0.0009221639627510076,
      0.000913540287137281,
      0.0009045084971874739,
      0.0008950775061878452,
      0.0008852566213878947,
      0.0008750555348152298,
      0.0008644843137107057,
      0.0008535533905932737,
      0.0008422735529643444,
      0.0008306559326618259,
      0.0008187119948743449,
      0.0008064535268264883,
      0.0007938926261462367,
      0.0007810416889260654,
      0.0007679133974894983,
      0.0007545207078751857,
      0.0007408768370508577,
      0.0007269952498697734,
      0.0007128896457825364,
      0.0006985739453173903,
      0.0006840622763423391,
      0.0006693689601226458,
      0.0006545084971874737,
      0.0006394955530196147,
      0.0006243449435824273,
      0.0006090716206982714,
      0.0005936906572928625,
      0.0005782172325201156,
      0.0005626666167821523,
      0.0005470541566592572,
      0.0005313952597646569,
      0.0005157053795390643,
      0.0005000000000000002,
      0.00048429462046093607,
      0.0004686047402353435,
      0.000452945843340743,
      0.00043733338321784806,
      0.0004217827674798847,
      0.00040630934270713783,
      0.000390928379301729,
      0.0003756550564175727,
      0.00036050444698038553,
      0.00034549150281252655,
      0.0003306310398773544,
      0.00031593772365766127,
      0.0003014260546826097,
      0.0002871103542174637,
      0.0002730047501302267,
      0.00025912316294914234,
      0.0002454792921248144,
      0.00023208660251050164,
      0.00021895831107393473,
      0.00020610737385376356,
      0.00019354647317351177,
      0.0001812880051256552,
      0.00016934406733817422
    ]
  },
  "best_val_dice": 0.8809600785213707,
  "best_epoch": 53,
  "per_slice_metrics_file": "dinov3_vits16_conv_decoder_20260429_161919_per_slice.csv",
  "n_test_slices": 916,
  "per_stack_metrics_file": "dinov3_vits16_conv_decoder_20260429_161919_per_stack.csv",
  "n_test_stacks": 100
}
