{
  "config": {
    "dataset": "acdc",
    "backbone": "dinov3",
    "model_name": "dinov3_vits16",
    "decoder": "unetr",
    "embed_dim": 384,
    "cache_layers": [
      3,
      6,
      9,
      11
    ],
    "probe_layers": [
      3,
      6,
      9,
      11
    ],
    "lr": 0.001,
    "weight_decay": 0.0001,
    "batch_size": 16,
    "n_epochs": 1,
    "patience": 20,
    "seed": 0,
    "trainable_params": 31016868
  },
  "per_class_dice": {
    "BG": 0.9647284935448578,
    "RV": 0.7324750857148059,
    "MYO": 0.5854507811278501,
    "LV": 0.84768864989384
  },
  "macro_dice": 0.721871505578832,
  "training_history": {
    "train_loss": [
      1.244655720392863
    ],
    "val_macro_dice": [
      0.743206437981386
    ],
    "lr": [
      0.0
    ]
  },
  "best_val_dice": 0.743206437981386,
  "best_epoch": 1
}