{
  "config": {
    "dataset": "acdc",
    "backbone": "dinov3",
    "model_name": "dinov3_vitl16",
    "decoder": "unetr",
    "embed_dim": 1024,
    "cache_layers": [
      5,
      11,
      17,
      23
    ],
    "probe_layers": [
      5,
      11,
      17,
      23
    ],
    "lr": 0.001,
    "weight_decay": 0.001,
    "batch_size": 16,
    "n_epochs": 100,
    "patience": 20,
    "seed": 0,
    "trainable_params": 48220068
  },
  "per_class_dice": {
    "BG": 0.9901235867133883,
    "RV": 0.8785436980685652,
    "MYO": 0.8238748926782208,
    "LV": 0.9363004107166271
  },
  "macro_dice": 0.8795730004878043,
  "training_history": {
    "train_loss": [
      1.988950530687968,
      1.1430390924215317,
      0.7254815946022669,
      0.5549406384428343,
      0.451135590672493,
      0.40193913877010345,
      0.36499732981125516,
      0.3364720419049263,
      0.3331283852458,
      0.3199326495329539,
      0.29352542012929916,
      0.2716037866969903,
      0.2638269104063511,
      0.24659689515829086,
      0.23892410844564438,
      0.2375947224597136,
      0.22301564862330756,
      0.21416689455509186,
      0.20027521128455797,
      0.1995723731815815,
      0.19583462054530779,
      0.18798468634486198,
      0.17657935246825218,
      0.16985316947102547,
      0.16306130091349283,
      0.1557777871688207,
      0.14754810308416685,
      0.14676537116368613,
      0.15357677514354387,
      0.1406413825849692,
      0.13529296095172563,
      0.13403919835885367,
      0.12998397834599018,
      0.12638813567658266,
      0.12012545578181744,
      0.11866599755982558,
      0.11488691655298074,
      0.11278608627617359,
      0.1082946186264356,
      0.10393555959065755,
      0.10076013517876466,
      0.0968299141774575,
      0.09514930099248886,
      0.0938773366312186,
      0.09321368051071961,
      0.09196838115652402,
      0.09078773918251197
    ],
    "val_macro_dice": [
      0.3713118008214253,
      0.6122747742833031,
      0.6527649067906564,
      0.8144795270505956,
      0.8076358004856181,
      0.7920991116485787,
      0.8527219089674324,
      0.847537250731933,
      0.8094801535870361,
      0.8560920298235014,
      0.8615206106308841,
      0.8475683651396806,
      0.8638589839208693,
      0.8577958717206591,
      0.8555418116506708,
      0.8690756917842094,
      0.8883525925973444,
      0.876403843351556,
      0.8813310351118275,
      0.8763609742090367,
      0.8726663073525641,
      0.8734791890844916,
      0.8804018854049248,
      0.8759339412186984,
      0.8816013084804147,
      0.8885662055969034,
      0.8959181830642842,
      0.8646130748974068,
      0.8877537837666813,
      0.8840160075186732,
      0.8824810179082484,
      0.8857345400805429,
      0.8840577301648983,
      0.887614327680898,
      0.8956904740304529,
      0.8919141463632103,
      0.8858706330484626,
      0.8906356763522659,
      0.8883792918828388,
      0.8914867828687388,
      0.8919972713160512,
      0.8908370648461766,
      0.893908722828655,
      0.8942785635930468,
      0.8895965302248644,
      0.8949367426286802,
      0.8916758929137513
    ],
    "lr": [
      0.0009997532801828658,
      0.0009990133642141358,
      0.00099778098230154,
      0.000996057350657239,
      0.0009938441702975688,
      0.0009911436253643444,
      0.0009879583809693736,
      0.0009842915805643154,
      0.0009801468428384714,
      0.0009755282581475767,
      0.0009704403844771127,
      0.0009648882429441257,
      0.0009588773128419905,
      0.0009524135262330098,
      0.0009455032620941839,
      0.0009381533400219318,
      0.0009303710135019719,
      0.0009221639627510076,
      0.000913540287137281,
      0.0009045084971874739,
      0.0008950775061878452,
      0.0008852566213878947,
      0.0008750555348152298,
      0.0008644843137107057,
      0.0008535533905932737,
      0.0008422735529643444,
      0.0008306559326618259,
      0.0008187119948743449,
      0.0008064535268264883,
      0.0007938926261462367,
      0.0007810416889260654,
      0.0007679133974894983,
      0.0007545207078751857,
      0.0007408768370508577,
      0.0007269952498697734,
      0.0007128896457825364,
      0.0006985739453173903,
      0.0006840622763423391,
      0.0006693689601226458,
      0.0006545084971874737,
      0.0006394955530196147,
      0.0006243449435824273,
      0.0006090716206982714,
      0.0005936906572928625,
      0.0005782172325201156,
      0.0005626666167821523,
      0.0005470541566592572
    ]
  },
  "best_val_dice": 0.8959181830642842,
  "best_epoch": 27,
  "per_sample_metrics_file": "dinov3_vitl16_unetr_20260430_121027_per_sample.csv",
  "n_test_samples": 100,
  "per_slice_metrics_file": "dinov3_vitl16_unetr_20260430_121027_per_slice.csv",
  "n_test_slices": 916
}
