{
  "config": {
    "dataset": "acdc",
    "backbone": "dinov3",
    "model_name": "dinov3_vitb16",
    "decoder": "unetr",
    "embed_dim": 768,
    "cache_layers": [
      3,
      6,
      9,
      11
    ],
    "probe_layers": [
      3,
      6,
      9,
      11
    ],
    "lr": 0.001,
    "weight_decay": 0.001,
    "batch_size": 16,
    "n_epochs": 100,
    "patience": 20,
    "seed": 0,
    "trainable_params": 41338788
  },
  "per_class_dice": {
    "BG": 0.990035566131052,
    "RV": 0.8821969212978897,
    "MYO": 0.822843510727938,
    "LV": 0.9351151840608712
  },
  "macro_dice": 0.8800518720288997,
  "training_history": {
    "train_loss": [
      1.8180876274903615,
      0.9732026507457098,
      0.6873693267504374,
      0.5641322458783785,
      0.4565610811114311,
      0.40548015882571536,
      0.3699140523870786,
      0.33908358712991077,
      0.32870807747046155,
      0.3184197098016739,
      0.2975572670499484,
      0.2783593287070592,
      0.2678346385558446,
      0.2487389792998632,
      0.2566015546520551,
      0.25143582249681157,
      0.2276079741617044,
      0.2158181145787239,
      0.2047910913825035,
      0.2068053868909677,
      0.22182318940758705,
      0.20054328565796217,
      0.1849889929095904,
      0.17632428059975305,
      0.16793419296542803,
      0.1585675266881784,
      0.15200158581137657,
      0.1476640390853087,
      0.14420962954560915,
      0.15762348969777426,
      0.14939801394939423,
      0.14164965723951659,
      0.13686935106913248,
      0.13065907545387745,
      0.12233492856224377,
      0.12080186170836289,
      0.1164039106418689,
      0.11507656735678513,
      0.11480057115356128,
      0.11382173063854377,
      0.11218894459307194,
      0.10618880453209083,
      0.10265890384713809,
      0.10089115301767985,
      0.09939646037916343,
      0.09483112208545208,
      0.09115412086248398,
      0.09077949201067288,
      0.09064414228002231,
      0.0874461717903614,
      0.0857946357379357
    ],
    "val_macro_dice": [
      0.4406196511139669,
      0.5850711265549563,
      0.6490377301427322,
      0.8219906828628343,
      0.7925493961349823,
      0.8162232344236143,
      0.8237833382475596,
      0.8412635081858677,
      0.8260837773691515,
      0.8586955992103515,
      0.8663204969524817,
      0.8508597333299446,
      0.8705562033131405,
      0.850942253058739,
      0.8511223290623472,
      0.8553683333343011,
      0.8796179190390904,
      0.8717430525777168,
      0.8893529614622192,
      0.8624292009444509,
      0.8698003516967109,
      0.8732911614731224,
      0.8733971728940934,
      0.8804174069110204,
      0.8880325630369096,
      0.8861176641051172,
      0.8884032686288516,
      0.8928773899212848,
      0.874975843498968,
      0.8756298846118752,
      0.8958280759068765,
      0.8763191609858864,
      0.889172686564191,
      0.8879085503763996,
      0.8925182685560359,
      0.8903531328676696,
      0.8903364345988721,
      0.89101564943214,
      0.8868628225639963,
      0.8814184429144082,
      0.8875824289872426,
      0.8932284426116738,
      0.8931006346586545,
      0.8930245388799407,
      0.889746560636608,
      0.8919519202571616,
      0.8916786725242898,
      0.8914248625949094,
      0.8914575053899707,
      0.8865342238475499,
      0.8889239156047583
    ],
    "lr": [
      0.0009997532801828658,
      0.0009990133642141358,
      0.00099778098230154,
      0.000996057350657239,
      0.0009938441702975688,
      0.0009911436253643444,
      0.0009879583809693736,
      0.0009842915805643154,
      0.0009801468428384714,
      0.0009755282581475767,
      0.0009704403844771127,
      0.0009648882429441257,
      0.0009588773128419905,
      0.0009524135262330098,
      0.0009455032620941839,
      0.0009381533400219318,
      0.0009303710135019719,
      0.0009221639627510076,
      0.000913540287137281,
      0.0009045084971874739,
      0.0008950775061878452,
      0.0008852566213878947,
      0.0008750555348152298,
      0.0008644843137107057,
      0.0008535533905932737,
      0.0008422735529643444,
      0.0008306559326618259,
      0.0008187119948743449,
      0.0008064535268264883,
      0.0007938926261462367,
      0.0007810416889260654,
      0.0007679133974894983,
      0.0007545207078751857,
      0.0007408768370508577,
      0.0007269952498697734,
      0.0007128896457825364,
      0.0006985739453173903,
      0.0006840622763423391,
      0.0006693689601226458,
      0.0006545084971874737,
      0.0006394955530196147,
      0.0006243449435824273,
      0.0006090716206982714,
      0.0005936906572928625,
      0.0005782172325201156,
      0.0005626666167821523,
      0.0005470541566592572,
      0.0005313952597646569,
      0.0005157053795390643,
      0.0005000000000000002,
      0.00048429462046093607
    ]
  },
  "best_val_dice": 0.8958280759068765,
  "best_epoch": 31,
  "per_sample_metrics_file": "dinov3_vitb16_unetr_20260430_101634_per_sample.csv",
  "n_test_samples": 100,
  "per_slice_metrics_file": "dinov3_vitb16_unetr_20260430_101634_per_slice.csv",
  "n_test_slices": 916
}
