{
  "config": {
    "dataset": "acdc",
    "backbone": "dinov3",
    "model_name": "dinov3_vits16",
    "decoder": "linear_probe",
    "embed_dim": 384,
    "cache_layers": [
      3,
      6,
      9,
      11
    ],
    "probe_layers": [
      11
    ],
    "lr": 0.001,
    "weight_decay": 0.001,
    "batch_size": 16,
    "n_epochs": 100,
    "patience": 20,
    "seed": 0,
    "trainable_params": 2308
  },
  "per_class_dice": {
    "BG": 0.9824173128839673,
    "RV": 0.742504043083644,
    "MYO": 0.6770956821072869,
    "LV": 0.8539405103055409
  },
  "macro_dice": 0.7578467451654906,
  "training_history": {
    "train_loss": [
      1.585821098337571,
      0.7116649337112904,
      0.5728088368972143,
      0.5260433377698064,
      0.50976061138014,
      0.49316361732780933,
      0.4828910104309519,
      0.47151318316658336,
      0.46673285992195207,
      0.4599603187913696,
      0.45192754206558067,
      0.4538001948967576,
      0.4485603890692194,
      0.44291877932846546,
      0.44394594213614863,
      0.43858337805916864,
      0.4396921669443448,
      0.43778343095133704,
      0.44257688087721664,
      0.43702303680280846,
      0.4386893380433321,
      0.4350898539026578,
      0.43469213663289946,
      0.4316178954516848,
      0.4346442784493168,
      0.43657204570869607,
      0.4321504672989249,
      0.43048457242548466,
      0.4330107339968284,
      0.43384986960639554,
      0.429835748548309,
      0.42856841317067546,
      0.4305370456228654,
      0.4263462610542774,
      0.43130985368043184,
      0.43047030083835125,
      0.42708011406163376,
      0.42733739378551644,
      0.4269421088198821,
      0.4271639905249079,
      0.43241918614755076,
      0.42387440738578636,
      0.4266275443757574,
      0.423250204573075,
      0.4292867925638954,
      0.4266580178712805,
      0.4314387682825327,
      0.42753586545586586,
      0.42518316271404427,
      0.4261763763303558,
      0.4275213253373901,
      0.42538205565263826,
      0.4221419667204221,
      0.4272851801166932,
      0.4243020048985879,
      0.4218599973246455,
      0.424485861013333,
      0.4280933157230417,
      0.42587072619547445,
      0.424384421048065,
      0.42668659208963317,
      0.42169005051255226,
      0.4265603069216013,
      0.4174764510244131,
      0.4240918743113677,
      0.4245850881561637,
      0.4192207210386793,
      0.42326813532660407,
      0.42359276426335174,
      0.42191079010566074,
      0.42294004652649164,
      0.42712851768980425,
      0.4237969992682338,
      0.42077315133064985,
      0.4249043756475051,
      0.42134790619214374,
      0.4227401027455926,
      0.4246924181158344,
      0.4226942885046204,
      0.421926982079943,
      0.42334530502557755,
      0.42094613549609977,
      0.4195127533748746
    ],
    "val_macro_dice": [
      0.6695640573791132,
      0.7108180359485808,
      0.7188326933484653,
      0.7317389818072838,
      0.7388072571788783,
      0.7432202091369581,
      0.7457063162825163,
      0.7476529401099699,
      0.754045594990877,
      0.756449888086468,
      0.7536578795297234,
      0.7591346016286229,
      0.7588903206117869,
      0.7600154818345425,
      0.7600123940129193,
      0.7619778097961033,
      0.7640982760384816,
      0.7599407457044531,
      0.7653395532579821,
      0.7662521292473724,
      0.7646957801763961,
      0.7659273308307606,
      0.7645920763421289,
      0.7663220404951373,
      0.7647072589925115,
      0.7659021694736855,
      0.7684822045006389,
      0.7694170482367602,
      0.7689612962675468,
      0.7695488382349326,
      0.7692649895901934,
      0.7680663336381333,
      0.7697946150835527,
      0.7665391984882595,
      0.7671687207760008,
      0.7665982616591761,
      0.7672350489257949,
      0.768169894184105,
      0.7694879062534848,
      0.7686499173158748,
      0.7689447060932825,
      0.7696534862762775,
      0.7684449951259348,
      0.7677650693617921,
      0.7711668537524372,
      0.7706159156405743,
      0.7701089332119547,
      0.7709557398888421,
      0.7702147410943684,
      0.7697565837998678,
      0.7697652526589674,
      0.7716903684915862,
      0.7698279544820871,
      0.7708079999683709,
      0.7710844415546082,
      0.770461954805017,
      0.7716075091989524,
      0.7709518132618407,
      0.7714032805946482,
      0.7720824431222427,
      0.7712276510785604,
      0.7706166675920549,
      0.7726868060135271,
      0.7703908707692105,
      0.772033778308787,
      0.7721100700315257,
      0.7718841101897121,
      0.7696040558421101,
      0.771747918669702,
      0.7706623103356177,
      0.7703362010648754,
      0.7709277144042638,
      0.7693991429233685,
      0.7713624286708871,
      0.771484234364788,
      0.7706769861861499,
      0.7719312232185166,
      0.771197251739412,
      0.7706449810240485,
      0.7713764802708548,
      0.771455944446855,
      0.7710261326958339,
      0.7720242282743471
    ],
    "lr": [
      0.0009997532801828658,
      0.0009990133642141358,
      0.00099778098230154,
      0.000996057350657239,
      0.0009938441702975688,
      0.0009911436253643444,
      0.0009879583809693736,
      0.0009842915805643154,
      0.0009801468428384714,
      0.0009755282581475767,
      0.0009704403844771127,
      0.0009648882429441257,
      0.0009588773128419905,
      0.0009524135262330098,
      0.0009455032620941839,
      0.0009381533400219318,
      0.0009303710135019719,
      0.0009221639627510076,
      0.000913540287137281,
      0.0009045084971874739,
      0.0008950775061878452,
      0.0008852566213878947,
      0.0008750555348152298,
      0.0008644843137107057,
      0.0008535533905932737,
      0.0008422735529643444,
      0.0008306559326618259,
      0.0008187119948743449,
      0.0008064535268264883,
      0.0007938926261462367,
      0.0007810416889260654,
      0.0007679133974894983,
      0.0007545207078751857,
      0.0007408768370508577,
      0.0007269952498697734,
      0.0007128896457825364,
      0.0006985739453173903,
      0.0006840622763423391,
      0.0006693689601226458,
      0.0006545084971874737,
      0.0006394955530196147,
      0.0006243449435824273,
      0.0006090716206982714,
      0.0005936906572928625,
      0.0005782172325201156,
      0.0005626666167821523,
      0.0005470541566592572,
      0.0005313952597646569,
      0.0005157053795390643,
      0.0005000000000000002,
      0.00048429462046093607,
      0.0004686047402353435,
      0.000452945843340743,
      0.00043733338321784806,
      0.0004217827674798847,
      0.00040630934270713783,
      0.000390928379301729,
      0.0003756550564175727,
      0.00036050444698038553,
      0.00034549150281252655,
      0.0003306310398773544,
      0.00031593772365766127,
      0.0003014260546826097,
      0.0002871103542174637,
      0.0002730047501302267,
      0.00025912316294914234,
      0.0002454792921248144,
      0.00023208660251050164,
      0.00021895831107393473,
      0.00020610737385376356,
      0.00019354647317351177,
      0.0001812880051256552,
      0.00016934406733817422,
      0.0001577264470356557,
      0.00014644660940672634,
      0.0001355156862892944,
      0.00012494446518477025,
      0.00011474337861210548,
      0.00010492249381215483,
      9.549150281252637e-05,
      8.645971286271918e-05,
      7.78360372489926e-05,
      6.962898649802815e-05
    ]
  },
  "best_val_dice": 0.7726868060135271,
  "best_epoch": 63,
  "per_slice_metrics_file": "dinov3_vits16_linear_probe_20260429_161426_per_slice.csv",
  "n_test_slices": 916,
  "per_stack_metrics_file": "dinov3_vits16_linear_probe_20260429_161426_per_stack.csv",
  "n_test_stacks": 100
}
