{
  "config": {
    "dataset": "acdc",
    "backbone": "dinov3",
    "model_name": "dinov3_vitb16",
    "decoder": "conv_decoder",
    "embed_dim": 768,
    "cache_layers": [
      3,
      6,
      9,
      11
    ],
    "probe_layers": [
      3,
      6,
      9,
      11
    ],
    "lr": 0.001,
    "weight_decay": 0.001,
    "batch_size": 16,
    "n_epochs": 100,
    "patience": 20,
    "seed": 0,
    "trainable_params": 3687428
  },
  "per_class_dice": {
    "BG": 0.990786644601695,
    "RV": 0.8733898781951747,
    "MYO": 0.8259471860791023,
    "LV": 0.9254181527147161
  },
  "macro_dice": 0.8749184056629976,
  "training_history": {
    "train_loss": [
      0.762449593283236,
      0.40968031994998455,
      0.34661543803910416,
      0.3159899938230713,
      0.2925191802593569,
      0.27578479672471684,
      0.2596995866236587,
      0.2404823706795772,
      0.23118537835155925,
      0.2186302567521731,
      0.20708561843882003,
      0.20299803372472525,
      0.1982248288889726,
      0.19444914069026709,
      0.18506148317828774,
      0.18490729434415698,
      0.1756103664326171,
      0.17409495698908964,
      0.1651202531841894,
      0.16223682401080927,
      0.15827858230719963,
      0.15692449609438577,
      0.15336370173220834,
      0.15152290742844343,
      0.14772466911623874,
      0.1459331571434935,
      0.14576085338679454,
      0.13878747650111714,
      0.1381203158913801,
      0.13487855376054844,
      0.13388976020117602,
      0.1314660895926257,
      0.1309337675726662,
      0.13102481964354715,
      0.12787951692007482,
      0.12806979287415743,
      0.1225530260708183,
      0.12255345882537465,
      0.12207747724217673,
      0.11885455685357253,
      0.11764000589028001,
      0.11670995395009716,
      0.11455271990659337,
      0.11321292445063591,
      0.11438950283142428,
      0.11505596269853413,
      0.11431959317997098,
      0.11168175074271858,
      0.1077917479754736,
      0.10611758722613256,
      0.10602908208966255,
      0.10647530108690262,
      0.10569411873196562,
      0.10179552203044295,
      0.10134286107495427,
      0.098589043210571,
      0.09772652612688641,
      0.09710569291686018,
      0.09741668434192736,
      0.09437563681664567,
      0.09370423977573712,
      0.09201189572922885
    ],
    "val_macro_dice": [
      0.819394847663932,
      0.8422359428175922,
      0.8042728258465748,
      0.8661132199696547,
      0.8694085155963346,
      0.8549835274448104,
      0.8694340447080434,
      0.871749687159863,
      0.8630632289988366,
      0.874379981060445,
      0.8774871791761619,
      0.8720512087613855,
      0.8831774945822968,
      0.8751742462474801,
      0.8464811377860789,
      0.8778315654572798,
      0.878241895248006,
      0.8774861388476944,
      0.8801652411480099,
      0.8788003332305431,
      0.8849085131933386,
      0.8755648228043768,
      0.8791131154911875,
      0.8758842309233262,
      0.8720479802585418,
      0.8738636332405806,
      0.8830195241895545,
      0.8744112773802318,
      0.8764680005822312,
      0.8783727789576184,
      0.8777020170542628,
      0.8819292018234374,
      0.8802913091886606,
      0.8750864811052924,
      0.8752513620496652,
      0.8820549522507841,
      0.8856168669987938,
      0.8763321077759788,
      0.8785600528831229,
      0.8834623977900007,
      0.8814067224024864,
      0.8862511229620799,
      0.8812319814617604,
      0.8772438342762917,
      0.8797055602661795,
      0.8781525839234594,
      0.8828021171751131,
      0.8801225412665726,
      0.8751617943913645,
      0.8813184661813184,
      0.8784934417813717,
      0.8821255280890073,
      0.8802264294498622,
      0.881149682341842,
      0.8816795542152537,
      0.882270149007613,
      0.8774725370065747,
      0.8817747171794698,
      0.88179017909544,
      0.8810933418959618,
      0.8815715737057911,
      0.8830323817176317
    ],
    "lr": [
      0.0009997532801828658,
      0.0009990133642141358,
      0.00099778098230154,
      0.000996057350657239,
      0.0009938441702975688,
      0.0009911436253643444,
      0.0009879583809693736,
      0.0009842915805643154,
      0.0009801468428384714,
      0.0009755282581475767,
      0.0009704403844771127,
      0.0009648882429441257,
      0.0009588773128419905,
      0.0009524135262330098,
      0.0009455032620941839,
      0.0009381533400219318,
      0.0009303710135019719,
      0.0009221639627510076,
      0.000913540287137281,
      0.0009045084971874739,
      0.0008950775061878452,
      0.0008852566213878947,
      0.0008750555348152298,
      0.0008644843137107057,
      0.0008535533905932737,
      0.0008422735529643444,
      0.0008306559326618259,
      0.0008187119948743449,
      0.0008064535268264883,
      0.0007938926261462367,
      0.0007810416889260654,
      0.0007679133974894983,
      0.0007545207078751857,
      0.0007408768370508577,
      0.0007269952498697734,
      0.0007128896457825364,
      0.0006985739453173903,
      0.0006840622763423391,
      0.0006693689601226458,
      0.0006545084971874737,
      0.0006394955530196147,
      0.0006243449435824273,
      0.0006090716206982714,
      0.0005936906572928625,
      0.0005782172325201156,
      0.0005626666167821523,
      0.0005470541566592572,
      0.0005313952597646569,
      0.0005157053795390643,
      0.0005000000000000002,
      0.00048429462046093607,
      0.0004686047402353435,
      0.000452945843340743,
      0.00043733338321784806,
      0.0004217827674798847,
      0.00040630934270713783,
      0.000390928379301729,
      0.0003756550564175727,
      0.00036050444698038553,
      0.00034549150281252655,
      0.0003306310398773544,
      0.00031593772365766127
    ]
  },
  "best_val_dice": 0.8862511229620799,
  "best_epoch": 42,
  "per_slice_metrics_file": "dinov3_vitb16_conv_decoder_20260430_090217_per_slice.csv",
  "n_test_slices": 916,
  "per_stack_metrics_file": "dinov3_vitb16_conv_decoder_20260430_090217_per_stack.csv",
  "n_test_stacks": 100
}
