{
  "config": {
    "dataset": "acdc",
    "backbone": "dinov3",
    "model_name": "dinov3_vits16",
    "decoder": "conv_decoder",
    "embed_dim": 384,
    "cache_layers": [
      3,
      6,
      9,
      11
    ],
    "probe_layers": [
      3,
      6,
      9,
      11
    ],
    "lr": 0.001,
    "weight_decay": 0.0001,
    "batch_size": 16,
    "n_epochs": 1,
    "patience": 20,
    "seed": 0,
    "trainable_params": 1917956
  },
  "per_class_dice": {
    "BG": 0.9804353206758727,
    "RV": 0.7674402231949805,
    "MYO": 0.7313265095514568,
    "LV": 0.8922052264849551
  },
  "macro_dice": 0.7969906530771308,
  "training_history": {
    "train_loss": [
      0.7606018433968226
    ],
    "val_macro_dice": [
      0.8118364788458207
    ],
    "lr": [
      0.0
    ]
  },
  "best_val_dice": 0.8118364788458207,
  "best_epoch": 1,
  "per_sample_metrics_file": "dinov3_vits16_conv_decoder_20260416_104116_per_sample.csv",
  "n_test_samples": 916
}