{
  "config": {
    "dataset": "acdc",
    "backbone": "dinov3",
    "model_name": "dinov3_vits16",
    "decoder": "unetr",
    "embed_dim": 384,
    "cache_layers": [
      3,
      6,
      9,
      11
    ],
    "probe_layers": [
      3,
      6,
      9,
      11
    ],
    "lr": 0.001,
    "weight_decay": 0.001,
    "batch_size": 16,
    "n_epochs": 100,
    "patience": 20,
    "seed": 0,
    "trainable_params": 31016868
  },
  "per_class_dice": {
    "BG": 0.9902864017816052,
    "RV": 0.8689523947606649,
    "MYO": 0.8153327600007092,
    "LV": 0.9304397158806793
  },
  "macro_dice": 0.8715749568806844,
  "training_history": {
    "train_loss": [
      2.343893120686213,
      1.6689836780230205,
      0.8907832652330399,
      0.6135954260826111,
      0.4821411892771721,
      0.40577130764722824,
      0.37689651052157086,
      0.3452802474300067,
      0.3294108708699544,
      0.30101190507411957,
      0.2931968222061793,
      0.2741092269619306,
      0.26941005637248355,
      0.2510332365830739,
      0.24184763307372728,
      0.2437227542201678,
      0.21972900753219923,
      0.2147710993885994,
      0.2103403409322103,
      0.215726005534331,
      0.23162679622570673,
      0.21359913051128387,
      0.21119351560870805,
      0.19084366783499718,
      0.1758017192284266,
      0.16542709494630495,
      0.1579450716574987,
      0.15493350848555565,
      0.15210002536574999,
      0.15512646486361822,
      0.15928691501418749,
      0.15465194980303446,
      0.14898383369048437,
      0.14231053739786148,
      0.13706436132391295,
      0.13479125996430716,
      0.13010856012503305,
      0.127748961870869,
      0.13013540456692377,
      0.12608875458439192,
      0.12165602731208007,
      0.1163882886370023,
      0.11909916003545125,
      0.11296543168524902,
      0.1094954131791989,
      0.111696341385444,
      0.10957355859378974,
      0.11737164047857125,
      0.10840788235267003,
      0.10752019472420216,
      0.10561393635968368,
      0.10410401100913684,
      0.1016659854600827,
      0.09881903976202011,
      0.09482743591070175,
      0.09287113820513089,
      0.09045655528704326,
      0.0896905983487765,
      0.08782859829564889,
      0.08722210923830669,
      0.08573410473763943,
      0.08540329275031884,
      0.0842983815819025,
      0.08238096473117669,
      0.08236622251570225,
      0.08219680252174537,
      0.0819459402312835
    ],
    "val_macro_dice": [
      0.22817592965821054,
      0.5317639520462567,
      0.6761286196927876,
      0.8032925860711179,
      0.8111481612356574,
      0.7838688828816321,
      0.8319790525189514,
      0.8392759339402392,
      0.8417745343016995,
      0.8564938556162556,
      0.8512686686573896,
      0.8519179890035432,
      0.8486575326494399,
      0.8417805966927289,
      0.8350666987053259,
      0.86779265682957,
      0.8763144864460162,
      0.86303302440175,
      0.8725913996039951,
      0.8378206998118243,
      0.8535289452742129,
      0.8470542448551334,
      0.864839392641235,
      0.8722877644699274,
      0.8742573698199867,
      0.8749555425010064,
      0.8832995177964976,
      0.8750468001861927,
      0.8726671705930992,
      0.8605290632016113,
      0.8843237518192785,
      0.8742677701100666,
      0.8732773702530682,
      0.8777906186540699,
      0.8768295767100153,
      0.8786372954070701,
      0.8810962989801349,
      0.8757762283009631,
      0.8762277122919873,
      0.8837559871095912,
      0.8811815783720868,
      0.8741125739751238,
      0.8839107764609974,
      0.8798874775190643,
      0.8816937839546909,
      0.8803400061498602,
      0.8857508587444004,
      0.8752139663324959,
      0.8766160422497477,
      0.8822872566432514,
      0.8818184233793288,
      0.8779820178529558,
      0.88317791578953,
      0.8848117725199739,
      0.8805487774618209,
      0.8819575095766604,
      0.8833310550517751,
      0.8812433473643416,
      0.8814177994956869,
      0.8818182334747745,
      0.880984167035994,
      0.8817198233363439,
      0.8814551937027075,
      0.8804402066495133,
      0.8813922473171818,
      0.8817784418133865,
      0.8811066958626061
    ],
    "lr": [
      0.0009997532801828658,
      0.0009990133642141358,
      0.00099778098230154,
      0.000996057350657239,
      0.0009938441702975688,
      0.0009911436253643444,
      0.0009879583809693736,
      0.0009842915805643154,
      0.0009801468428384714,
      0.0009755282581475767,
      0.0009704403844771127,
      0.0009648882429441257,
      0.0009588773128419905,
      0.0009524135262330098,
      0.0009455032620941839,
      0.0009381533400219318,
      0.0009303710135019719,
      0.0009221639627510076,
      0.000913540287137281,
      0.0009045084971874739,
      0.0008950775061878452,
      0.0008852566213878947,
      0.0008750555348152298,
      0.0008644843137107057,
      0.0008535533905932737,
      0.0008422735529643444,
      0.0008306559326618259,
      0.0008187119948743449,
      0.0008064535268264883,
      0.0007938926261462367,
      0.0007810416889260654,
      0.0007679133974894983,
      0.0007545207078751857,
      0.0007408768370508577,
      0.0007269952498697734,
      0.0007128896457825364,
      0.0006985739453173903,
      0.0006840622763423391,
      0.0006693689601226458,
      0.0006545084971874737,
      0.0006394955530196147,
      0.0006243449435824273,
      0.0006090716206982714,
      0.0005936906572928625,
      0.0005782172325201156,
      0.0005626666167821523,
      0.0005470541566592572,
      0.0005313952597646569,
      0.0005157053795390643,
      0.0005000000000000002,
      0.00048429462046093607,
      0.0004686047402353435,
      0.000452945843340743,
      0.00043733338321784806,
      0.0004217827674798847,
      0.00040630934270713783,
      0.000390928379301729,
      0.0003756550564175727,
      0.00036050444698038553,
      0.00034549150281252655,
      0.0003306310398773544,
      0.00031593772365766127,
      0.0003014260546826097,
      0.0002871103542174637,
      0.0002730047501302267,
      0.00025912316294914234,
      0.0002454792921248144
    ]
  },
  "best_val_dice": 0.8857508587444004,
  "best_epoch": 47,
  "per_sample_metrics_file": "dinov3_vits16_unetr_20260430_070132_per_sample.csv",
  "n_test_samples": 100,
  "per_slice_metrics_file": "dinov3_vits16_unetr_20260430_070132_per_slice.csv",
  "n_test_slices": 916
}
