{
  "config": {
    "dataset": "acdc",
    "backbone": "dinov3",
    "model_name": "dinov3_vitb16",
    "decoder": "linear_probe",
    "embed_dim": 768,
    "cache_layers": [
      3,
      6,
      9,
      11
    ],
    "probe_layers": [
      11
    ],
    "lr": 0.001,
    "weight_decay": 0.001,
    "batch_size": 16,
    "n_epochs": 100,
    "patience": 20,
    "seed": 0,
    "trainable_params": 4612
  },
  "per_class_dice": {
    "BG": 0.9843577461725835,
    "RV": 0.7707898576257403,
    "MYO": 0.7066508274767601,
    "LV": 0.8700836007543382
  },
  "macro_dice": 0.7825080952856128,
  "training_history": {
    "train_loss": [
      1.3581260082622368,
      0.5459374136601886,
      0.45911430660635233,
      0.43136113199094933,
      0.414936657063663,
      0.4029276141275962,
      0.3970698102687796,
      0.3882696780686577,
      0.3859019773080945,
      0.37812769785523415,
      0.3727364794661601,
      0.37158741739888984,
      0.3733726302161813,
      0.3693622040251891,
      0.36721277857820195,
      0.36731927189975977,
      0.3685823092237115,
      0.3619076594089468,
      0.36803805890182656,
      0.36287838872522116,
      0.36055442069967586,
      0.3627544327949484,
      0.3581395586952567,
      0.35890405531972647,
      0.35757951562603313,
      0.35625624749809504,
      0.3570172116160393,
      0.3571876228476564,
      0.3577697987978657,
      0.35400508375217515,
      0.3571032928302884,
      0.3554036372030775,
      0.35437520407140255,
      0.355419563750426,
      0.35612371501823264,
      0.3571211500093341,
      0.35333794231216115,
      0.3546207655842106,
      0.35531266996016103,
      0.3557763596375783,
      0.3546192431822419,
      0.35388566460460424,
      0.3506373781710863,
      0.35097000064949196,
      0.3528176847224434,
      0.35273436022301513,
      0.35471941468616325,
      0.3548597466821472,
      0.3530530659481883,
      0.3549733515828848,
      0.35199885722249746,
      0.35057341990371543,
      0.35633446493496496,
      0.3539182534441352,
      0.3531590212757389,
      0.35212215781211853,
      0.351823010481894,
      0.3513589706271887,
      0.3536552094543974,
      0.34977098430196446,
      0.35043384848783415,
      0.3528472554559509,
      0.35290526909132797,
      0.35127260194470483,
      0.3494046653310458,
      0.3510885937139392,
      0.35390095474819344,
      0.354908079529802
    ],
    "val_macro_dice": [
      0.7182769405524811,
      0.7491733707753045,
      0.7629961902124127,
      0.768386855653144,
      0.7727178533594614,
      0.7787141822725282,
      0.7812744567158211,
      0.785069495255187,
      0.786594096183693,
      0.7882619724034358,
      0.786400932275868,
      0.7861373948734697,
      0.7901713720834854,
      0.7911703001476994,
      0.7915017019997822,
      0.7926770941846814,
      0.7900074055592884,
      0.7934613758937491,
      0.7914836649893447,
      0.7927255938684273,
      0.7927008734853386,
      0.7939590738933617,
      0.7935609132999165,
      0.7940448270332071,
      0.7947931735285043,
      0.7940685932845918,
      0.7949842344066084,
      0.7948241293196286,
      0.7944553175255068,
      0.7958380693014141,
      0.7964573015403703,
      0.79608090019524,
      0.7970688455407418,
      0.797250347905424,
      0.7956419420483699,
      0.7969010067437033,
      0.7955782994503521,
      0.7934602869147342,
      0.7954133297331826,
      0.7946534380225884,
      0.7963073039052834,
      0.7955092800679404,
      0.796358989173544,
      0.7971567009564894,
      0.7952028168353692,
      0.797155900964595,
      0.7971297770614679,
      0.7983504633338575,
      0.7973225664356951,
      0.7968597572091598,
      0.7976691988424474,
      0.7966779099539782,
      0.7947061257673843,
      0.7951592560189914,
      0.7952067867929961,
      0.7964166547177692,
      0.796394314815357,
      0.7957030913402794,
      0.7978634224642978,
      0.796287274570528,
      0.7977928003499577,
      0.7974346239384541,
      0.7964141661555165,
      0.7962548295974349,
      0.7963785409953937,
      0.7963842433125049,
      0.7966396383549946,
      0.7980238115432235
    ],
    "lr": [
      0.0009997532801828658,
      0.0009990133642141358,
      0.00099778098230154,
      0.000996057350657239,
      0.0009938441702975688,
      0.0009911436253643444,
      0.0009879583809693736,
      0.0009842915805643154,
      0.0009801468428384714,
      0.0009755282581475767,
      0.0009704403844771127,
      0.0009648882429441257,
      0.0009588773128419905,
      0.0009524135262330098,
      0.0009455032620941839,
      0.0009381533400219318,
      0.0009303710135019719,
      0.0009221639627510076,
      0.000913540287137281,
      0.0009045084971874739,
      0.0008950775061878452,
      0.0008852566213878947,
      0.0008750555348152298,
      0.0008644843137107057,
      0.0008535533905932737,
      0.0008422735529643444,
      0.0008306559326618259,
      0.0008187119948743449,
      0.0008064535268264883,
      0.0007938926261462367,
      0.0007810416889260654,
      0.0007679133974894983,
      0.0007545207078751857,
      0.0007408768370508577,
      0.0007269952498697734,
      0.0007128896457825364,
      0.0006985739453173903,
      0.0006840622763423391,
      0.0006693689601226458,
      0.0006545084971874737,
      0.0006394955530196147,
      0.0006243449435824273,
      0.0006090716206982714,
      0.0005936906572928625,
      0.0005782172325201156,
      0.0005626666167821523,
      0.0005470541566592572,
      0.0005313952597646569,
      0.0005157053795390643,
      0.0005000000000000002,
      0.00048429462046093607,
      0.0004686047402353435,
      0.000452945843340743,
      0.00043733338321784806,
      0.0004217827674798847,
      0.00040630934270713783,
      0.000390928379301729,
      0.0003756550564175727,
      0.00036050444698038553,
      0.00034549150281252655,
      0.0003306310398773544,
      0.00031593772365766127,
      0.0003014260546826097,
      0.0002871103542174637,
      0.0002730047501302267,
      0.00025912316294914234,
      0.0002454792921248144,
      0.00023208660251050164
    ]
  },
  "best_val_dice": 0.7983504633338575,
  "best_epoch": 48,
  "per_slice_metrics_file": "dinov3_vitb16_linear_probe_20260421_080857_per_slice.csv",
  "n_test_slices": 916,
  "per_stack_metrics_file": "dinov3_vitb16_linear_probe_20260421_080857_per_stack.csv",
  "n_test_stacks": 100
}