{
  "config": {
    "dataset": "acdc",
    "backbone": "dinov3",
    "model_name": "dinov3_vitb16",
    "decoder": "linear_probe",
    "embed_dim": 768,
    "cache_layers": [
      3,
      6,
      9,
      11
    ],
    "probe_layers": [
      11
    ],
    "lr": 0.001,
    "weight_decay": 0.001,
    "batch_size": 16,
    "n_epochs": 100,
    "patience": 20,
    "seed": 0,
    "trainable_params": 4612
  },
  "per_class_dice": {
    "BG": 0.9842621437722358,
    "RV": 0.7715169803184098,
    "MYO": 0.7054863729019742,
    "LV": 0.8697930468810794
  },
  "macro_dice": 0.7822654667004878,
  "training_history": {
    "train_loss": [
      1.3589846851925056,
      0.5506488264848789,
      0.4643193570276101,
      0.4345073128739993,
      0.4207587397346894,
      0.40649601506690186,
      0.3977286722511053,
      0.39066768779108924,
      0.3853958249092102,
      0.38023933830360573,
      0.376057065402468,
      0.3742354968562722,
      0.3721258416771889,
      0.3724859819437067,
      0.36794361968835193,
      0.36546439056595165,
      0.36785900592803955,
      0.36218160515030223,
      0.3659755013262232,
      0.36495256796479225,
      0.36240469974776107,
      0.3615582262476285,
      0.36194563160339993,
      0.35703973068545264,
      0.3594377478584647,
      0.3592123743146658,
      0.3590761584540208,
      0.35808515300353366,
      0.35423986458530027,
      0.35754298480848473,
      0.3550441786646843,
      0.3533505400021871,
      0.356536320100228,
      0.35663704480975866,
      0.3528360373650988,
      0.3563634253417452,
      0.3534993215774496,
      0.3538990116988619,
      0.35692517055819434,
      0.35517885132382315,
      0.35515048758437234,
      0.35637934692204,
      0.3536629856874545,
      0.35290965531021357,
      0.35465227377911407,
      0.35676809741805,
      0.35381622053682804,
      0.3540812038506071,
      0.3493131085609396,
      0.3521487998465697,
      0.3483143638198574,
      0.35107936213413876,
      0.35358536181350547,
      0.35143314333011705,
      0.3526295581832528,
      0.3510899432003498,
      0.35172850731760263,
      0.35253845776120823,
      0.3522530222932498,
      0.35184116785724956,
      0.35037820010135573,
      0.35112882498651743,
      0.3497027705113093,
      0.3532709727684657,
      0.3506946138416727,
      0.352465876378119,
      0.35215070005506277,
      0.34993065521121025
    ],
    "val_macro_dice": [
      0.7280775923767909,
      0.7549014769484654,
      0.7659096687791069,
      0.7706753920994133,
      0.7747294716998073,
      0.7767890357290331,
      0.7781189062721748,
      0.7809856944597816,
      0.7844124863846645,
      0.787932537684103,
      0.7857579626656545,
      0.7858446255938643,
      0.7914061312288827,
      0.7909167475696514,
      0.7902564968245039,
      0.792129480967294,
      0.790379563960245,
      0.7920825687380701,
      0.7925033094954239,
      0.7931791736849619,
      0.7922807443011491,
      0.7926306401482529,
      0.7952841602480176,
      0.7942115080422383,
      0.7938750159912645,
      0.7940309191351527,
      0.7947420016374359,
      0.7943871116721657,
      0.7951376329362643,
      0.7936975297885978,
      0.7946953214793279,
      0.7931212169191699,
      0.7954871903231694,
      0.7951794987893118,
      0.7941077333393735,
      0.7945905753168218,
      0.795751984632887,
      0.793089629769624,
      0.7940809103872349,
      0.7947043278237583,
      0.7950767627817683,
      0.7939243687045536,
      0.7966079262220646,
      0.7962563010928037,
      0.7964084293028689,
      0.7969549592686459,
      0.7967163872612609,
      0.7975762263365812,
      0.7969465584578499,
      0.7959446869931064,
      0.796499018838769,
      0.794446583805351,
      0.7950217881235929,
      0.7955915687831615,
      0.7953052018468506,
      0.7963983110564046,
      0.7965436274898879,
      0.7968847974508512,
      0.7971321451696319,
      0.7959387399625527,
      0.796348498960653,
      0.7960932466951722,
      0.7946354335420501,
      0.7939645584077019,
      0.7951894188523285,
      0.795913734584706,
      0.7957409462049231,
      0.7961218072662808
    ],
    "lr": [
      0.0009997532801828658,
      0.0009990133642141358,
      0.00099778098230154,
      0.000996057350657239,
      0.0009938441702975688,
      0.0009911436253643444,
      0.0009879583809693736,
      0.0009842915805643154,
      0.0009801468428384714,
      0.0009755282581475767,
      0.0009704403844771127,
      0.0009648882429441257,
      0.0009588773128419905,
      0.0009524135262330098,
      0.0009455032620941839,
      0.0009381533400219318,
      0.0009303710135019719,
      0.0009221639627510076,
      0.000913540287137281,
      0.0009045084971874739,
      0.0008950775061878452,
      0.0008852566213878947,
      0.0008750555348152298,
      0.0008644843137107057,
      0.0008535533905932737,
      0.0008422735529643444,
      0.0008306559326618259,
      0.0008187119948743449,
      0.0008064535268264883,
      0.0007938926261462367,
      0.0007810416889260654,
      0.0007679133974894983,
      0.0007545207078751857,
      0.0007408768370508577,
      0.0007269952498697734,
      0.0007128896457825364,
      0.0006985739453173903,
      0.0006840622763423391,
      0.0006693689601226458,
      0.0006545084971874737,
      0.0006394955530196147,
      0.0006243449435824273,
      0.0006090716206982714,
      0.0005936906572928625,
      0.0005782172325201156,
      0.0005626666167821523,
      0.0005470541566592572,
      0.0005313952597646569,
      0.0005157053795390643,
      0.0005000000000000002,
      0.00048429462046093607,
      0.0004686047402353435,
      0.000452945843340743,
      0.00043733338321784806,
      0.0004217827674798847,
      0.00040630934270713783,
      0.000390928379301729,
      0.0003756550564175727,
      0.00036050444698038553,
      0.00034549150281252655,
      0.0003306310398773544,
      0.00031593772365766127,
      0.0003014260546826097,
      0.0002871103542174637,
      0.0002730047501302267,
      0.00025912316294914234,
      0.0002454792921248144,
      0.00023208660251050164
    ]
  },
  "best_val_dice": 0.7975762263365812,
  "best_epoch": 48,
  "per_slice_metrics_file": "dinov3_vitb16_linear_probe_20260430_073922_per_slice.csv",
  "n_test_slices": 916,
  "per_stack_metrics_file": "dinov3_vitb16_linear_probe_20260430_073922_per_stack.csv",
  "n_test_stacks": 100
}
