{
  "config": {
    "dataset": "acdc",
    "backbone": "dinov3",
    "model_name": "dinov3_vits16",
    "decoder": "unetr",
    "embed_dim": 384,
    "cache_layers": [
      3,
      6,
      9,
      11
    ],
    "probe_layers": [
      3,
      6,
      9,
      11
    ],
    "lr": 0.001,
    "weight_decay": 0.0001,
    "batch_size": 16,
    "n_epochs": 1,
    "patience": 20,
    "seed": 0,
    "trainable_params": 31016868
  },
  "per_class_dice": {
    "BG": 0.9647256493163516,
    "RV": 0.7324932963612527,
    "MYO": 0.5854147455563811,
    "LV": 0.8476927860982685
  },
  "macro_dice": 0.7218669426719675,
  "training_history": {
    "train_loss": [
      1.2446683247884114
    ],
    "val_macro_dice": [
      0.743199540380108
    ],
    "lr": [
      0.0
    ]
  },
  "best_val_dice": 0.743199540380108,
  "best_epoch": 1
}