{
  "config": {
    "dataset": "acdc",
    "backbone": "dinov3",
    "model_name": "dinov3_vits16",
    "decoder": "unetr",
    "embed_dim": 384,
    "cache_layers": [
      3,
      6,
      9,
      11
    ],
    "probe_layers": [
      3,
      6,
      9,
      11
    ],
    "lr": 0.001,
    "weight_decay": 0.0001,
    "batch_size": 16,
    "n_epochs": 1,
    "patience": 20,
    "seed": 0,
    "trainable_params": 31016868
  },
  "per_class_dice": {
    "BG": 0.9573866876381347,
    "RV": 0.691733617119786,
    "MYO": 0.5189546604725052,
    "LV": 0.821991618192868
  },
  "macro_dice": 0.6775599652617198,
  "training_history": {
    "train_loss": [
      1.2640313863754273
    ],
    "val_macro_dice": [
      0.6965474417129315
    ],
    "lr": [
      0.0
    ]
  },
  "best_val_dice": 0.6965474417129315,
  "best_epoch": 1
}