{
  "config": {
    "dataset": "acdc",
    "backbone": "dinov3",
    "model_name": "dinov3_vitb16",
    "decoder": "conv_decoder",
    "embed_dim": 768,
    "cache_layers": [
      3,
      6,
      9,
      11
    ],
    "probe_layers": [
      3,
      6,
      9,
      11
    ],
    "lr": 0.001,
    "weight_decay": 0.001,
    "batch_size": 16,
    "n_epochs": 100,
    "patience": 20,
    "seed": 0,
    "trainable_params": 3687428
  },
  "per_class_dice": {
    "BG": 0.9902457740921097,
    "RV": 0.8682925576434368,
    "MYO": 0.8217144793535142,
    "LV": 0.9219413918463762
  },
  "macro_dice": 0.870649476281109,
  "training_history": {
    "train_loss": [
      0.7407859728361169,
      0.408189982175827,
      0.34595518931746483,
      0.3137562085563938,
      0.2932555757773419,
      0.2769654371465246,
      0.25739055468390387,
      0.2406775470202168,
      0.236506718210876,
      0.2212311364710331,
      0.2103834661344687,
      0.20342710598682365,
      0.2002500641780595,
      0.1949532013386488,
      0.18597846276437244,
      0.18484555960943302,
      0.1796022136695683,
      0.1765584584015111,
      0.16588349221274257,
      0.16371098874757686,
      0.16047079442068934,
      0.15869286408027014,
      0.1555730663239956,
      0.15490150552553436,
      0.1484337130871912,
      0.14559380787735185,
      0.1432013059190164,
      0.13863145117647946,
      0.13904278352856636,
      0.13523346402992806,
      0.13421190242903927,
      0.13416113564744592,
      0.134297281736508
    ],
    "val_macro_dice": [
      0.8215809944831456,
      0.8441596583282477,
      0.8127589139836614,
      0.8681220827109625,
      0.8639093182280838,
      0.8548968759430536,
      0.8632481326563246,
      0.8714951563575939,
      0.865791838297632,
      0.8732904054916079,
      0.8748066624144321,
      0.876288419279966,
      0.8851532789226854,
      0.876206368007954,
      0.8529286523315655,
      0.8757648495704643,
      0.8782711804634379,
      0.8827771221246365,
      0.8796049887047227,
      0.8781757664965179,
      0.883011448312557,
      0.8831744605314845,
      0.8847487495287778,
      0.8771404155633865,
      0.871986658651761,
      0.8762175596139897,
      0.8828237760278412,
      0.8776120853328541,
      0.8825982192920129,
      0.8845065339757653,
      0.8807005268660587,
      0.8844807926098112,
      0.8841558763435464
    ],
    "lr": [
      0.0009997532801828658,
      0.0009990133642141358,
      0.00099778098230154,
      0.000996057350657239,
      0.0009938441702975688,
      0.0009911436253643444,
      0.0009879583809693736,
      0.0009842915805643154,
      0.0009801468428384714,
      0.0009755282581475767,
      0.0009704403844771127,
      0.0009648882429441257,
      0.0009588773128419905,
      0.0009524135262330098,
      0.0009455032620941839,
      0.0009381533400219318,
      0.0009303710135019719,
      0.0009221639627510076,
      0.000913540287137281,
      0.0009045084971874739,
      0.0008950775061878452,
      0.0008852566213878947,
      0.0008750555348152298,
      0.0008644843137107057,
      0.0008535533905932737,
      0.0008422735529643444,
      0.0008306559326618259,
      0.0008187119948743449,
      0.0008064535268264883,
      0.0007938926261462367,
      0.0007810416889260654,
      0.0007679133974894983,
      0.0007545207078751857
    ]
  },
  "best_val_dice": 0.8851532789226854,
  "best_epoch": 13,
  "per_slice_metrics_file": "dinov3_vitb16_conv_decoder_20260421_081938_per_slice.csv",
  "n_test_slices": 916,
  "per_stack_metrics_file": "dinov3_vitb16_conv_decoder_20260421_081938_per_stack.csv",
  "n_test_stacks": 100
}