{
  "config": {
    "dataset": "acdc",
    "backbone": "dinov3",
    "model_name": "dinov3_vits16",
    "decoder": "unetr",
    "embed_dim": 384,
    "cache_layers": [
      3,
      6,
      9,
      11
    ],
    "probe_layers": [
      3,
      6,
      9,
      11
    ],
    "lr": 0.001,
    "weight_decay": 0.0001,
    "batch_size": 16,
    "n_epochs": 1,
    "patience": 20,
    "seed": 0,
    "trainable_params": 31016868
  },
  "per_class_dice": {
    "BG": 0.9611430204778738,
    "RV": 0.7359955292370624,
    "MYO": 0.5167038702918699,
    "LV": 0.8169425889638605
  },
  "macro_dice": 0.689880662830931,
  "training_history": {
    "train_loss": [
      1.2527768784099156
    ],
    "val_macro_dice": [
      0.7151635158313187
    ],
    "lr": [
      0.0
    ]
  },
  "best_val_dice": 0.7151635158313187,
  "best_epoch": 1
}