{
  "config": {
    "dataset": "acdc",
    "backbone": "dinov3",
    "model_name": "dinov3_vits16",
    "decoder": "unetr",
    "embed_dim": 384,
    "cache_layers": [
      3,
      6,
      9,
      11
    ],
    "probe_layers": [
      3,
      6,
      9,
      11
    ],
    "lr": 0.001,
    "weight_decay": 0.0001,
    "batch_size": 16,
    "n_epochs": 1,
    "patience": 20,
    "seed": 0,
    "trainable_params": 31016868
  },
  "per_class_dice": {
    "BG": 0.9671288573800698,
    "RV": 0.6810276950414821,
    "MYO": 0.649302311977052,
    "LV": 0.8475634701954077
  },
  "macro_dice": 0.7259644924046472,
  "training_history": {
    "train_loss": [
      1.3858660459518433
    ],
    "val_macro_dice": [
      0.7256145280499943
    ],
    "lr": [
      0.0
    ]
  },
  "best_val_dice": 0.7256145280499943,
  "best_epoch": 1
}