{
  "config": {
    "dataset": "acdc",
    "backbone": "dinov3",
    "model_name": "dinov3_vits16",
    "decoder": "linear_probe",
    "embed_dim": 384,
    "cache_layers": [
      3,
      6,
      9,
      11
    ],
    "probe_layers": [
      11
    ],
    "lr": 0.001,
    "weight_decay": 0.001,
    "batch_size": 16,
    "n_epochs": 100,
    "patience": 20,
    "seed": 0,
    "trainable_params": 2308
  },
  "per_class_dice": {
    "BG": 0.9823770008660452,
    "RV": 0.7410521387016495,
    "MYO": 0.6768368656831759,
    "LV": 0.8547323759671801
  },
  "macro_dice": 0.7575404601173353,
  "training_history": {
    "train_loss": [
      1.5583232548087835,
      0.6987592310955127,
      0.5646408007790645,
      0.5247519075249633,
      0.505776586321493,
      0.4885649836311738,
      0.4777596474935611,
      0.47074639952431124,
      0.46906006429344416,
      0.4581813234835863,
      0.4582939278334379,
      0.4508110343789061,
      0.4492219528183341,
      0.4497702264537414,
      0.4457991582651933,
      0.44386912882328033,
      0.44224543248613674,
      0.43558355141431093,
      0.4382762399812539,
      0.43873744116475183,
      0.43641735923786956,
      0.4339701949308316,
      0.4350520698353648,
      0.42994814707587165,
      0.43474308991183835,
      0.4288466237485409,
      0.43165664685269195,
      0.4283189618339141,
      0.4297452624887228,
      0.428402711947759,
      0.4289527041837573,
      0.4288307797784607,
      0.4305907730013132,
      0.4303819149111708,
      0.4279325144986312,
      0.4269559805591901,
      0.427696181461215,
      0.4277218099062641,
      0.42874364958455163,
      0.42905226070433855,
      0.4266779276852806,
      0.42762480831394595,
      0.4275954527159532,
      0.4264327399432659,
      0.4296892024576664,
      0.4255270551269253,
      0.4296662298341592,
      0.42848370379457873,
      0.4211459780732791,
      0.426866181815664,
      0.427545761068662,
      0.4214113748942812,
      0.43202088742206496,
      0.4274113830178976,
      0.427060993698736,
      0.4230360969280203,
      0.42279306581864756,
      0.422057393938303,
      0.4246136558552583,
      0.4244607376555602,
      0.42326312015453976,
      0.4216713132336736,
      0.42579606734216213,
      0.4255223258708914,
      0.4220159836113453,
      0.42235089000314474,
      0.4187506188948949
    ],
    "val_macro_dice": [
      0.6828194471247183,
      0.7117020543465808,
      0.7233320864226845,
      0.7301708131815997,
      0.7397087319651158,
      0.7438284786623083,
      0.7464362796816943,
      0.7495346729815742,
      0.7538570309046316,
      0.7560217210583967,
      0.7518083515188644,
      0.7564988763845717,
      0.7594925114521542,
      0.7624898028303279,
      0.7612689584103195,
      0.7603458163598154,
      0.7619135793001307,
      0.7590028370855927,
      0.7636340607628194,
      0.7653751684452418,
      0.7644634941423827,
      0.763249002223202,
      0.7666056250341265,
      0.7678709251226916,
      0.763763367844788,
      0.7658612196512881,
      0.7673976709512279,
      0.7686522728650077,
      0.7681993319840904,
      0.7671809551073959,
      0.7702856391148806,
      0.7680645368460707,
      0.7684885329381821,
      0.7682269954663944,
      0.7689861666354224,
      0.7697286390617523,
      0.769565950635215,
      0.7691371180496033,
      0.7702287110726646,
      0.7693374684444231,
      0.7691361227115339,
      0.7681740752217601,
      0.7695037046936339,
      0.769790273714091,
      0.7721085275704507,
      0.7708243422434519,
      0.7721638923728215,
      0.7711705854369671,
      0.7711990643515007,
      0.7710618996538471,
      0.7702252479301673,
      0.7721325242880815,
      0.7700138743741908,
      0.7689681995595077,
      0.7705238511584742,
      0.7696332976191407,
      0.7707012536654935,
      0.7709049864504761,
      0.7720557013922665,
      0.7716867463577403,
      0.7708156787942716,
      0.7709877294458373,
      0.7714168348105771,
      0.7702071444337951,
      0.7705499477012223,
      0.7716743838028178,
      0.771598771121499
    ],
    "lr": [
      0.0009997532801828658,
      0.0009990133642141358,
      0.00099778098230154,
      0.000996057350657239,
      0.0009938441702975688,
      0.0009911436253643444,
      0.0009879583809693736,
      0.0009842915805643154,
      0.0009801468428384714,
      0.0009755282581475767,
      0.0009704403844771127,
      0.0009648882429441257,
      0.0009588773128419905,
      0.0009524135262330098,
      0.0009455032620941839,
      0.0009381533400219318,
      0.0009303710135019719,
      0.0009221639627510076,
      0.000913540287137281,
      0.0009045084971874739,
      0.0008950775061878452,
      0.0008852566213878947,
      0.0008750555348152298,
      0.0008644843137107057,
      0.0008535533905932737,
      0.0008422735529643444,
      0.0008306559326618259,
      0.0008187119948743449,
      0.0008064535268264883,
      0.0007938926261462367,
      0.0007810416889260654,
      0.0007679133974894983,
      0.0007545207078751857,
      0.0007408768370508577,
      0.0007269952498697734,
      0.0007128896457825364,
      0.0006985739453173903,
      0.0006840622763423391,
      0.0006693689601226458,
      0.0006545084971874737,
      0.0006394955530196147,
      0.0006243449435824273,
      0.0006090716206982714,
      0.0005936906572928625,
      0.0005782172325201156,
      0.0005626666167821523,
      0.0005470541566592572,
      0.0005313952597646569,
      0.0005157053795390643,
      0.0005000000000000002,
      0.00048429462046093607,
      0.0004686047402353435,
      0.000452945843340743,
      0.00043733338321784806,
      0.0004217827674798847,
      0.00040630934270713783,
      0.000390928379301729,
      0.0003756550564175727,
      0.00036050444698038553,
      0.00034549150281252655,
      0.0003306310398773544,
      0.00031593772365766127,
      0.0003014260546826097,
      0.0002871103542174637,
      0.0002730047501302267,
      0.00025912316294914234,
      0.0002454792921248144
    ]
  },
  "best_val_dice": 0.7721638923728215,
  "best_epoch": 47,
  "per_slice_metrics_file": "dinov3_vits16_linear_probe_20260418_164813_per_slice.csv",
  "n_test_slices": 916,
  "per_stack_metrics_file": "dinov3_vits16_linear_probe_20260418_164813_per_stack.csv",
  "n_test_stacks": 100
}