{
  "config": {
    "dataset": "acdc",
    "backbone": "dinov3",
    "model_name": "dinov3_vitl16",
    "decoder": "unetr",
    "embed_dim": 1024,
    "cache_layers": [
      5,
      11,
      17,
      23
    ],
    "probe_layers": [
      5,
      11,
      17,
      23
    ],
    "lr": 0.001,
    "weight_decay": 0.001,
    "batch_size": 16,
    "n_epochs": 100,
    "patience": 20,
    "seed": 0,
    "trainable_params": 48220068
  },
  "per_class_dice": {
    "BG": 0.9899955895301356,
    "RV": 0.8723715374162357,
    "MYO": 0.8240798682643291,
    "LV": 0.9350063715650414
  },
  "macro_dice": 0.877152592415202,
  "training_history": {
    "train_loss": [
      2.07559668024381,
      1.1829299877087276,
      0.7471561978260676,
      0.5562715977430344,
      0.46743714312712353,
      0.45227910826603573,
      0.4016949037710826,
      0.3555059830347697,
      0.33630062143007916,
      0.31600940475861233,
      0.29280168066422146,
      0.27815024306376773,
      0.26626582940419513,
      0.24611674124995866,
      0.23589322715997696,
      0.22604424754778543,
      0.20927663892507553,
      0.2087856444219748,
      0.1972398286064466,
      0.19019552196065584,
      0.18188654134670892,
      0.17464982345700264,
      0.16978726908564568,
      0.1610873987277349,
      0.16688620547453561,
      0.16331631441911063,
      0.15465501323342323,
      0.14836599181095758,
      0.14123362178603807,
      0.13708797097206116,
      0.12734999818106493,
      0.12248900284369786,
      0.1181086494276921,
      0.12619877234101295,
      0.12194900835553805,
      0.12010596506297588,
      0.11474197668333848,
      0.11139711054662864,
      0.10685269472499688,
      0.10332628587881725,
      0.09941127585868041,
      0.09624230178693931,
      0.0951598280419906,
      0.09312721776465575,
      0.09095042136808236,
      0.09049957059323788,
      0.08861901176472504,
      0.08949434198439121,
      0.09044703220327695,
      0.08851902497311433,
      0.08922411315143108,
      0.08821468551953633,
      0.08483763287464778,
      0.08245917409658432,
      0.08010290252665679
    ],
    "val_macro_dice": [
      0.35064279694316697,
      0.48871533865377476,
      0.7008640953084201,
      0.7879828540505714,
      0.7857933797473708,
      0.808727805010777,
      0.8384856637379174,
      0.8392613293835054,
      0.8294737486253574,
      0.854448111042097,
      0.8667675015319153,
      0.8543643208512129,
      0.8581486798033883,
      0.8567263492042133,
      0.8711356318833605,
      0.8809945688970475,
      0.8677216157414325,
      0.8821869464231105,
      0.8732443675396663,
      0.8769516490822357,
      0.8720144452919615,
      0.8872665169797312,
      0.8789359319569573,
      0.8647972171983795,
      0.8811700889649879,
      0.887086479197888,
      0.8876939392132354,
      0.8825562675542692,
      0.8803944462737693,
      0.8866514557005747,
      0.881449995187238,
      0.8851990228562742,
      0.8883494531377002,
      0.8867647101813997,
      0.8916566863963368,
      0.8875648097764289,
      0.8852181185716725,
      0.8873794774955917,
      0.8889672066394292,
      0.8886932861711626,
      0.8887375321350567,
      0.8841625783204529,
      0.8894688554776667,
      0.8906603936639632,
      0.8892614345992191,
      0.8902287320867326,
      0.8876796567789372,
      0.883561495140126,
      0.8862632222737502,
      0.8859685228952374,
      0.8888294997680989,
      0.8882232245220866,
      0.8905124451923294,
      0.8881889603708562,
      0.8876217286337491
    ],
    "lr": [
      0.0009997532801828658,
      0.0009990133642141358,
      0.00099778098230154,
      0.000996057350657239,
      0.0009938441702975688,
      0.0009911436253643444,
      0.0009879583809693736,
      0.0009842915805643154,
      0.0009801468428384714,
      0.0009755282581475767,
      0.0009704403844771127,
      0.0009648882429441257,
      0.0009588773128419905,
      0.0009524135262330098,
      0.0009455032620941839,
      0.0009381533400219318,
      0.0009303710135019719,
      0.0009221639627510076,
      0.000913540287137281,
      0.0009045084971874739,
      0.0008950775061878452,
      0.0008852566213878947,
      0.0008750555348152298,
      0.0008644843137107057,
      0.0008535533905932737,
      0.0008422735529643444,
      0.0008306559326618259,
      0.0008187119948743449,
      0.0008064535268264883,
      0.0007938926261462367,
      0.0007810416889260654,
      0.0007679133974894983,
      0.0007545207078751857,
      0.0007408768370508577,
      0.0007269952498697734,
      0.0007128896457825364,
      0.0006985739453173903,
      0.0006840622763423391,
      0.0006693689601226458,
      0.0006545084971874737,
      0.0006394955530196147,
      0.0006243449435824273,
      0.0006090716206982714,
      0.0005936906572928625,
      0.0005782172325201156,
      0.0005626666167821523,
      0.0005470541566592572,
      0.0005313952597646569,
      0.0005157053795390643,
      0.0005000000000000002,
      0.00048429462046093607,
      0.0004686047402353435,
      0.000452945843340743,
      0.00043733338321784806,
      0.0004217827674798847
    ]
  },
  "best_val_dice": 0.8916566863963368,
  "best_epoch": 35,
  "per_sample_metrics_file": "dinov3_vitl16_unetr_20260421_082510_per_sample.csv",
  "n_test_samples": 100,
  "per_slice_metrics_file": "dinov3_vitl16_unetr_20260421_082510_per_slice.csv",
  "n_test_slices": 916
}