{
  "config": {
    "dataset": "acdc",
    "backbone": "dinov3",
    "model_name": "dinov3_vits16",
    "decoder": "unetr",
    "embed_dim": 384,
    "cache_layers": [
      3,
      6,
      9,
      11
    ],
    "probe_layers": [
      3,
      6,
      9,
      11
    ],
    "lr": 0.001,
    "weight_decay": 0.001,
    "batch_size": 16,
    "n_epochs": 100,
    "patience": 20,
    "seed": 0,
    "trainable_params": 31016868
  },
  "per_class_dice": {
    "BG": 0.9899200452715458,
    "RV": 0.8707749248704789,
    "MYO": 0.8194440880169923,
    "LV": 0.9318183231921586
  },
  "macro_dice": 0.8740124453598765,
  "training_history": {
    "train_loss": [
      2.1826879580815635,
      1.3806417683760326,
      0.7953400909900665,
      0.6004191040992737,
      0.47511450449625653,
      0.44112083067496616,
      0.40635905663172406,
      0.35682359089454013,
      0.33258244146903354,
      0.32044444729884464,
      0.30294685810804367,
      0.2858112156391144,
      0.2787773311138153,
      0.2607112278540929,
      0.26232228552301723,
      0.2564665252963702,
      0.2432812787592411,
      0.23198605328798294,
      0.21458380545179048,
      0.2058038761218389,
      0.2099340260028839,
      0.2066944514711698,
      0.19783507163325945,
      0.18907910585403442,
      0.18545387188593546,
      0.17504711324969927,
      0.16946356867750487,
      0.17002458249529204,
      0.16032532354195914,
      0.15433365727464357,
      0.14606964215636253,
      0.14015252391497293,
      0.1386411190032959,
      0.16062691062688828,
      0.16415706649422646,
      0.15117675065994263,
      0.13900668049852052,
      0.13843663657704988,
      0.1366356567790111,
      0.12802236713469028,
      0.12160833428303401,
      0.1170991783340772,
      0.11443144393463929,
      0.11473130372663339,
      0.11325224488973618,
      0.1161029227077961,
      0.1131891490270694,
      0.11023194218675296,
      0.10639645718038082,
      0.10481963865458965,
      0.10306435575087865,
      0.10277679314215978,
      0.09902958571910858,
      0.09567916269103686,
      0.09322133474051952,
      0.09195147765179475,
      0.09071635827422142,
      0.092074162637194,
      0.08833273934821288
    ],
    "val_macro_dice": [
      0.35658651270273395,
      0.6310684579243294,
      0.6737346995614694,
      0.7553908022232623,
      0.8065596886490257,
      0.8082958602097735,
      0.8301301458470126,
      0.8385269597456121,
      0.8147597011855416,
      0.8436420464075624,
      0.8611808226266042,
      0.8343356244821191,
      0.8585863077979369,
      0.8165963195000702,
      0.8361235948974964,
      0.8706719793524617,
      0.8675383975799745,
      0.8658526670519405,
      0.8655239520997635,
      0.8595350114471257,
      0.8639198055184835,
      0.8546260913496943,
      0.85530208967725,
      0.8530690853605245,
      0.8713052269658178,
      0.8713856951130312,
      0.8713439634114825,
      0.8688931914061713,
      0.8630009576582314,
      0.8725951335129434,
      0.8746084440479637,
      0.8698649915233861,
      0.8797243969962413,
      0.8774084446412381,
      0.8773335983309525,
      0.8740399754485817,
      0.8775496760547233,
      0.8743277692898784,
      0.8857193231379519,
      0.8759026994701156,
      0.8829689108335463,
      0.8809346718667962,
      0.8798025501568659,
      0.8815258878010623,
      0.8707630003516905,
      0.8845488575336787,
      0.8801449146351451,
      0.8780089438710025,
      0.8803363734684381,
      0.8794800972248429,
      0.8791773512388893,
      0.878943527927197,
      0.8808340806936812,
      0.8811690681963268,
      0.8777957618197642,
      0.8825229675487142,
      0.8820863663864437,
      0.8788458448363615,
      0.8819418026622211
    ],
    "lr": [
      0.0009997532801828658,
      0.0009990133642141358,
      0.00099778098230154,
      0.000996057350657239,
      0.0009938441702975688,
      0.0009911436253643444,
      0.0009879583809693736,
      0.0009842915805643154,
      0.0009801468428384714,
      0.0009755282581475767,
      0.0009704403844771127,
      0.0009648882429441257,
      0.0009588773128419905,
      0.0009524135262330098,
      0.0009455032620941839,
      0.0009381533400219318,
      0.0009303710135019719,
      0.0009221639627510076,
      0.000913540287137281,
      0.0009045084971874739,
      0.0008950775061878452,
      0.0008852566213878947,
      0.0008750555348152298,
      0.0008644843137107057,
      0.0008535533905932737,
      0.0008422735529643444,
      0.0008306559326618259,
      0.0008187119948743449,
      0.0008064535268264883,
      0.0007938926261462367,
      0.0007810416889260654,
      0.0007679133974894983,
      0.0007545207078751857,
      0.0007408768370508577,
      0.0007269952498697734,
      0.0007128896457825364,
      0.0006985739453173903,
      0.0006840622763423391,
      0.0006693689601226458,
      0.0006545084971874737,
      0.0006394955530196147,
      0.0006243449435824273,
      0.0006090716206982714,
      0.0005936906572928625,
      0.0005782172325201156,
      0.0005626666167821523,
      0.0005470541566592572,
      0.0005313952597646569,
      0.0005157053795390643,
      0.0005000000000000002,
      0.00048429462046093607,
      0.0004686047402353435,
      0.000452945843340743,
      0.00043733338321784806,
      0.0004217827674798847,
      0.00040630934270713783,
      0.000390928379301729,
      0.0003756550564175727,
      0.00036050444698038553
    ]
  },
  "best_val_dice": 0.8857193231379519,
  "best_epoch": 39,
  "per_sample_metrics_file": "dinov3_vits16_unetr_20260418_164814_per_sample.csv",
  "n_test_samples": 100,
  "per_slice_metrics_file": "dinov3_vits16_unetr_20260418_164814_per_slice.csv",
  "n_test_slices": 916
}