{
  "config": {
    "dataset": "acdc",
    "backbone": "dinov3",
    "model_name": "dinov3_vits16",
    "decoder": "conv_decoder",
    "embed_dim": 384,
    "cache_layers": [
      3,
      6,
      9,
      11
    ],
    "probe_layers": [
      3,
      6,
      9,
      11
    ],
    "lr": 0.001,
    "weight_decay": 0.001,
    "batch_size": 16,
    "n_epochs": 100,
    "patience": 20,
    "seed": 0,
    "trainable_params": 1917956
  },
  "per_class_dice": {
    "BG": 0.9901682135244803,
    "RV": 0.8662858338312575,
    "MYO": 0.817080215649147,
    "LV": 0.9227277157381204
  },
  "macro_dice": 0.8686979217395083,
  "training_history": {
    "train_loss": [
      0.7630810709670186,
      0.4402607191974918,
      0.3779284677778681,
      0.3487725978096326,
      0.32457484615345794,
      0.30581142675752443,
      0.2879126298551758,
      0.2777953116844098,
      0.2592357845666508,
      0.24591884575784206,
      0.24057274591177702,
      0.23486673071359596,
      0.2274570941614608,
      0.22706513789792857,
      0.21601627704997858,
      0.2093885289505124,
      0.20811190161233148,
      0.20066182982797423,
      0.19348014829059443,
      0.1913594634582599,
      0.18439226069798073,
      0.18713933120792112,
      0.18222561028475562,
      0.1734637402308484,
      0.17291946553935608,
      0.17183131460721293,
      0.16594104251513878,
      0.16371123803158602,
      0.16427730722352862,
      0.1605961670478185,
      0.1601136246075233,
      0.15501029246176282,
      0.1530654546804726,
      0.1529878469494482,
      0.1497942383090655,
      0.1473889515424768,
      0.14632436850418648,
      0.1431979997238765,
      0.14495353447273374,
      0.14222145018478236,
      0.13706767132195333,
      0.1352171739563346,
      0.135290243740504,
      0.1345663592995455,
      0.13301239574017623,
      0.1341077257723858,
      0.1304756422371914,
      0.1284936781351765,
      0.1263509914278984,
      0.12523629097267985,
      0.12424093151154618,
      0.12863274880995354,
      0.1243718748446554,
      0.12183804375429948,
      0.11943357600830495,
      0.12037760112434626,
      0.11764050647616386,
      0.11356448630491893,
      0.11404099160184462,
      0.11331372537339728,
      0.11181269555042188,
      0.10967424550714593
    ],
    "val_macro_dice": [
      0.8080165718772911,
      0.8244128927947362,
      0.8078987684748936,
      0.8458187731456416,
      0.8484598199206584,
      0.8453115215916741,
      0.8394607502760577,
      0.8529131599525043,
      0.861669329004824,
      0.8645173071001712,
      0.8634266695201335,
      0.8648421374428805,
      0.8706269482557722,
      0.8659728931328305,
      0.8595987421443706,
      0.8687432861585772,
      0.8698806492590876,
      0.8684102553445833,
      0.8685558887135167,
      0.8700101333913625,
      0.8729128459412223,
      0.865309277683601,
      0.872734563533481,
      0.8656190791525297,
      0.8694534289021068,
      0.8670318170830602,
      0.867270613817428,
      0.8715061748552322,
      0.8644944048950122,
      0.8700570846919184,
      0.8720540499444732,
      0.8706802934594003,
      0.8726557895628809,
      0.8658779770184323,
      0.8709418051276508,
      0.870667693310646,
      0.8723754968860012,
      0.8686561505646168,
      0.8720622647531338,
      0.8737039264334577,
      0.8715797291301142,
      0.8769482336976706,
      0.8734071282567273,
      0.8747722383652992,
      0.8713974798316113,
      0.8752183856836443,
      0.8746696129262456,
      0.8724287020254226,
      0.8696364605762189,
      0.872566536546097,
      0.8726151337146977,
      0.8694826803750791,
      0.8734695346129139,
      0.8706926909079282,
      0.8740430662094808,
      0.875216284383356,
      0.8735246800268914,
      0.873840686932561,
      0.8731196836503914,
      0.8722099920718472,
      0.8734731918618971,
      0.8740657384236764
    ],
    "lr": [
      0.0009997532801828658,
      0.0009990133642141358,
      0.00099778098230154,
      0.000996057350657239,
      0.0009938441702975688,
      0.0009911436253643444,
      0.0009879583809693736,
      0.0009842915805643154,
      0.0009801468428384714,
      0.0009755282581475767,
      0.0009704403844771127,
      0.0009648882429441257,
      0.0009588773128419905,
      0.0009524135262330098,
      0.0009455032620941839,
      0.0009381533400219318,
      0.0009303710135019719,
      0.0009221639627510076,
      0.000913540287137281,
      0.0009045084971874739,
      0.0008950775061878452,
      0.0008852566213878947,
      0.0008750555348152298,
      0.0008644843137107057,
      0.0008535533905932737,
      0.0008422735529643444,
      0.0008306559326618259,
      0.0008187119948743449,
      0.0008064535268264883,
      0.0007938926261462367,
      0.0007810416889260654,
      0.0007679133974894983,
      0.0007545207078751857,
      0.0007408768370508577,
      0.0007269952498697734,
      0.0007128896457825364,
      0.0006985739453173903,
      0.0006840622763423391,
      0.0006693689601226458,
      0.0006545084971874737,
      0.0006394955530196147,
      0.0006243449435824273,
      0.0006090716206982714,
      0.0005936906572928625,
      0.0005782172325201156,
      0.0005626666167821523,
      0.0005470541566592572,
      0.0005313952597646569,
      0.0005157053795390643,
      0.0005000000000000002,
      0.00048429462046093607,
      0.0004686047402353435,
      0.000452945843340743,
      0.00043733338321784806,
      0.0004217827674798847,
      0.00040630934270713783,
      0.000390928379301729,
      0.0003756550564175727,
      0.00036050444698038553,
      0.00034549150281252655,
      0.0003306310398773544,
      0.00031593772365766127
    ]
  },
  "best_val_dice": 0.8769482336976706,
  "best_epoch": 42,
  "per_slice_metrics_file": "dinov3_vits16_conv_decoder_20260418_164813_per_slice.csv",
  "n_test_slices": 916,
  "per_stack_metrics_file": "dinov3_vits16_conv_decoder_20260418_164813_per_stack.csv",
  "n_test_stacks": 100
}