{
  "config": {
    "dataset": "acdc",
    "backbone": "dinov3",
    "model_name": "dinov3_vitl16",
    "decoder": "conv_decoder",
    "embed_dim": 1024,
    "cache_layers": [
      5,
      11,
      17,
      23
    ],
    "probe_layers": [
      5,
      11,
      17,
      23
    ],
    "lr": 0.001,
    "weight_decay": 0.001,
    "batch_size": 16,
    "n_epochs": 100,
    "patience": 20,
    "seed": 0,
    "trainable_params": 4867076
  },
  "per_class_dice": {
    "BG": 0.9907975691928468,
    "RV": 0.8709827274711385,
    "MYO": 0.8304704998274814,
    "LV": 0.9290231013069968
  },
  "macro_dice": 0.8768254428685389,
  "training_history": {
    "train_loss": [
      0.7434915946796536,
      0.4018112327903509,
      0.3397291839743654,
      0.30560931594421464,
      0.28329277023052174,
      0.2666543916178246,
      0.25210947543382645,
      0.23467605017746487,
      0.22188225605835518,
      0.21117589560647806,
      0.20359060696015754,
      0.19508220503727594,
      0.1895099935742716,
      0.18442231230437756,
      0.17970295886819562,
      0.17713265710820755,
      0.16795007263620695,
      0.16579042157779136,
      0.16034947615116835,
      0.1528437336285909,
      0.15094371202091375,
      0.15008833135167757,
      0.14825875839839378,
      0.14737727648268142,
      0.14007340068928897,
      0.14017234773685536,
      0.134544321646293,
      0.13139143151541552,
      0.13281721683839956,
      0.12715392179476717,
      0.13220574885296324,
      0.1287587909027934,
      0.1255998342918853,
      0.12503691056432822,
      0.12059766030870378,
      0.11818900999302666,
      0.11710578226484358,
      0.11915857996791601,
      0.11880154248016576,
      0.11270162269162635,
      0.10933834089276691,
      0.10986661484154563,
      0.10847720527090132,
      0.10818744241259992,
      0.1088334509016325,
      0.10907578677870333,
      0.10516462995049854,
      0.10361243745622535,
      0.10211228742264211,
      0.1003442838943253,
      0.09965957095846534,
      0.10054022205683093,
      0.09960894115890066,
      0.09772375070800383,
      0.09540861697557072,
      0.0942550601127247,
      0.09358269271130364,
      0.0916924992731462,
      0.09167666554761429,
      0.08941493361877899,
      0.0882884426197658,
      0.08674495698263247
    ],
    "val_macro_dice": [
      0.8030732470852054,
      0.8386546410221709,
      0.8206031124592023,
      0.8675847878482839,
      0.8612784549569553,
      0.8458654394439012,
      0.877435444616256,
      0.8789796038127347,
      0.8595388333405624,
      0.8596198154639244,
      0.8775653951474659,
      0.8735553840218446,
      0.8846724157748295,
      0.8681273590765106,
      0.8589767530690741,
      0.8830163149617759,
      0.8876529012344377,
      0.8845019982173316,
      0.8787113477916658,
      0.8801922840172378,
      0.8870255257468177,
      0.8766611280467685,
      0.8890445069493823,
      0.8841123321739945,
      0.8819324461917001,
      0.8809503128292356,
      0.8851444252505108,
      0.8849831265430921,
      0.8850259101408136,
      0.8858369565326806,
      0.8808092986191868,
      0.8877062052695511,
      0.8833089331475543,
      0.8810473830401158,
      0.8791745804235291,
      0.8866213713443015,
      0.8859274041152688,
      0.8709971736579419,
      0.8849262263443983,
      0.8892240619685814,
      0.8892569096057414,
      0.8901959166340402,
      0.8820291109676165,
      0.8823228736860721,
      0.8882351568641909,
      0.8879295312656131,
      0.8890613861561922,
      0.8870071331588093,
      0.887720805546966,
      0.8871899265445293,
      0.8892356992481484,
      0.8892863758931556,
      0.88799337185658,
      0.8879483506031769,
      0.888730951681674,
      0.8856052268563595,
      0.8879374141477482,
      0.8874586645180159,
      0.8894790410181418,
      0.8862728342583407,
      0.889406106382359,
      0.8894870614864977
    ],
    "lr": [
      0.0009997532801828658,
      0.0009990133642141358,
      0.00099778098230154,
      0.000996057350657239,
      0.0009938441702975688,
      0.0009911436253643444,
      0.0009879583809693736,
      0.0009842915805643154,
      0.0009801468428384714,
      0.0009755282581475767,
      0.0009704403844771127,
      0.0009648882429441257,
      0.0009588773128419905,
      0.0009524135262330098,
      0.0009455032620941839,
      0.0009381533400219318,
      0.0009303710135019719,
      0.0009221639627510076,
      0.000913540287137281,
      0.0009045084971874739,
      0.0008950775061878452,
      0.0008852566213878947,
      0.0008750555348152298,
      0.0008644843137107057,
      0.0008535533905932737,
      0.0008422735529643444,
      0.0008306559326618259,
      0.0008187119948743449,
      0.0008064535268264883,
      0.0007938926261462367,
      0.0007810416889260654,
      0.0007679133974894983,
      0.0007545207078751857,
      0.0007408768370508577,
      0.0007269952498697734,
      0.0007128896457825364,
      0.0006985739453173903,
      0.0006840622763423391,
      0.0006693689601226458,
      0.0006545084971874737,
      0.0006394955530196147,
      0.0006243449435824273,
      0.0006090716206982714,
      0.0005936906572928625,
      0.0005782172325201156,
      0.0005626666167821523,
      0.0005470541566592572,
      0.0005313952597646569,
      0.0005157053795390643,
      0.0005000000000000002,
      0.00048429462046093607,
      0.0004686047402353435,
      0.000452945843340743,
      0.00043733338321784806,
      0.0004217827674798847,
      0.00040630934270713783,
      0.000390928379301729,
      0.0003756550564175727,
      0.00036050444698038553,
      0.00034549150281252655,
      0.0003306310398773544,
      0.00031593772365766127
    ]
  },
  "best_val_dice": 0.8901959166340402,
  "best_epoch": 42,
  "per_slice_metrics_file": "dinov3_vitl16_conv_decoder_20260421_081942_per_slice.csv",
  "n_test_slices": 916,
  "per_stack_metrics_file": "dinov3_vitl16_conv_decoder_20260421_081942_per_stack.csv",
  "n_test_stacks": 100
}