{
  "config": {
    "dataset": "acdc",
    "backbone": "sam2",
    "model_name": "sam2_1_hiera_small",
    "decoder": "linear_probe",
    "embed_dim": 384,
    "cache_layers": [
      4,
      7,
      11,
      14
    ],
    "probe_layers": [
      14
    ],
    "lr": 0.001,
    "weight_decay": 0.001,
    "batch_size": 16,
    "n_epochs": 100,
    "patience": 20,
    "seed": 0,
    "trainable_params": 2308
  },
  "per_class_dice": {
    "BG": 0.9844595209737054,
    "RV": 0.7790400588007838,
    "MYO": 0.7183585501969247,
    "LV": 0.8807829168495989
  },
  "macro_dice": 0.7927271752824359,
  "training_history": {
    "train_loss": [
      1.42413408930103,
      0.5461753460889062,
      0.46144540887326,
      0.43579966357598704,
      0.4233837276697159,
      0.41175014587740105,
      0.40551486394057673,
      0.3990523098036647,
      0.39270349219441414,
      0.39135868412752944,
      0.3898293770228823,
      0.38641500814507407,
      0.3820640118792653,
      0.38371434062719345,
      0.3836529754723112,
      0.3793722664316495,
      0.38069145071009797,
      0.3751942962408066,
      0.37541386391967535,
      0.37806052590409917,
      0.3763667947302262,
      0.37655980605632067,
      0.3737268152957161,
      0.37358349561691284,
      0.3739416841417551,
      0.3740172451362014,
      0.3738661486034592,
      0.3737951635072629,
      0.3734768896053235,
      0.37123884695271653,
      0.3701481207584341,
      0.3713315175846219,
      0.36940680382152397,
      0.37174247422566015,
      0.3704912196844816,
      0.3710682541131973,
      0.3698501617958148,
      0.3731327469771107,
      0.37097773266335327,
      0.3701233398169279,
      0.3721506766354044,
      0.37093322941412527,
      0.3711231059084336,
      0.36901307106018066,
      0.36595321136216324,
      0.37262649306406576,
      0.3702347818762064,
      0.37098053687562543,
      0.3701892926668127,
      0.36974899874379236,
      0.3691376180698474,
      0.36999397290249664,
      0.37078241538256407,
      0.37027473530421656,
      0.3679898005599777,
      0.36935189335296553,
      0.3681003920113047,
      0.3661948361744483,
      0.36930234854420024,
      0.3684150173018376,
      0.3706907502685984,
      0.3698620464031895,
      0.36750848311930895,
      0.3698844990382592,
      0.3680745307356119,
      0.3698116472611825,
      0.367420987226069,
      0.36994522499541443,
      0.3681279628848036,
      0.3661079704761505,
      0.36740140927334625,
      0.36944076015303534,
      0.3671464181194703,
      0.3693411039809386,
      0.36433916818350554,
      0.3662839460497101,
      0.3698066972816984,
      0.3691478616868456,
      0.36798485709975165,
      0.36608765212198097,
      0.3695286177098751,
      0.36739886241654557,
      0.3703702874481678,
      0.36722700856626034,
      0.36661539413034916,
      0.36485422650973004,
      0.368404608219862,
      0.3682094511265556,
      0.37068892053018015,
      0.36635488147536915,
      0.36914012270669144,
      0.3681928114965558,
      0.3665663879364729,
      0.3683774241556724,
      0.3689362521593769,
      0.368984862541159
    ],
    "val_macro_dice": [
      0.7205855808154166,
      0.7618307973369469,
      0.7751497897450564,
      0.7842874025907264,
      0.7905491728016806,
      0.7932359933773184,
      0.7948060320505822,
      0.7980005323873264,
      0.7995600761305486,
      0.8020647932194477,
      0.8015452219197058,
      0.8037792857229235,
      0.8050022760442873,
      0.8053313866360835,
      0.8056527913261288,
      0.8072053132889918,
      0.8072347504934041,
      0.8061042920607249,
      0.8075675344541345,
      0.8078157581529938,
      0.8077818680552383,
      0.808936091546947,
      0.8081712787610957,
      0.8090879188751501,
      0.8085299236022593,
      0.809383332774622,
      0.8098458290512122,
      0.8102798103334035,
      0.8101447294153791,
      0.8091633512248175,
      0.8107621064274998,
      0.8100647548183803,
      0.8115401540448576,
      0.8110448862211315,
      0.8110714677408019,
      0.811600628634178,
      0.8106243204007276,
      0.8102421581289952,
      0.8112846611015937,
      0.8109517340625535,
      0.8109208586806828,
      0.8112238789465209,
      0.810905923734127,
      0.8116865719676382,
      0.8123942273775545,
      0.8115150914247958,
      0.8120631717781338,
      0.8124504838161459,
      0.811796861673796,
      0.8115739108439418,
      0.811129225579505,
      0.8119576000951151,
      0.8112982447525737,
      0.8115377896079284,
      0.8111771713589081,
      0.8116528757506908,
      0.8128780906419625,
      0.8119449452824169,
      0.8125387408772237,
      0.8122647260197621,
      0.8118809048947654,
      0.8127561474773369,
      0.8123223749137424,
      0.8123951363469586,
      0.81228841780823,
      0.81151083863108,
      0.8120887994173557,
      0.8117104272530273,
      0.8123663740749262,
      0.8119953512464814,
      0.8127549190313603,
      0.812431350167711,
      0.8124266260770053,
      0.812432879711456,
      0.8127239389132862,
      0.8129792867675502,
      0.8122327178067262,
      0.8122229720291573,
      0.8128259513683411,
      0.8124998699282227,
      0.8122958557305058,
      0.8125316021866104,
      0.8124281867142448,
      0.8126443025258728,
      0.8126466531556846,
      0.8121902811657439,
      0.8129220163116045,
      0.8122709534223364,
      0.8122059853667366,
      0.8128009256144532,
      0.8124929585481063,
      0.8121783824055734,
      0.812376841648975,
      0.8119022721955003,
      0.8125168266210184,
      0.8118832596830131
    ],