{
  "config": {
    "dataset": "acdc",
    "backbone": "sam2",
    "model_name": "sam2_1_hiera_large",
    "decoder": "conv_decoder",
    "embed_dim": 576,
    "cache_layers": [
      9,
      21,
      33,
      44
    ],
    "probe_layers": [
      9,
      21,
      33,
      44
    ],
    "lr": 0.001,
    "weight_decay": 0.001,
    "batch_size": 16,
    "n_epochs": 100,
    "patience": 20,
    "seed": 0,
    "trainable_params": 2802692
  },
  "per_class_dice": {
    "BG": 0.9893929084426809,
    "RV": 0.8551039879042138,
    "MYO": 0.8139853169343693,
    "LV": 0.925838346677026
  },
  "macro_dice": 0.8649758838385364,
  "training_history": {
    "train_loss": [
      0.8292768131941557,
      0.4807679057121277,
      0.4210095362116893,
      0.38946550836165744,
      0.3719320623204112,
      0.35406235170861083,
      0.3410276072099805,
      0.3195374715141952,
      0.3123971438035369,
      0.3023284062122305,
      0.28738386727248627,
      0.28025851662581164,
      0.2715864667358498,
      0.27107350636894506,
      0.264716947140793,
      0.2530136373825371,
      0.24569741232941547,
      0.24206075180942813,
      0.2392486579095324,
      0.23254501478125653,
      0.22757283970713615,
      0.2308644188257555,
      0.2180956375474731,
      0.21404782480870685,
      0.20983472652733326,
      0.2059407395621141,
      0.20343112914512554,
      0.1974103176034987,
      0.19281978781024614,
      0.18802430232365927,
      0.19325561759372553,
      0.18892089122285446,
      0.19091866739715138,
      0.18393724675600728,
      0.1786611145362258,
      0.17217889241874218,
      0.17003311946367225,
      0.17223265580832958,
      0.16808005034302673,
      0.16122043939928213,
      0.16457003370548287,
      0.16013807182510695,
      0.15833060629665852,
      0.1534857644389073,
      0.15288399377216896,
      0.15626110648736358,
      0.14988739245260754,
      0.14632580786322555,
      0.14417172549292445,
      0.14267429096313813,
      0.14291533563906947,
      0.14176469187562665,
      0.14018589436697462,
      0.14057054766453803,
      0.13763067335821688,
      0.13619235809892416,
      0.13142254622653127,
      0.12853650702163577,
      0.12616072199307382,
      0.1259546282235533,
      0.12608662984954813,
      0.12306548422202468,
      0.12149965142210324,
      0.12050416281757255,
      0.11934340551185112,
      0.11906209494918585,
      0.11734530329704285,
      0.11731313184524576,
      0.1145069789296637,
      0.11390432715415955,
      0.1126902704903235,
      0.11061694674814741
    ],
    "val_macro_dice": [
      0.7712236170928634,
      0.7891154610493833,
      0.7426334886114375,
      0.8375716027555998,
      0.8268928851730809,
      0.8421640376953796,
      0.8234230263676126,
      0.8510127803849356,
      0.8525669624799098,
      0.8525778009470532,
      0.851472543497572,
      0.867091883874474,
      0.8681578166260436,
      0.8582485704068711,
      0.8476054089472531,
      0.8533196315349926,
      0.8737024284856205,
      0.8469618062464043,
      0.8651516896262127,
      0.8640277956227291,
      0.8658516881269366,
      0.85349699128398,
      0.8693613144274126,
      0.8634362406206497,
      0.8428168764139264,
      0.851476147883265,
      0.866984613230016,
      0.860703549336956,
      0.8623691498601916,
      0.8652167893914496,
      0.8592738261821448,
      0.8749881882871783,
      0.8659045320268159,
      0.8351470017204748,
      0.8703230391154005,
      0.8684559770925246,
      0.8709335011288911,
      0.8560385206181519,
      0.87499178169388,
      0.8739121262890501,
      0.8724979740628918,
      0.8780107909115068,
      0.871436003291257,
      0.8699365572604285,
      0.8656270022050091,
      0.8763124893399015,
      0.8766653800694906,
      0.8665268088140133,
      0.8620648961469445,
      0.8759758673662623,
      0.8745747011523187,
      0.8785172493943959,
      0.8756029835307055,
      0.8735666799056805,
      0.8709828239382356,
      0.8757618829472905,
      0.8751507490191938,
      0.8735274734682056,
      0.878354141255592,
      0.8667054784084961,
      0.874450019609732,
      0.8750221240171601,
      0.8737162472193543,
      0.8756122011258686,
      0.877078667711915,
      0.8705351336518424,
      0.8709288591521128,
      0.8774550025901827,
      0.8766649914488683,
      0.8755621706096041,
      0.8764431980935184,
      0.87445050305438
    ],
    "lr": [
      0.0009997532801828658,
      0.0009990133642141358,
      0.00099778098230154,
      0.000996057350657239,
      0.0009938441702975688,
      0.0009911436253643444,
      0.0009879583809693736,
      0.0009842915805643154,
      0.0009801468428384714,
      0.0009755282581475767,
      0.0009704403844771127,
      0.0009648882429441257,
      0.0009588773128419905,
      0.0009524135262330098,
      0.0009455032620941839,
      0.0009381533400219318,
      0.0009303710135019719,
      0.0009221639627510076,
      0.000913540287137281,
      0.0009045084971874739,
      0.0008950775061878452,
      0.0008852566213878947,
      0.0008750555348152298,
      0.0008644843137107057,
      0.0008535533905932737,
      0.0008422735529643444,
      0.0008306559326618259,
      0.0008187119948743449,
      0.0008064535268264883,
      0.0007938926261462367,
      0.0007810416889260654,
      0.0007679133974894983,
      0.0007545207078751857,
      0.0007408768370508577,
      0.0007269952498697734,
      0.0007128896457825364,
      0.0006985739453173903,
      0.0006840622763423391,
      0.0006693689601226458,
      0.0006545084971874737,
      0.0006394955530196147,
      0.0006243449435824273,
      0.0006090716206982714,
      0.0005936906572928625,
      0.0005782172325201156,
      0.0005626666167821523,
      0.0005470541566592572,
      0.0005313952597646569,
      0.0005157053795390643,
      0.0005000000000000002,
      0.00048429462046093607,
      0.0004686047402353435,
      0.000452945843340743,
      0.00043733338321784806,
      0.0004217827674798847,
      0.00040630934270713783,
      0.000390928379301729,
      0.0003756550564175727,
      0.00036050444698038553,
      0.00034549150281252655,
      0.0003306310398773544,
      0.00031593772365766127,
      0.0003014260546826097,
      0.0002871103542174637,
      0.0002730047501302267,
      0.00025912316294914234,
      0.0002454792921248144,
      0.00023208660251050164,
      0.00021895831107393473,
      0.00020610737385376356,
      0.00019354647317351177,
      0.0001812880051256552
    ]
  },
  "best_val_dice": 0.8785172493943959,
  "best_epoch": 52,
  "per_slice_metrics_file": "sam2_1_hiera_large_conv_decoder_20260422_160648_per_slice.csv",
  "n_test_slices": 916,
  "per_stack_metrics_file": "sam2_1_hiera_large_conv_decoder_20260422_160648_per_stack.csv",
  "n_test_stacks": 100
}