{
  "config": {
    "dataset": "acdc",
    "backbone": "sam2",
    "model_name": "sam2_1_hiera_small",
    "decoder": "unetr",
    "embed_dim": 384,
    "cache_layers": [
      4,
      7,
      11,
      14
    ],
    "probe_layers": [
      4,
      7,
      11,
      14
    ],
    "lr": 0.001,
    "weight_decay": 0.001,
    "batch_size": 16,
    "n_epochs": 100,
    "patience": 20,
    "seed": 0,
    "trainable_params": 31016868
  },
  "per_class_dice": {
    "BG": 0.9893028325255846,
    "RV": 0.8664175984951374,
    "MYO": 0.8074367740967588,
    "LV": 0.9299942262750276
  },
  "macro_dice": 0.8679495329556414,
  "training_history": {
    "train_loss": [
      2.130376935005188,
      1.178752029935519,
      0.8815093338489532,
      0.6648573676745096,
      0.5833918948968252,
      0.5598118677735329,
      0.515012172361215,
      0.4519529615839322,
      0.4070701350768407,
      0.38660451024770737,
      0.36107365041971207,
      0.3371819034218788,
      0.3335264176130295,
      0.31251006325085956,
      0.3150763859351476,
      0.2938431029518445,
      0.26903271675109863,
      0.2551589012145996,
      0.238307885825634,
      0.2278599739074707,
      0.23034567634264627,
      0.22905043636759123,
      0.2159450463950634,
      0.20797651261091232,
      0.1916959583759308,
      0.18510382249951363,
      0.18463430305322012,
      0.17552450299263,
      0.16884966070453325,
      0.16230095053712526,
      0.15408979604641596,
      0.15022524942954382,
      0.1470514995356401,
      0.14238117138544717,
      0.13954210529724756,
      0.13546555737654367,
      0.12962581713994345,
      0.13069384669264159,
      0.1262915146847566,
      0.12384660231570403,
      0.12256043155988057,
      0.11757689528167248,
      0.11510978266596794,
      0.11140224834283192,
      0.10871723170081775,
      0.10967069740096728,
      0.1097492886086305,
      0.1137052917232116,
      0.11413629290958245,
      0.11204623368879159,
      0.1137922586252292,
      0.11329554269711177,
      0.1092671553293864,
      0.10244332191844781,
      0.0985802561044693,
      0.0967614861826102,
      0.09538976040979226,
      0.09399680607020855,
      0.09110659857590993,
      0.0905648364375035,
      0.08836198287705581,
      0.08794844336807728,
      0.08650397385160129,
      0.08457209852834542,
      0.08493777799109618,
      0.08449516507486503,
      0.084447397540013,
      0.08358064542214076,
      0.08291851356625557,
      0.08191573681930701,
      0.08080001113315423,
      0.08066858102877934,
      0.0803066436201334,
      0.0791894191255172,
      0.07918095029890537
    ],
    "val_macro_dice": [
      0.33805341361308416,
      0.5853964361769842,
      0.6666892705482618,
      0.7570571959476767,
      0.7481293524631453,
      0.76869152833371,
      0.7596153265935861,
      0.8052976014310612,
      0.8012330167094013,
      0.8256144809856062,
      0.8333583717101565,
      0.8053088384283402,
      0.8064223738243893,
      0.786340243365999,
      0.8473160170516101,
      0.8508745559350182,
      0.8626732795559717,
      0.8610153416283352,
      0.8708101502163702,
      0.8634164235970067,
      0.8402745293038256,
      0.8539102298255209,
      0.861801732038757,
      0.8647802013557592,
      0.8587642573564708,
      0.8709430718320833,
      0.8747362311256982,
      0.8646350593092151,
      0.8685903103879408,
      0.8712469536647268,
      0.8752117481148217,
      0.8734492358098228,
      0.8757657174114394,
      0.8793220273512565,
      0.8769500815449144,
      0.8749004315245074,
      0.8780504399179124,
      0.8730726518838529,
      0.8778360196509748,
      0.8748289280751779,
      0.8776945736909951,
      0.8752607575193986,
      0.8790691886742591,
      0.8802690526672209,
      0.8781134889456467,
      0.878741450633793,
      0.875109126616134,
      0.8717882204330314,
      0.8729264914945958,
      0.8753271793153002,
      0.878370077257426,
      0.8776432108238222,
      0.8790608614821028,
      0.8786193738855506,
      0.881962493627429,
      0.8762017270816123,
      0.8797971504289174,
      0.8806110774001131,
      0.8777593546215305,
      0.8799429702133525,
      0.877932395711746,
      0.8790833207539462,
      0.8792532762831405,
      0.8773835987183459,
      0.8788006164521872,
      0.8784901430092185,
      0.8787310264024036,
      0.878987332287542,
      0.8787749307942665,
      0.8782411051495548,
      0.8784715796365415,
      0.8783266356317849,
      0.8779160024617366,
      0.8776779030545088,
      0.8780600353712212
    ],
    "lr": [
      0.0009997532801828658,
      0.0009990133642141358,
      0.00099778098230154,
      0.000996057350657239,
      0.0009938441702975688,
      0.0009911436253643444,
      0.0009879583809693736,
      0.0009842915805643154,
      0.0009801468428384714,
      0.0009755282581475767,
      0.0009704403844771127,
      0.0009648882429441257,
      0.0009588773128419905,
      0.0009524135262330098,
      0.0009455032620941839,
      0.0009381533400219318,
      0.0009303710135019719,
      0.0009221639627510076,
      0.000913540287137281,
      0.0009045084971874739,
      0.0008950775061878452,
      0.0008852566213878947,
      0.0008750555348152298,
      0.0008644843137107057,
      0.0008535533905932737,
      0.0008422735529643444,
      0.0008306559326618259,
      0.0008187119948743449,
      0.0008064535268264883,
      0.0007938926261462367,
      0.0007810416889260654,
      0.0007679133974894983,
      0.0007545207078751857,
      0.0007408768370508577,
      0.0007269952498697734,
      0.0007128896457825364,
      0.0006985739453173903,
      0.0006840622763423391,
      0.0006693689601226458,
      0.0006545084971874737,
      0.0006394955530196147,
      0.0006243449435824273,
      0.0006090716206982714,
      0.0005936906572928625,
      0.0005782172325201156,
      0.0005626666167821523,
      0.0005470541566592572,
      0.0005313952597646569,
      0.0005157053795390643,
      0.0005000000000000002,
      0.00048429462046093607,
      0.0004686047402353435,
      0.000452945843340743,
      0.00043733338321784806,
      0.0004217827674798847,
      0.00040630934270713783,
      0.000390928379301729,
      0.0003756550564175727,
      0.00036050444698038553,
      0.00034549150281252655,
      0.0003306310398773544,
      0.00031593772365766127,
      0.0003014260546826097,
      0.0002871103542174637,
      0.0002730047501302267,
      0.00025912316294914234,
      0.0002454792921248144,
      0.00023208660251050164,
      0.00021895831107393473,
      0.00020610737385376356,
      0.00019354647317351177,
      0.0001812880051256552,
      0.00016934406733817422,
      0.0001577264470356557,
      0.00014644660940672634
    ]
  },
  "best_val_dice": 0.881962493627429,
  "best_epoch": 55,
  "per_sample_metrics_file": "sam2_1_hiera_small_unetr_20260421_141249_per_sample.csv",
  "n_test_samples": 100,
  "per_slice_metrics_file": "sam2_1_hiera_small_unetr_20260421_141249_per_slice.csv",
  "n_test_slices": 916
}