{
  "config": {
    "dataset": "acdc",
    "backbone": "sam2",
    "model_name": "sam2_1_hiera_base_plus",
    "decoder": "linear_probe",
    "embed_dim": 448,
    "cache_layers": [
      6,
      11,
      16,
      21
    ],
    "probe_layers": [
      21
    ],
    "lr": 0.001,
    "weight_decay": 0.001,
    "batch_size": 16,
    "n_epochs": 100,
    "patience": 20,
    "seed": 0,
    "trainable_params": 2692
  },
  "per_class_dice": {
    "BG": 0.984507400393967,
    "RV": 0.7827139463637403,
    "MYO": 0.7041958852780337,
    "LV": 0.8729502433817802
  },
  "macro_dice": 0.7866200250078513,
  "training_history": {
    "train_loss": [
      1.407591658954819,
      0.5475850068032742,
      0.4664748776704073,
      0.44079548461983603,
      0.4272036626935005,
      0.41901214110354584,
      0.4122611278047164,
      0.4060957059264183,
      0.4030463683108489,
      0.3977979278812806,
      0.3982253683110078,
      0.3917164734254281,
      0.3933468187848727,
      0.39024922748406726,
      0.39002408025165397,
      0.3898034580051899,
      0.38740054704248905,
      0.38351694618662197,
      0.38619114582737285,
      0.3858473524451256,
      0.3843303890898824,
      0.3843073385457198,
      0.3825240886459748,
      0.3831807232151429,
      0.38121679952989024,
      0.3803875260055065,
      0.3792921807616949,
      0.38091929101695615,
      0.3767132746676604,
      0.37700627868374187,
      0.3799820166702072,
      0.3760122082506617,
      0.3793619216109316,
      0.38034782869120437,
      0.375631095841527,
      0.37793015750745934,
      0.37831765444328386,
      0.37640538190801937,
      0.37799679301679134,
      0.37808346406867105,
      0.37897044979035854,
      0.3769100435699026,
      0.37832722036788863,
      0.37475314022352296,
      0.37688316963613033,
      0.3762113821382324,
      0.37798004876822233,
      0.377171006364127,
      0.3749816035851836,
      0.3742523826658726,
      0.37419834546744823,
      0.3751210769017537,
      0.37561387786020833,
      0.3747095263873537,
      0.3764095005268852,
      0.3741853917017579,
      0.3767274562269449,
      0.3732188530266285,
      0.3776599010452628,
      0.37609633648147184,
      0.37414482204864424,
      0.3759190598502755,
      0.37599678710103035,
      0.37531603562335175,
      0.3744545743490259,
      0.37432308464000624,
      0.37489682032416266,
      0.3761968907589714,
      0.37513628291587037,
      0.3717649867758155,
      0.373194661612312,
      0.3734829059491555,
      0.37432945519685745,
      0.37393417364607257,
      0.37590646867950755,
      0.37345684443910915,
      0.37488155253231525,
      0.37295412955184776,
      0.37317490360389155,
      0.3718940382823348,
      0.3762502868970235
    ],
    "val_macro_dice": [
      0.7183428635260118,
      0.7552474672439385,
      0.7669879263177232,
      0.7747357814224749,
      0.7805270744007542,
      0.7845449455869282,
      0.7846685032909847,
      0.788955714349251,
      0.7912180009618323,
      0.7927863454423735,
      0.7932974879013601,
      0.7944622087777747,
      0.7963043108156199,
      0.7959206756094023,
      0.7961965511460191,
      0.7974009638925225,
      0.7983550857232871,
      0.7980916188857062,
      0.8000021069250102,
      0.7997904143905114,
      0.8011896110535299,
      0.8004697904040888,
      0.8008668416087875,
      0.8008839447715833,
      0.8003038794722735,
      0.8006729045545157,
      0.8012880756971078,
      0.8020395376647268,
      0.8023069175636586,
      0.8014411471931339,
      0.801685956956808,
      0.8018532460970671,
      0.8025199943573641,
      0.8033500777856402,
      0.8031116421587509,
      0.8032530984216953,
      0.8027878085454759,
      0.8024952907458394,
      0.8034323062549569,
      0.8031192818918523,
      0.8037589971047474,
      0.8031406571927061,
      0.8038304443311189,
      0.8037151047407151,
      0.803727337335273,
      0.8040327091133538,
      0.8033268946566002,
      0.804190088803631,
      0.8029357992549083,
      0.8037176832679741,
      0.8039224399998726,
      0.8044410343317042,
      0.8038866553803786,
      0.8036538293364619,
      0.8038292046294403,
      0.8048311449857369,
      0.8054349864149493,
      0.8048372232674171,
      0.8044502595621181,
      0.8049953936500773,
      0.8056994651273994,
      0.804946231152241,
      0.8046065011597782,
      0.8046830004755029,
      0.8046977578861106,
      0.8046453181239999,
      0.8047068644913393,
      0.8044802443012857,
      0.8052376881628301,
      0.804148111889439,
      0.8054699202736589,
      0.8051655542498525,
      0.8049561040840855,
      0.8052359905568428,
      0.8049059151257896,
      0.8052511759503099,
      0.8049566486134561,
      0.8052008788053708,
      0.8049138150534317,
      0.8051001972941224,
      0.8050422895106776
    ],
    "lr": [
      0.0009997532801828658,
      0.0009990133642141358,
      0.00099778098230154,
      0.000996057350657239,
      0.0009938441702975688,
      0.0009911436253643444,
      0.0009879583809693736,
      0.0009842915805643154,
      0.0009801468428384714,
      0.0009755282581475767,
      0.0009704403844771127,
      0.0009648882429441257,
      0.0009588773128419905,
      0.0009524135262330098,
      0.0009455032620941839,
      0.0009381533400219318,
      0.0009303710135019719,
      0.0009221639627510076,
      0.000913540287137281,
      0.0009045084971874739,
      0.0008950775061878452,
      0.0008852566213878947,
      0.0008750555348152298,
      0.0008644843137107057,
      0.0008535533905932737,
      0.0008422735529643444,
      0.0008306559326618259,
      0.0008187119948743449,
      0.0008064535268264883,
      0.0007938926261462367,
      0.0007810416889260654,
      0.0007679133974894983,
      0.0007545207078751857,
      0.0007408768370508577,
      0.0007269952498697734,
      0.0007128896457825364,
      0.0006985739453173903,
      0.0006840622763423391,
      0.0006693689601226458,
      0.0006545084971874737,
      0.0006394955530196147,
      0.0006243449435824273,
      0.0006090716206982714,
      0.0005936906572928625,
      0.0005782172325201156,
      0.0005626666167821523,
      0.0005470541566592572,
      0.0005313952597646569,
      0.0005157053795390643,
      0.0005000000000000002,
      0.00048429462046093607,
      0.0004686047402353435,
      0.000452945843340743,
      0.00043733338321784806,
      0.0004217827674798847,
      0.00040630934270713783,
      0.000390928379301729,
      0.0003756550564175727,
      0.00036050444698038553,
      0.00034549150281252655,
      0.0003306310398773544,
      0.00031593772365766127,
      0.0003014260546826097,
      0.0002871103542174637,
      0.0002730047501302267,
      0.00025912316294914234,
      0.0002454792921248144,
      0.00023208660251050164,
      0.00021895831107393473,
      0.00020610737385376356,
      0.00019354647317351177,
      0.0001812880051256552,
      0.00016934406733817422,
      0.0001577264470356557,
      0.00014644660940672634,
      0.0001355156862892944,
      0.00012494446518477025,
      0.00011474337861210548,
      0.00010492249381215483,
      9.549150281252637e-05,
      8.645971286271918e-05
    ]
  },
  "best_val_dice": 0.8056994651273994,
  "best_epoch": 61,
  "per_slice_metrics_file": "sam2_1_hiera_base_plus_linear_probe_20260422_160647_per_slice.csv",
  "n_test_slices": 916,
  "per_stack_metrics_file": "sam2_1_hiera_base_plus_linear_probe_20260422_160647_per_stack.csv",
  "n_test_stacks": 100
}