{
  "config": {
    "dataset": "acdc",
    "backbone": "sam2",
    "model_name": "sam2_1_hiera_large",
    "decoder": "unetr",
    "embed_dim": 576,
    "cache_layers": [
      9,
      21,
      33,
      44
    ],
    "probe_layers": [
      9,
      21,
      33,
      44
    ],
    "lr": 0.001,
    "weight_decay": 0.001,
    "batch_size": 16,
    "n_epochs": 100,
    "patience": 20,
    "seed": 0,
    "trainable_params": 36177828
  },
  "per_class_dice": {
    "BG": 0.990080021514945,
    "RV": 0.8749346570152347,
    "MYO": 0.8197467219149249,
    "LV": 0.9306005639493254
  },
  "macro_dice": 0.8750939809598283,
  "training_history": {
    "train_loss": [
      2.2625224391619363,
      1.3322175492842991,
      0.8414514015118281,
      0.6532192379236221,
      0.5628990630308787,
      0.5246099258462588,
      0.4625650669137637,
      0.4419189766049385,
      0.40432043621937436,
      0.37272605299949646,
      0.36083704481522244,
      0.34977903713782627,
      0.3278444930911064,
      0.30603933582703274,
      0.30151621500651044,
      0.2912601977586746,
      0.27269022663434345,
      0.2653393509487311,
      0.2437314266959826,
      0.22918417180577913,
      0.22895467529694238,
      0.223263589044412,
      0.21084909265240034,
      0.20411145190397897,
      0.19010488937298456,
      0.18468942865729332,
      0.17546935876210532,
      0.1679616185526053,
      0.15960224717855453,
      0.1624446821709474,
      0.16657989596327147,
      0.15166253472367922,
      0.1447357013821602,
      0.14499632517496744,
      0.13663516441980997,
      0.13424875711401305,
      0.12819099115828672,
      0.12749607426424822,
      0.12421878365178902,
      0.11954035920401414,
      0.1158094002554814,
      0.11149933375418186,
      0.1082530536999305,
      0.10559150017797947,
      0.10462092608213425,
      0.10581431351602077,
      0.10657180349032085,
      0.10654172922174136,
      0.10337189709146817,
      0.10750826013584931,
      0.10132142156362534,
      0.09941318196554978,
      0.09725807917614777,
      0.0937319037814935,
      0.09218162981172402,
      0.09139325531820457,
      0.09032220269242923,
      0.08968298323452473,
      0.0896851575622956,
      0.0889696975549062,
      0.08607770750919978,
      0.0852111919472615,
      0.08336297981441021,
      0.08169363004465897
    ],
    "val_macro_dice": [
      0.2943869703794904,
      0.5403527896576147,
      0.6542748693524134,
      0.7643614990775814,
      0.761467830515158,
      0.800163560539719,
      0.7623093297023003,
      0.8231527593930174,
      0.794584138680723,
      0.8352051803295715,
      0.8482986073469952,
      0.8100080768667105,
      0.827028378463548,
      0.8195076355620227,
      0.8172579672376571,
      0.8337441336774204,
      0.8626304544288436,
      0.855324054744286,
      0.8801220017910122,
      0.8608398861105666,
      0.8631340385925705,
      0.8607547092493824,
      0.8545167588291959,
      0.8735712434688837,
      0.8719200063972917,
      0.870166951503502,
      0.8735817973751573,
      0.8792021468147412,
      0.8623361431768037,
      0.8802349378717674,
      0.8797759442745624,
      0.8770441247924706,
      0.880372638470432,
      0.8731165840238145,
      0.8763911970591624,
      0.8791065139110094,
      0.8714715896349573,
      0.8793462615755891,
      0.878778308911155,
      0.8785420326545395,
      0.8819449910527403,
      0.8785127835070385,
      0.8813945960173747,
      0.88358264818197,
      0.8789959493029319,
      0.8821193201141376,
      0.8797933381625836,
      0.875887713339032,
      0.8714379437110799,
      0.8775481407132255,
      0.8815110027699363,
      0.8764863240760864,
      0.8809234901081272,
      0.8825308745587664,
      0.8788088263282688,
      0.8788725114368234,
      0.8795086714816822,
      0.8775409291417419,
      0.8793119718707118,
      0.8812610542438742,
      0.8803159725090696,
      0.8803218324999645,
      0.8807212970936221,
      0.8793878165782599
    ],
    "lr": [
      0.0009997532801828658,
      0.0009990133642141358,
      0.00099778098230154,
      0.000996057350657239,
      0.0009938441702975688,
      0.0009911436253643444,
      0.0009879583809693736,
      0.0009842915805643154,
      0.0009801468428384714,
      0.0009755282581475767,
      0.0009704403844771127,
      0.0009648882429441257,
      0.0009588773128419905,
      0.0009524135262330098,
      0.0009455032620941839,
      0.0009381533400219318,
      0.0009303710135019719,
      0.0009221639627510076,
      0.000913540287137281,
      0.0009045084971874739,
      0.0008950775061878452,
      0.0008852566213878947,
      0.0008750555348152298,
      0.0008644843137107057,
      0.0008535533905932737,
      0.0008422735529643444,
      0.0008306559326618259,
      0.0008187119948743449,
      0.0008064535268264883,
      0.0007938926261462367,
      0.0007810416889260654,
      0.0007679133974894983,
      0.0007545207078751857,
      0.0007408768370508577,
      0.0007269952498697734,
      0.0007128896457825364,
      0.0006985739453173903,
      0.0006840622763423391,
      0.0006693689601226458,
      0.0006545084971874737,
      0.0006394955530196147,
      0.0006243449435824273,
      0.0006090716206982714,
      0.0005936906572928625,
      0.0005782172325201156,
      0.0005626666167821523,
      0.0005470541566592572,
      0.0005313952597646569,
      0.0005157053795390643,
      0.0005000000000000002,
      0.00048429462046093607,
      0.0004686047402353435,
      0.000452945843340743,
      0.00043733338321784806,
      0.0004217827674798847,
      0.00040630934270713783,
      0.000390928379301729,
      0.0003756550564175727,
      0.00036050444698038553,
      0.00034549150281252655,
      0.0003306310398773544,
      0.00031593772365766127,
      0.0003014260546826097,
      0.0002871103542174637
    ]
  },
  "best_val_dice": 0.88358264818197,
  "best_epoch": 44,
  "per_sample_metrics_file": "sam2_1_hiera_large_unetr_20260421_141249_per_sample.csv",
  "n_test_samples": 100,
  "per_slice_metrics_file": "sam2_1_hiera_large_unetr_20260421_141249_per_slice.csv",
  "n_test_slices": 916
}