{
  "config": {
    "dataset": "acdc",
    "backbone": "sam2",
    "model_name": "sam2_1_hiera_large",
    "decoder": "linear_probe",
    "embed_dim": 576,
    "cache_layers": [
      9,
      21,
      33,
      44
    ],
    "probe_layers": [
      44
    ],
    "lr": 0.001,
    "weight_decay": 0.001,
    "batch_size": 16,
    "n_epochs": 100,
    "patience": 20,
    "seed": 0,
    "trainable_params": 3460
  },
  "per_class_dice": {
    "BG": 0.985526471035138,
    "RV": 0.7952853811603018,
    "MYO": 0.7290038115689921,
    "LV": 0.8822326460760158
  },
  "macro_dice": 0.8021739462684366,
  "training_history": {
    "train_loss": [
      1.3171862699091434,
      0.49627033714205027,
      0.43198625401904184,
      0.4111371925100684,
      0.3982178481916587,
      0.3900687467927734,
      0.38431562824795645,
      0.37811468727886677,
      0.3731062061463793,
      0.37102439782271784,
      0.36758080683648586,
      0.36521159298717976,
      0.3679690317561229,
      0.36105799054106075,
      0.36104306175063056,
      0.35957260243594646,
      0.35982280876487494,
      0.3560713442663352,
      0.3559814042722185,
      0.35557414684444666,
      0.3564008129760623,
      0.355554695862035,
      0.35237223623941344,
      0.3528283682341377,
      0.352638680798312,
      0.35128258913755417,
      0.35078192098687094,
      0.3512963317334652,
      0.3501975064476331,
      0.34821650478988886,
      0.3478474939862887,
      0.34878970744709176,
      0.3515009529267748,
      0.3496364215388894,
      0.3468613795315226,
      0.3510349749897917,
      0.3469613619769613,
      0.35091997186342877,
      0.34661760708938044,
      0.34590714673201245,
      0.3461355799809098,
      0.34622201199332875,
      0.3463382829601566,
      0.347365767074128,
      0.34662853584935266,
      0.3471214799210429,
      0.3478749090184768,
      0.34771071436504525,
      0.3444893692309658,
      0.34618006739765406,
      0.3437554693470399,
      0.346324320572118,
      0.3483939797927936,
      0.34856085510303575,
      0.3468271192784111,
      0.34373138068864745,
      0.34871445161600906,
      0.3451374812672536,
      0.34478470248480636,
      0.34577084239572287,
      0.3435074199611942,
      0.3452365503956874,
      0.34281810528288287,
      0.345125631429255,
      0.3424379853531718,
      0.345487205311656,
      0.34227232293536264,
      0.3445226938153307,
      0.34438477518657845,
      0.34465001958111924,
      0.34437798149883747,
      0.34215746944149333,
      0.34497900648663443,
      0.34359540541966754,
      0.34459534970422584,
      0.3447469895084699,
      0.3461619618659218,
      0.3446192291254799,
      0.34389599319547415,
      0.34114486010124284,
      0.3436191364501913,
      0.34236216948678094,
      0.3421764054025213,
      0.3437329599012931,
      0.3433877443894744,
      0.3440961390733719,
      0.3465813084815939,
      0.34233832483490306,
      0.34630435332655907,
      0.3426979739839832,
      0.34538678110887605,
      0.34431285224854946,
      0.345226986023287,
      0.34381259760508937,
      0.34360697617133457,
      0.3436979738374551,
      0.3426652376850446,
      0.3429573619117339,
      0.34252426121383905,
      0.342283312852184
    ],
    "val_macro_dice": [
      0.7385233991884496,
      0.7699245644280347,
      0.7799441174794314,
      0.7875179624298764,
      0.7924470874673514,
      0.7961269367517271,
      0.7975604105209518,
      0.8004699844641227,
      0.803480403155,
      0.8037622867550068,
      0.8050065327111072,
      0.8066996115034429,
      0.8083365231963086,
      0.8090338574112899,
      0.8091132411971335,
      0.8096702717364802,
      0.8104988143732373,
      0.8111282152178118,
      0.8108215539051421,
      0.8110615934758458,
      0.8108525277132994,
      0.8117430472745726,
      0.8129572214464779,
      0.8135480243749238,
      0.8141617257477805,
      0.8146221288374281,
      0.8153312270915795,
      0.8144234510326265,
      0.8144322467366768,
      0.8147824195444322,
      0.8147388691883873,
      0.8149321182751309,
      0.8156978563384625,
      0.8152453560984472,
      0.8160351080448575,
      0.8153620436178385,
      0.8160674779438247,
      0.8164157670055293,
      0.8162566089730107,
      0.8158948462417032,
      0.8159129675925128,
      0.8147467314537463,
      0.8168669712883027,
      0.8177477763835875,
      0.8161055497653834,
      0.81685735678286,
      0.8174090999962464,
      0.8156387996530853,
      0.8175586815068603,
      0.81735124262164,
      0.8169455153696582,
      0.8166613957344536,
      0.8177655639086346,
      0.8179933747293542,
      0.8176285535199564,
      0.8184326538078288,
      0.8170502423307653,
      0.8178412415955929,
      0.8179445096579744,
      0.8169559959488047,
      0.8184476757789833,
      0.8178882155894875,
      0.8183223211764169,
      0.8177416316335165,
      0.8184871510047773,
      0.818227404308097,
      0.8177896116441222,
      0.81862399743014,
      0.8180594543400787,
      0.8186095430437083,
      0.8183237958727211,
      0.8187721918901714,
      0.8181339684741884,
      0.8183516175975085,
      0.8179333818613377,
      0.8176188809559969,
      0.8180601940160496,
      0.8178920415747762,
      0.818712195966568,
      0.8186353670782509,
      0.8185048390142297,
      0.8183164598634364,
      0.8186565161573024,
      0.8179343788100132,
      0.8181000310781489,
      0.818524917943272,
      0.8185136747641327,
      0.8185998929299818,
      0.8188716463247347,
      0.8182514254401725,
      0.8185332115312463,
      0.8184463564087974,
      0.8185507915892661,
      0.818610349490975,
      0.8183514303611513,
      0.818837193923276,
      0.8185320952694827,
      0.8184237091003846,
      0.8182357400703307,
      0.8185134305864538
    ],