{
  "config": {
    "dataset": "acdc",
    "backbone": "sam2",
    "model_name": "sam2_1_hiera_small",
    "decoder": "conv_decoder",
    "embed_dim": 384,
    "cache_layers": [
      4,
      7,
      11,
      14
    ],
    "probe_layers": [
      4,
      7,
      11,
      14
    ],
    "lr": 0.001,
    "weight_decay": 0.001,
    "batch_size": 16,
    "n_epochs": 100,
    "patience": 20,
    "seed": 0,
    "trainable_params": 1917956
  },
  "per_class_dice": {
    "BG": 0.9885138078538462,
    "RV": 0.8456656558783638,
    "MYO": 0.8040276917889362,
    "LV": 0.9211395522716245
  },
  "macro_dice": 0.8569442999796415,
  "training_history": {
    "train_loss": [
      0.8221456231549382,
      0.49403441107521456,
      0.4314364728828271,
      0.39972724330921966,
      0.37519978421429795,
      0.3575860867276788,
      0.3437553243711591,
      0.3264266870295008,
      0.32188234478235245,
      0.3041649414226413,
      0.29186519095674157,
      0.2832237770780921,
      0.27840410141895217,
      0.2814412165122728,
      0.26828878760958713,
      0.2557928559059898,
      0.2500665169209242,
      0.2452723466170331,
      0.2395040667615831,
      0.23466405908887586,
      0.2288466088163356,
      0.23400662451361617,
      0.2280041559909781,
      0.21951642089212933,
      0.21659205683196583,
      0.21049584060286483,
      0.20918977508942285,
      0.2036727510082225,
      0.1991129412005345,
      0.19239380039895573,
      0.1936697562535604,
      0.18993356513480344,
      0.19097972055897117,
      0.1878383873651425,
      0.18125516502186656,
      0.17692112876102328,
      0.1777383671142161,
      0.17988795523221293,
      0.1766531572987636,
      0.1709720678627491,
      0.16827459260821342,
      0.16507275433590016,
      0.16504153764496246,
      0.16256950283423066,
      0.16402641482030353,
      0.16414942716558775,
      0.15529752429574728,
      0.15261950281759104,
      0.1503420133764545,
      0.1532404279957215,
      0.148915053345263,
      0.14702101284638047,
      0.14731251588091254,
      0.1454938299333056,
      0.14264585225222012,
      0.138746207812801,
      0.13731344075252613,
      0.13642198235417405,
      0.13543690702257058,
      0.1331820443738252,
      0.13236549325908223,
      0.12958534682790437,
      0.12918585965720317,
      0.12857483994836608,
      0.12670584837906063,
      0.12695914274081588,
      0.1252709312054018,
      0.12505124990517894,
      0.12288117005179326,
      0.12069160211831331,
      0.11964826285839081,
      0.11919955412546794,
      0.11847206515570481,
      0.11842740187421441,
      0.11629650128694873,
      0.11680322365524869,
      0.11501170430953304,
      0.11461534327827394,
      0.1131221492930005
    ],
    "val_macro_dice": [
      0.7773656658650273,
      0.8015926953839928,
      0.7882728488466823,
      0.8270096284891197,
      0.8371281845030906,
      0.8233369071277606,
      0.8422869951199422,
      0.8467992028707018,
      0.8470137935857105,
      0.8531981431017343,
      0.8526704905012258,
      0.8646696630397877,
      0.8665317896560714,
      0.8481915646464624,
      0.8463330793086737,
      0.8573300828651985,
      0.8591200138082371,
      0.856004025962637,
      0.863056408153564,
      0.8622163446548387,
      0.8644422720620453,
      0.8548764367751831,
      0.8688870406876794,
      0.852949933337178,
      0.8500312346393746,
      0.8508222177010446,
      0.8601766298840344,
      0.8566317856416931,
      0.8623563176568462,
      0.8656020641550123,
      0.8637700230503924,
      0.8667269288139149,
      0.8691847351347208,
      0.8590587200793399,
      0.8671858813623602,
      0.8681085040856508,
      0.8645733960359548,
      0.8556314515482651,
      0.8688922445079644,
      0.8698723437386612,
      0.8670358677757823,
      0.8704197914029216,
      0.8671585067479443,
      0.865317817736997,
      0.8716573008144662,
      0.8710219847191613,
      0.874121263224195,
      0.8694363923984779,
      0.8667057094645433,
      0.8711994174757777,
      0.8708429466045308,
      0.8718970278315261,
      0.8702102056473661,
      0.8700957512018053,
      0.8714565241797693,
      0.8733075810187788,
      0.8730238419856785,
      0.8691411595980144,
      0.8748497098496401,
      0.8706615672169234,
      0.8709618866089842,
      0.8734460203222127,
      0.8716764621164551,
      0.872793025421653,
      0.8746260053468503,
      0.8702838014120733,
      0.8676943139304223,
      0.872343920131957,
      0.8724903695220378,
      0.8742557018296501,
      0.8718253872922198,
      0.8705696216480471,
      0.8732127410094962,
      0.8722892252994748,
      0.8736960621515473,
      0.8734886449934939,
      0.8733946381437212,
      0.8731182832115074,
      0.8722261160232229
    ],
    "lr": [
      0.0009997532801828658,
      0.0009990133642141358,
      0.00099778098230154,
      0.000996057350657239,
      0.0009938441702975688,
      0.0009911436253643444,
      0.0009879583809693736,
      0.0009842915805643154,
      0.0009801468428384714,
      0.0009755282581475767,
      0.0009704403844771127,
      0.0009648882429441257,
      0.0009588773128419905,
      0.0009524135262330098,
      0.0009455032620941839,
      0.0009381533400219318,
      0.0009303710135019719,
      0.0009221639627510076,
      0.000913540287137281,
      0.0009045084971874739,
      0.0008950775061878452,
      0.0008852566213878947,
      0.0008750555348152298,
      0.0008644843137107057,
      0.0008535533905932737,
      0.0008422735529643444,
      0.0008306559326618259,
      0.0008187119948743449,
      0.0008064535268264883,
      0.0007938926261462367,
      0.0007810416889260654,
      0.0007679133974894983,
      0.0007545207078751857,
      0.0007408768370508577,
      0.0007269952498697734,
      0.0007128896457825364,
      0.0006985739453173903,
      0.0006840622763423391,
      0.0006693689601226458,
      0.0006545084971874737,
      0.0006394955530196147,
      0.0006243449435824273,
      0.0006090716206982714,
      0.0005936906572928625,
      0.0005782172325201156,
      0.0005626666167821523,
      0.0005470541566592572,
      0.0005313952597646569,
      0.0005157053795390643,
      0.0005000000000000002,
      0.00048429462046093607,
      0.0004686047402353435,
      0.000452945843340743,
      0.00043733338321784806,
      0.0004217827674798847,
      0.00040630934270713783,
      0.000390928379301729,
      0.0003756550564175727,
      0.00036050444698038553,
      0.00034549150281252655,
      0.0003306310398773544,
      0.00031593772365766127,
      0.0003014260546826097,
      0.0002871103542174637,
      0.0002730047501302267,
      0.00025912316294914234,
      0.0002454792921248144,
      0.00023208660251050164,
      0.00021895831107393473,
      0.00020610737385376356,
      0.00019354647317351177,
      0.0001812880051256552,
      0.00016934406733817422,
      0.0001577264470356557,
      0.00014644660940672634,
      0.0001355156862892944,
      0.00012494446518477025,
      0.00011474337861210548,
      0.00010492249381215483
    ]
  },
  "best_val_dice": 0.8748497098496401,
  "best_epoch": 59,
  "per_slice_metrics_file": "sam2_1_hiera_small_conv_decoder_20260422_160647_per_slice.csv",
  "n_test_slices": 916,
  "per_stack_metrics_file": "sam2_1_hiera_small_conv_decoder_20260422_160647_per_stack.csv",
  "n_test_stacks": 100
}