{
  "config": {
    "dataset": "acdc",
    "backbone": "sam2",
    "model_name": "sam2_1_hiera_base_plus",
    "decoder": "conv_decoder",
    "embed_dim": 448,
    "cache_layers": [
      6,
      11,
      16,
      21
    ],
    "probe_layers": [
      6,
      11,
      16,
      21
    ],
    "lr": 0.001,
    "weight_decay": 0.001,
    "batch_size": 16,
    "n_epochs": 100,
    "patience": 20,
    "seed": 0,
    "trainable_params": 2212868
  },
  "per_class_dice": {
    "BG": 0.9893233385221744,
    "RV": 0.850927604660617,
    "MYO": 0.8029614537268375,
    "LV": 0.9220834476826502
  },
  "macro_dice": 0.8586575020233682,
  "training_history": {
    "train_loss": [
      0.8885498000308871,
      0.5111306880911192,
      0.4481942222143213,
      0.40569486903647584,
      0.3822459243237972,
      0.3711942977582415,
      0.3546398837740223,
      0.3283567186444998,
      0.32061860151588917,
      0.31358901659647626,
      0.2969977591807644,
      0.2877936119524141,
      0.2837031374995907,
      0.2763863808164994,
      0.26606824714690447,
      0.25430372372890514,
      0.25169973680749536,
      0.24559579556807876,
      0.23898891002560654,
      0.23290045838803053,
      0.24008692894130945,
      0.2287469453488787,
      0.2221190285248061,
      0.21902385959401727,
      0.2159226929458479,
      0.20533843354011574,
      0.20394390107442936,
      0.19626735197380185,
      0.19728440620626012,
      0.19025747198611498,
      0.1893347823061049,
      0.1855172710493207,
      0.19147641134137908,
      0.18158133064086238,
      0.17697582549105087,
      0.17456654723112783,
      0.1757508620309333,
      0.18119572506596646,
      0.17192963479707637,
      0.16476576309651136,
      0.16087107872590423,
      0.15794466342777014,
      0.15853430361797413,
      0.15556947405760488,
      0.15434030381341776,
      0.15140383395676812,
      0.1478234357200563,
      0.147541259881109,
      0.14952648167187968,
      0.1510551559428374,
      0.144292370416224,
      0.14234522248928747,
      0.14229713729582727,
      0.1422505017835647,
      0.137367757037282,
      0.13486564446551105,
      0.13167699806702635,
      0.12991811606722573,
      0.12938973812075952,
      0.12556583969853818,
      0.12584231017778316
    ],
    "val_macro_dice": [
      0.7589359589858807,
      0.7852476900254648,
      0.772183790939826,
      0.8328385246985652,
      0.8445818561938152,
      0.8185236374999656,
      0.8280715171383225,
      0.8547200518399171,
      0.8425071900344175,
      0.8476155176758075,
      0.8449797106464998,
      0.8579891887345563,
      0.8566036835086792,
      0.8473825057842185,
      0.847101938584084,
      0.8632320376427375,
      0.8631015582582909,
      0.8584307302188795,
      0.8567839144493967,
      0.8501002076167942,
      0.8580239414227772,
      0.856757471498722,
      0.8622230066608595,
      0.8576692744249365,
      0.8373028490508516,
      0.8476754141386907,
      0.8668540610603795,
      0.8555777331131065,
      0.8642481876188094,
      0.864056192265597,
      0.8624326052209229,
      0.8682616849924504,
      0.8561878669216858,
      0.8587432801959546,
      0.8626648352030385,
      0.868786850075144,
      0.8597542214541966,
      0.8526675241822884,
      0.8698384107529714,
      0.8674349486266965,
      0.873184886268148,
      0.8700392531877502,
      0.8651458611129308,
      0.8699566948381704,
      0.8697886842907554,
      0.8696114600901258,
      0.871227061614936,
      0.8603518132620903,
      0.859609152807934,
      0.8681887226132557,
      0.8711462229753625,
      0.8700800664369921,
      0.8654559403851793,
      0.8670167343460995,
      0.8682789135967569,
      0.8707290494760352,
      0.8703211962643961,
      0.8699847897526115,
      0.8724601705440832,
      0.8662037779334049,
      0.8704021808659795
    ],
    "lr": [
      0.0009997532801828658,
      0.0009990133642141358,
      0.00099778098230154,
      0.000996057350657239,
      0.0009938441702975688,
      0.0009911436253643444,
      0.0009879583809693736,
      0.0009842915805643154,
      0.0009801468428384714,
      0.0009755282581475767,
      0.0009704403844771127,
      0.0009648882429441257,
      0.0009588773128419905,
      0.0009524135262330098,
      0.0009455032620941839,
      0.0009381533400219318,
      0.0009303710135019719,
      0.0009221639627510076,
      0.000913540287137281,
      0.0009045084971874739,
      0.0008950775061878452,
      0.0008852566213878947,
      0.0008750555348152298,
      0.0008644843137107057,
      0.0008535533905932737,
      0.0008422735529643444,
      0.0008306559326618259,
      0.0008187119948743449,
      0.0008064535268264883,
      0.0007938926261462367,
      0.0007810416889260654,
      0.0007679133974894983,
      0.0007545207078751857,
      0.0007408768370508577,
      0.0007269952498697734,
      0.0007128896457825364,
      0.0006985739453173903,
      0.0006840622763423391,
      0.0006693689601226458,
      0.0006545084971874737,
      0.0006394955530196147,
      0.0006243449435824273,
      0.0006090716206982714,
      0.0005936906572928625,
      0.0005782172325201156,
      0.0005626666167821523,
      0.0005470541566592572,
      0.0005313952597646569,
      0.0005157053795390643,
      0.0005000000000000002,
      0.00048429462046093607,
      0.0004686047402353435,
      0.000452945843340743,
      0.00043733338321784806,
      0.0004217827674798847,
      0.00040630934270713783,
      0.000390928379301729,
      0.0003756550564175727,
      0.00036050444698038553,
      0.00034549150281252655,
      0.0003306310398773544
    ]
  },
  "best_val_dice": 0.873184886268148,
  "best_epoch": 41,
  "per_slice_metrics_file": "sam2_1_hiera_base_plus_conv_decoder_20260422_160649_per_slice.csv",
  "n_test_slices": 916,
  "per_stack_metrics_file": "sam2_1_hiera_base_plus_conv_decoder_20260422_160649_per_stack.csv",
  "n_test_stacks": 100
}