{
  "config": {
    "dataset": "acdc",
    "backbone": "sam2",
    "model_name": "sam2_1_hiera_base_plus",
    "decoder": "unetr",
    "embed_dim": 448,
    "cache_layers": [
      6,
      11,
      16,
      21
    ],
    "probe_layers": [
      6,
      11,
      16,
      21
    ],
    "lr": 0.001,
    "weight_decay": 0.001,
    "batch_size": 16,
    "n_epochs": 100,
    "patience": 20,
    "seed": 0,
    "trainable_params": 32737188
  },
  "per_class_dice": {
    "BG": 0.9886631843186815,
    "RV": 0.8673079041766303,
    "MYO": 0.7966496512751872,
    "LV": 0.9263784891887946
  },
  "macro_dice": 0.8634453482135372,
  "training_history": {
    "train_loss": [
      2.1383964320023856,
      1.2016005367040634,
      0.8737735549608866,
      0.6982488880554835,
      0.6321862985690435,
      0.6280875355005264,
      0.5204296583930651,
      0.47277290125687915,
      0.42714762439330417,
      0.4004308953881264,
      0.3869546552499135,
      0.3570590267578761,
      0.35266150285800296,
      0.34234824776649475,
      0.33301470180352527,
      0.31745612621307373,
      0.2895442123214404,
      0.27092524990439415,
      0.2663884224991004,
      0.25182722757260007,
      0.24775904541214308,
      0.23789904018243155,
      0.22370706995328268,
      0.21272690718372664,
      0.2010954295595487,
      0.20146933322151503,
      0.2002135030925274,
      0.18576023851831755,
      0.17548728485902151,
      0.17314758896827698,
      0.16423811639348665,
      0.16291120275855064,
      0.1520515332619349,
      0.1467080476383368,
      0.14252944166461626,
      0.15144251411159834,
      0.13902360200881958,
      0.14209638287623724,
      0.13673810039957365,
      0.1298416219651699,
      0.12341015040874481,
      0.11953191769619782,
      0.11532851743201415,
      0.11439746866623561,
      0.12024423355857532,
      0.1172336544841528,
      0.11210176162421703,
      0.11087882767120998,
      0.11082449493308862,
      0.10821264858047168,
      0.1056305281817913,
      0.10363295736412208,
      0.10117141716182232,
      0.09926239649454753,
      0.09741934885581334,
      0.09612958133220673,
      0.09686457862456639,
      0.09455318128069241
    ],
    "val_macro_dice": [
      0.3161229570148998,
      0.5211426359124482,
      0.6865811928982227,
      0.7503440739928182,
      0.7254425012608818,
      0.7583567854661175,
      0.7501158572178381,
      0.7874853198707165,
      0.7831253600014948,
      0.8184832062267563,
      0.8248037424844479,
      0.8137134988802721,
      0.8365629142441157,
      0.7689348281913242,
      0.8358699386176297,
      0.8547873925710402,
      0.861232016092398,
      0.8582054613135398,
      0.8655581455908609,
      0.8560066523102984,
      0.8433270752144052,
      0.8598670689196739,
      0.8648188209197315,
      0.8699792531836202,
      0.8664228322576545,
      0.8783362191801402,
      0.8671320304531475,
      0.8677101903427301,
      0.873569926287095,
      0.8788242852243077,
      0.8748310323849742,
      0.8760826845780331,
      0.8731717524422139,
      0.8759090932468108,
      0.8633930614091927,
      0.8762116313098821,
      0.8719339533732661,
      0.8817715948129039,
      0.8754290314214176,
      0.8741259163204891,
      0.8792370867248543,
      0.8783316495512462,
      0.8762051523650207,
      0.8810702979383095,
      0.8789630938155079,
      0.8776037728392025,
      0.8729742333692417,
      0.8739740782839713,
      0.8746101272933179,
      0.8735208165976017,
      0.8785670913998316,
      0.8737779621669332,
      0.8787094450042591,
      0.877119686077175,
      0.8733349890247858,
      0.8742622439186221,
      0.8750930847971409,
      0.8755884549056093
    ],
    "lr": [
      0.0009997532801828658,
      0.0009990133642141358,
      0.00099778098230154,
      0.000996057350657239,
      0.0009938441702975688,
      0.0009911436253643444,
      0.0009879583809693736,
      0.0009842915805643154,
      0.0009801468428384714,
      0.0009755282581475767,
      0.0009704403844771127,
      0.0009648882429441257,
      0.0009588773128419905,
      0.0009524135262330098,
      0.0009455032620941839,
      0.0009381533400219318,
      0.0009303710135019719,
      0.0009221639627510076,
      0.000913540287137281,
      0.0009045084971874739,
      0.0008950775061878452,
      0.0008852566213878947,
      0.0008750555348152298,
      0.0008644843137107057,
      0.0008535533905932737,
      0.0008422735529643444,
      0.0008306559326618259,
      0.0008187119948743449,
      0.0008064535268264883,
      0.0007938926261462367,
      0.0007810416889260654,
      0.0007679133974894983,
      0.0007545207078751857,
      0.0007408768370508577,
      0.0007269952498697734,
      0.0007128896457825364,
      0.0006985739453173903,
      0.0006840622763423391,
      0.0006693689601226458,
      0.0006545084971874737,
      0.0006394955530196147,
      0.0006243449435824273,
      0.0006090716206982714,
      0.0005936906572928625,
      0.0005782172325201156,
      0.0005626666167821523,
      0.0005470541566592572,
      0.0005313952597646569,
      0.0005157053795390643,
      0.0005000000000000002,
      0.00048429462046093607,
      0.0004686047402353435,
      0.000452945843340743,
      0.00043733338321784806,
      0.0004217827674798847,
      0.00040630934270713783,
      0.000390928379301729,
      0.0003756550564175727
    ]
  },
  "best_val_dice": 0.8817715948129039,
  "best_epoch": 38,
  "per_sample_metrics_file": "sam2_1_hiera_base_plus_unetr_20260421_141249_per_sample.csv",
  "n_test_samples": 100,
  "per_slice_metrics_file": "sam2_1_hiera_base_plus_unetr_20260421_141249_per_slice.csv",
  "n_test_slices": 916
}