{
  "config": {
    "dataset": "acdc",
    "backbone": "sam",
    "model_name": "sam_vit_huge",
    "decoder": "linear_probe",
    "embed_dim": 1280,
    "cache_layers": [
      2,
      5,
      8,
      11
    ],
    "probe_layers": [
      11
    ],
    "lr": 0.001,
    "weight_decay": 0.001,
    "batch_size": 16,
    "n_epochs": 100,
    "patience": 20,
    "seed": 0,
    "trainable_params": 7684
  },
  "per_class_dice": {
    "BG": 0.9779829679807919,
    "RV": 0.696859421849682,
    "MYO": 0.6503699722795336,
    "LV": 0.8482381100502017
  },
  "macro_dice": 0.7318225013931391,
  "training_history": {
    "train_loss": [
      1.2615174719442923,
      0.6171055616190037,
      0.5618084073066711,
      0.5395687849571308,
      0.5294676000873247,
      0.5220802097270886,
      0.5062488969415426,
      0.5078981316958865,
      0.5049124797806144,
      0.4968788558617234,
      0.4889787398278713,
      0.49292479486515123,
      0.4927185078461965,
      0.4917291523888707,
      0.49254537125428516,
      0.49199471343308687,
      0.4827630004535119,
      0.48015536305805046,
      0.4841017893825968,
      0.48890464815000695,
      0.4832799431557457,
      0.48638082885493833,
      0.481097921418647,
      0.479935926074783,
      0.4846553293367227,
      0.4785874069978793,
      0.47743679738293093,
      0.48245113498220843,
      0.4766184926653902,
      0.4802961864819129,
      0.47693149000406265,
      0.47586098220199347,
      0.4776967338596781,
      0.48521827813237906,
      0.47493108951797086,
      0.4842480008179943,
      0.47545221106459695,
      0.48258277339239913,
      0.473175591789186,
      0.4765693473940094,
      0.47863996246208745,
      0.47853349708020687,
      0.47639988486965495,
      0.47863863967359066,
      0.47592878931512433,
      0.48005672823637724,
      0.4765949233745535,
      0.47735076925406855,
      0.47448359429836273,
      0.4726982672388355,
      0.4764498524988691,
      0.47799657719830674,
      0.4773460564514001,
      0.4780566496774554,
      0.47446307477851707,
      0.4721007999032736,
      0.47418153875817853,
      0.47028168228765327,
      0.4754186359544595,
      0.4733148779099186,
      0.47582350733379525,
      0.47403595441331464,
      0.477606871475776,
      0.47453666509439546,
      0.4729300045097868,
      0.47228741242239874,
      0.4726985276987155,
      0.4763787491247058,
      0.47405243944376707,
      0.4725340800359845,
      0.46975019201636314,
      0.47103601849327487,
      0.47091094963252544,
      0.47227346897125244,
      0.4750958013658722,
      0.4712647416939338,
      0.4765517745787899,
      0.4709952985867858,
      0.4665447560449441,
      0.4717944925650954,
      0.4738740862036745,
      0.4690064334621032,
      0.46954277406136197,
      0.47252224013209343,
      0.4711557862659295,
      0.4714605628202359,
      0.4717044209440549
    ],
    "val_macro_dice": [
      0.6922827003014694,
      0.722969503492116,
      0.733104513810597,
      0.7368243256868263,
      0.7427435652030288,
      0.7487138707094502,
      0.7485650004317268,
      0.7531739427560122,
      0.7547692238040047,
      0.7578047989941434,
      0.7561170110539449,
      0.7590741316820805,
      0.7613851923948016,
      0.7622221172533208,
      0.7608900095148264,
      0.7602078435274265,
      0.7620427456641035,
      0.7635752710911136,
      0.7612334945209144,
      0.7629157436630319,
      0.7644853510306846,
      0.7649297701409455,
      0.7650635640257387,
      0.7654184464308118,
      0.7638270679099414,
      0.765985989482493,
      0.7657749928221268,
      0.7659244267840899,
      0.7625164269579976,
      0.7665290492759534,
      0.7649755635467703,
      0.764739975392632,
      0.766170456106741,
      0.7669460240332727,
      0.7676337563710313,
      0.7677574600348528,
      0.7664121443393412,
      0.7676755672633103,
      0.7666978609998468,
      0.7673059941986855,
      0.7639911034621548,
      0.7647656478091323,
      0.7672742961514657,
      0.7672481047253873,
      0.7665734181283413,
      0.7670757701148307,
      0.7681418657443312,
      0.767495923654776,
      0.7679772297300472,
      0.7691508994952309,
      0.7677197978513014,
      0.7667675707390491,
      0.7692299872386158,
      0.7681993870110038,
      0.767278220064092,
      0.7683799569139018,
      0.7662368443184725,
      0.7675115625916943,
      0.7669790757967524,
      0.7645219431444669,
      0.7693204759738631,
      0.7680523532480817,
      0.7682820167751321,
      0.7687690585546384,
      0.7692720658198772,
      0.7689241671642648,
      0.7699634740047862,
      0.7681511111035851,
      0.7681025193124466,
      0.7691657831662267,
      0.7693869880313091,
      0.7690267153153383,
      0.7694004933867603,
      0.7693801123929817,
      0.7685175325342053,
      0.7685900762265391,
      0.7690053244476435,
      0.769231742649067,
      0.769369036575529,
      0.7687367417039249,
      0.7686342193029495,
      0.7691938785234252,
      0.7695191761870893,
      0.7679678207539831,
      0.7699101215989206,
      0.7693949993749163,
      0.7687923084422912
    ],
    "lr": [
      0.0009997532801828658,
      0.0009990133642141358,
      0.00099778098230154,
      0.000996057350657239,
      0.0009938441702975688,
      0.0009911436253643444,
      0.0009879583809693736,
      0.0009842915805643154,
      0.0009801468428384714,
      0.0009755282581475767,
      0.0009704403844771127,
      0.0009648882429441257,
      0.0009588773128419905,
      0.0009524135262330098,
      0.0009455032620941839,
      0.0009381533400219318,
      0.0009303710135019719,
      0.0009221639627510076,
      0.000913540287137281,
      0.0009045084971874739,
      0.0008950775061878452,
      0.0008852566213878947,
      0.0008750555348152298,
      0.0008644843137107057,
      0.0008535533905932737,
      0.0008422735529643444,
      0.0008306559326618259,
      0.0008187119948743449,
      0.0008064535268264883,
      0.0007938926261462367,
      0.0007810416889260654,
      0.0007679133974894983,
      0.0007545207078751857,
      0.0007408768370508577,
      0.0007269952498697734,
      0.0007128896457825364,
      0.0006985739453173903,
      0.0006840622763423391,
      0.0006693689601226458,
      0.0006545084971874737,
      0.0006394955530196147,
      0.0006243449435824273,
      0.0006090716206982714,
      0.0005936906572928625,
      0.0005782172325201156,
      0.0005626666167821523,
      0.0005470541566592572,
      0.0005313952597646569,
      0.0005157053795390643,
      0.0005000000000000002,
      0.00048429462046093607,
      0.0004686047402353435,
      0.000452945843340743,
      0.00043733338321784806,
      0.0004217827674798847,
      0.00040630934270713783,
      0.000390928379301729,
      0.0003756550564175727,
      0.00036050444698038553,
      0.00034549150281252655,
      0.0003306310398773544,
      0.00031593772365766127,
      0.0003014260546826097,
      0.0002871103542174637,
      0.0002730047501302267,
      0.00025912316294914234,
      0.0002454792921248144,
      0.00023208660251050164,
      0.00021895831107393473,
      0.00020610737385376356,
      0.00019354647317351177,
      0.0001812880051256552,
      0.00016934406733817422,
      0.0001577264470356557,
      0.00014644660940672634,
      0.0001355156862892944,
      0.00012494446518477025,
      0.00011474337861210548,
      0.00010492249381215483,
      9.549150281252637e-05,
      8.645971286271918e-05,
      7.78360372489926e-05,
      6.962898649802815e-05,
      6.184665997806824e-05,
      5.449673790581613e-05,
      4.758647376699034e-05,
      4.112268715800956e-05
    ]
  },
  "best_val_dice": 0.7699634740047862,
  "best_epoch": 67,
  "per_slice_metrics_file": "sam_vit_huge_linear_probe_20260430_201919_per_slice.csv",
  "n_test_slices": 916,