{
  "config": {
    "dataset": "acdc",
    "backbone": "sam",
    "model_name": "sam_vit_large",
    "decoder": "linear_probe",
    "embed_dim": 1024,
    "cache_layers": [
      2,
      5,
      8,
      11
    ],
    "probe_layers": [
      11
    ],
    "lr": 0.001,
    "weight_decay": 0.001,
    "batch_size": 16,
    "n_epochs": 100,
    "patience": 20,
    "seed": 0,
    "trainable_params": 6148
  },
  "per_class_dice": {
    "BG": 0.9783105571320209,
    "RV": 0.7057119524778371,
    "MYO": 0.6537403621638488,
    "LV": 0.8499507129471461
  },
  "macro_dice": 0.736467675862944,
  "training_history": {
    "train_loss": [
      1.2808326153705518,
      0.6008458553502957,
      0.546156522197028,
      0.5254103150218725,
      0.5118059447656075,
      0.5022336707140008,
      0.49360931292176247,
      0.48988081732143957,
      0.4893646814549963,
      0.4817377120877306,
      0.4784352518618107,
      0.47491654194891453,
      0.47592508358259994,
      0.47077526586751145,
      0.4739970974624157,
      0.469268877680103,
      0.46826657249281806,
      0.47163362863163155,
      0.46987600314120453,
      0.46683924179524183,
      0.471070885968705,
      0.471301778840522,
      0.4662137934938073,
      0.4634033748880029,
      0.466650971211493,
      0.462214885900418,
      0.46347770374268293,
      0.4605079488828778,
      0.46149445821841556,
      0.46110767995317775,
      0.46267874259501696,
      0.46202706669767696,
      0.4650203821559747,
      0.4624228598549962,
      0.45714297021428746,
      0.46093904847900075,
      0.46141485931972664,
      0.4623881131410599,
      0.4588325989122192,
      0.45791908043126267,
      0.4597586716214816,
      0.45558734113971394,
      0.46199500498672325,
      0.4580872257550557,
      0.45696157682687044,
      0.45926000208904344,
      0.45869999130566913,
      0.45660119876265526,
      0.45667054938773316,
      0.4586996582026283,
      0.4528896228099863,
      0.45840404617289704,
      0.4570754552260041,
      0.460053201764822,
      0.458368460337321,
      0.457630733648936,
      0.4587521410236756,
      0.4545213421806693,
      0.45523965700219077,
      0.4567647833998005,
      0.45593826069186133,
      0.4529839511960745,
      0.45969719036171836,
      0.4551659993206461,
      0.4591021363933881,
      0.45725457432369393,
      0.4584996507813533,
      0.4615117407714327,
      0.45029378092537325,
      0.4541459878285726,
      0.45776599862923223,
      0.4522798058266441,
      0.4578986940905452,
      0.4560221803064148,
      0.4566148230805993,
      0.45862577731410664,
      0.45676313899457455,
      0.4564237352460623,
      0.4520246662820379,
      0.45521647793551284,
      0.45585765068729717,
      0.4551145639270544,
      0.4498459529131651,
      0.45555874953667325,
      0.452353285625577,
      0.4539042854060729,
      0.4575459199647109,
      0.4569670654212435,
      0.4570600849886735,
      0.45480513386428356,
      0.4548547289644678,
      0.45349516347050667
    ],
    "val_macro_dice": [
      0.6912928875946566,
      0.7239076686696732,
      0.7333339686028584,
      0.7395667658943456,
      0.7420820865010672,
      0.7498271954086725,
      0.7492819910387633,
      0.7534572796745005,
      0.7557029186133358,
      0.7587498808746687,
      0.7534245499604002,
      0.7583431925062502,
      0.7612334512588332,
      0.7598914522862129,
      0.7592802426343251,
      0.7599305050164361,
      0.762047569714233,
      0.7610343886032357,
      0.7611465502834104,
      0.7615449167676331,
      0.7637537607683207,
      0.7638084829432681,
      0.7634787635838585,
      0.7648210875065963,
      0.7624525384343483,
      0.7646059429589512,
      0.7661142396749924,
      0.7638202612028516,
      0.7619784534812887,
      0.7649922820213368,
      0.7628468788097013,
      0.7654322391917411,
      0.7634926980395319,
      0.7645936950281292,
      0.7666429635393576,
      0.7656365641181676,
      0.7649671988450452,
      0.7642908618516442,
      0.7666770169319644,
      0.7659663164200291,
      0.7650405384723223,
      0.7655847205918572,
      0.7651833068377022,
      0.7665118547297292,
      0.7651308600930671,
      0.765317139251862,
      0.7663371915165076,
      0.7667703257738196,
      0.7659444686312407,
      0.766308419669388,
      0.766196019917519,
      0.7661333132846745,
      0.7660172385223575,
      0.7649363972184786,
      0.7654543528872065,
      0.7655969119682103,
      0.7672214782321222,
      0.7655670264813041,
      0.7669603674697595,
      0.7661589985640808,
      0.7673602963760722,
      0.7670004522331051,
      0.7660726259344819,
      0.7670301066737647,
      0.7674424272409489,
      0.7669128142007812,
      0.7671922743560033,
      0.7666466832452677,
      0.7669530339298869,
      0.7675012750023388,
      0.7675170422492208,
      0.7679681837704381,
      0.7675549238275243,
      0.7671376081378857,
      0.7677390763932713,
      0.7669897819337771,
      0.7673574719970709,
      0.7674534075313004,
      0.7676155583139673,
      0.7672035832955699,
      0.7670057870252293,
      0.7674436439802085,
      0.7677333423818594,
      0.7670376158678353,
      0.7673567395295628,
      0.7671465812526824,
      0.7672989203575226,
      0.7677165321438387,
      0.7673727160689748,
      0.7676294017378661,
      0.7677163925079017,
      0.7673118269111222
    ],