{
  "config": {
    "dataset": "acdc",
    "backbone": "sam",
    "model_name": "sam_vit_base",
    "decoder": "conv_decoder",
    "embed_dim": 768,
    "cache_layers": [
      2,
      5,
      8,
      11
    ],
    "probe_layers": [
      2,
      5,
      8,
      11
    ],
    "lr": 0.001,
    "weight_decay": 0.001,
    "batch_size": 16,
    "n_epochs": 100,
    "patience": 20,
    "seed": 0,
    "trainable_params": 3687428
  },
  "per_class_dice": {
    "BG": 0.9884102194866607,
    "RV": 0.83480205404593,
    "MYO": 0.7987130188570136,
    "LV": 0.9173747299337677
  },
  "macro_dice": 0.8502966009455705,
  "training_history": {
    "train_loss": [
      0.928941061720252,
      0.5273335591579477,
      0.461704870685935,
      0.4150744182989001,
      0.39569618459790945,
      0.3749601123854518,
      0.3561117857073744,
      0.3334901373212536,
      0.33130687413116294,
      0.3158780395363768,
      0.3011021295872827,
      0.2960199924806754,
      0.28455578597883385,
      0.2800104475269715,
      0.27567101844275993,
      0.26432311271006864,
      0.2602989914206167,
      0.25389993051066995,
      0.24575475851694742,
      0.23468043251583973,
      0.23933777445927262,
      0.2474753299417595,
      0.2334545080860456,
      0.2248711658952137,
      0.2161867474205792,
      0.21007047578071555,
      0.2123175791154305,
      0.2056449957502385,
      0.2045636101004978,
      0.19722668593749404,
      0.19844006591786942,
      0.19374434913819036,
      0.19849968313549957,
      0.19054416675741473,
      0.18384401127696037,
      0.18192221193263927,
      0.18323547470693788,
      0.1776114304860433,
      0.1819019109631578,
      0.17210426554083824,
      0.17231725109741092,
      0.17245523538440466,
      0.17296696888903776,
      0.16689194831997156,
      0.16158113426839313,
      0.16170227977757654,
      0.15725624561309814,
      0.15137276270737252,
      0.149961934502547,
      0.14868755917996168,
      0.14757668428743878,
      0.14454591212173304,
      0.1461234054683397,
      0.14229221424708763,
      0.14030704049703976,
      0.13768606532054642,
      0.13576059384892383,
      0.13397279800847173,
      0.13484648374530175,
      0.13221134641207755,
      0.13033983033771315,
      0.1285220024486383,
      0.12719800493990382,
      0.12628595150696734,
      0.12310234038159251,
      0.12404800431492428,
      0.12137189429874222,
      0.12141417882715662,
      0.1199999878493448,
      0.11806443030945957,
      0.11606016677493851,
      0.11536417078847687,
      0.11558463975476722,
      0.11375139653682709,
      0.1126135247759521,
      0.11179500243936975,
      0.11122021234283845,
      0.11042400783238311,
      0.10954129315602283,
      0.10824293131008744,
      0.10790805223708351,
      0.10741322425504525,
      0.10621109868710239,
      0.1059581086349984,
      0.1058648949644218
    ],
    "val_macro_dice": [
      0.6917164799671515,
      0.7926787731100479,
      0.8054849876838978,
      0.8083404262500297,
      0.8224253534586555,
      0.808807566636737,
      0.8182872377326157,
      0.8454046011679331,
      0.7960925390583616,
      0.8364718281146598,
      0.8394338686629506,
      0.8480297043788508,
      0.8496236600432799,
      0.8276049301380862,
      0.8259053153030728,
      0.8072629867750077,
      0.8378132499617724,
      0.848358819569912,
      0.8442550920049183,
      0.8496160786483801,
      0.862875470630811,
      0.8413689807415841,
      0.8588376790816262,
      0.8532908131157638,
      0.8429783596944646,
      0.8062963603212939,
      0.8430853467216511,
      0.8443098694113513,
      0.8576023078911463,
      0.8379566684431281,
      0.8471874576256684,
      0.8543994098116015,
      0.8580835639881772,
      0.8352623673414223,
      0.8554844454868964,
      0.8641078561735299,
      0.8504334800301802,
      0.8204771149225416,
      0.8541801937331132,
      0.8514317923579497,
      0.8596489681875715,
      0.8627015740331195,
      0.8239210994204577,
      0.84866453846624,
      0.8614588326602339,
      0.86428229351302,
      0.8584104293373249,
      0.8546067166354537,
      0.8060237586623972,
      0.8601080223796296,
      0.8642514747315865,
      0.8615258945678832,
      0.8616925466941939,
      0.8556195995200732,
      0.8576376286012647,
      0.8628582877315608,
      0.8638769614441322,
      0.8520318439733684,
      0.8675227069888835,
      0.8522098674534124,
      0.860845872484561,
      0.8633938560169409,
      0.8628369862116102,
      0.8641960738056098,
      0.8683097443554573,
      0.8620749472583911,
      0.8589312963135111,
      0.8661256827334375,
      0.8649328396657049,
      0.8608498529208471,
      0.8663791663268646,
      0.8591975744084385,
      0.8658350749489631,
      0.8568315992798007,
      0.8651348975354721,
      0.8653629293040899,
      0.8652769812083764,
      0.8662835166737087,
      0.8638357897699701,
      0.8635253788243009,
      0.8646779676404998,
      0.8662935235519035,
      0.8606878870412432,
      0.862460786248325,
      0.8664903736090187
    ],
    "lr": [
      0.0009997532801828658,
      0.0009990133642141358,
      0.00099778098230154,
      0.000996057350657239,
      0.0009938441702975688,
      0.0009911436253643444,
      0.0009879583809693736,
      0.0009842915805643154,
      0.0009801468428384714,
      0.0009755282581475767,
      0.0009704403844771127,
      0.0009648882429441257,
      0.0009588773128419905,
      0.0009524135262330098,
      0.0009455032620941839,
      0.0009381533400219318,
      0.0009303710135019719,
      0.0009221639627510076,
      0.000913540287137281,
      0.0009045084971874739,
      0.0008950775061878452,
      0.0008852566213878947,
      0.0008750555348152298,
      0.0008644843137107057,
      0.0008535533905932737,
      0.0008422735529643444,
      0.0008306559326618259,
      0.0008187119948743449,
      0.0008064535268264883,
      0.0007938926261462367,
      0.0007810416889260654,
      0.0007679133974894983,
      0.0007545207078751857,
      0.0007408768370508577,
      0.0007269952498697734,
      0.0007128896457825364,
      0.0006985739453173903,
      0.0006840622763423391,
      0.0006693689601226458,
      0.0006545084971874737,
      0.0006394955530196147,
      0.0006243449435824273,
      0.0006090716206982714,
      0.0005936906572928625,
      0.0005782172325201156,
      0.0005626666167821523,
      0.0005470541566592572,
      0.0005313952597646569,
      0.0005157053795390643,
      0.0005000000000000002,
      0.00048429462046093607,
      0.0004686047402353435,
      0.000452945843340743,
      0.00043733338321784806,
      0.0004217827674798847,
      0.00040630934270713783,
      0.000390928379301729,
      0.0003756550564175727,
      0.00036050444698038553,
      0.00034549150281252655,
      0.0003306310398773544,
      0.00031593772365766127,
      0.0003014260546826097,
      0.0002871103542174637,
      0.0002730047501302267,
      0.00025912316294914234,
      0.0002454792921248144,
      0.00023208660251050164,
      0.00021895831107393473,
      0.00020610737385376356,
      0.00019354647317351177,
      0.0001812880051256552,
      0.00016934406733817422,
      0.0001577264470356557,
      0.00014644660940672634,
      0.0001355156862892944,
      0.00012494446518477025,
      0.00011474337861210548,
      0.00010492249381215483,
      9.549150281252637e-05,
      8.645971286271918e-05,
      7.78360372489926e-05,
      6.962898649802815e-05,
      6.184665997806824e-05,
      5.449673790581613e-05
    ]
  },
  "best_val_dice": 0.8683097443554573,
  "best_epoch": 65,
  "per_slice_metrics_file": "sam_vit_base_conv_decoder_20260430_144300_per_slice.csv",
  "n_test_slices": 916,
  "per_stack_metrics_file": "sam_vit_base_conv_decoder_20260430_144300_per_stack.csv",
  "n_test_stacks": 100
}
