{
  "config": {
    "dataset": "acdc",
    "backbone": "sam",
    "model_name": "sam_vit_base",
    "decoder": "unetr",
    "embed_dim": 768,
    "cache_layers": [
      2,
      5,
      8,
      11
    ],
    "probe_layers": [
      2,
      5,
      8,
      11
    ],
    "lr": 0.001,
    "weight_decay": 0.001,
    "batch_size": 16,
    "n_epochs": 100,
    "patience": 20,
    "seed": 0,
    "trainable_params": 41338788
  },
  "per_class_dice": {
    "BG": 0.988294333635752,
    "RV": 0.8573627545180563,
    "MYO": 0.7916326700788131,
    "LV": 0.921861330583069
  },
  "macro_dice": 0.856952251726646,
  "training_history": {
    "train_loss": [
      2.080183297395706,
      1.2248079131046932,
      0.8132930348316828,
      0.7532019714514414,
      0.6014635860919952,
      0.5948376109202703,
      0.5229716847340266,
      0.45674463858207065,
      0.42235566178957623,
      0.3926357949773471,
      0.3610087086757024,
      0.34062156329552334,
      0.32055730869372684,
      0.3103257715702057,
      0.3060278321305911,
      0.29124147196610767,
      0.270696093638738,
      0.2708931714296341,
      0.2526382307211558,
      0.23931679502129555,
      0.23234965031345686,
      0.23870490118861198,
      0.2258880784114202,
      0.21287099396189055,
      0.21860809500018755,
      0.20580064381162325,
      0.19308961555361748,
      0.18125981713334718,
      0.16861814508835474,
      0.16424622883399329,
      0.16083482652902603,
      0.14978739991784096,
      0.14322979748249054,
      0.1489373780786991,
      0.1389917073150476,
      0.14278246586521467,
      0.13295324395100275,
      0.1451236642897129,
      0.1399702951312065,
      0.13343490536014238,
      0.12343813975652058,
      0.11636311747133732,
      0.11341741494834423,
      0.11117620579898357,
      0.10801556706428528,
      0.1055405717343092,
      0.10441834852099419,
      0.10424027095238368,
      0.1003511765350898,
      0.10090810743470986,
      0.10238377066950004,
      0.10278801682094733,
      0.09574322775006294,
      0.09259859720865886,
      0.08899324325223763,
      0.0868366410334905,
      0.08586857592066129,
      0.08619831129908562,
      0.08403031155467033,
      0.08318047349651654,
      0.08167210593819618,
      0.08161899323264758,
      0.08010783108572166,
      0.07814943852523963,
      0.07810860313475132,
      0.07750778459012508,
      0.07736063003540039,
      0.0765237808227539,
      0.07581987418234348,
      0.07472833494345348,
      0.07365095304946105,
      0.07351773356397946,
      0.07306849211454391
    ],
    "val_macro_dice": [
      0.3447253371537677,
      0.5318588057777852,
      0.6194002436002731,
      0.6931202678685467,
      0.7533428746650884,
      0.8017545005818721,
      0.7602689784789075,
      0.7947632224826404,
      0.7849714487859462,
      0.8106863256721807,
      0.8265289475368786,
      0.826847506770425,
      0.8166006338440971,
      0.8095310553198556,
      0.8190078739194658,
      0.8360575145417055,
      0.8625712715257281,
      0.8307564443609053,
      0.86005558769335,
      0.8562669638833663,
      0.842994510909703,
      0.8608116086236177,
      0.8518363978665208,
      0.8698358179024931,
      0.8581963129801139,
      0.8538942522921333,
      0.8636566388862472,
      0.8619765037412179,
      0.8632906054228409,
      0.8737919157741239,
      0.8724481463709207,
      0.8709269250676471,
      0.8729136498664306,
      0.8594745476539344,
      0.8572089695251494,
      0.8707682747878808,
      0.8530257956078714,
      0.8665409677291555,
      0.8659765657678783,
      0.8739321944134927,
      0.8703715596888819,
      0.872234931713188,
      0.8727072351005893,
      0.8733602918477036,
      0.8745505741669931,
      0.8728491843363937,
      0.8749069639700707,
      0.8763591053950757,
      0.8761793036316309,
      0.874208980966705,
      0.8765977671782158,
      0.8729503589115463,
      0.8772570033877569,
      0.874831796148135,
      0.8744747976555315,
      0.8755102884315838,
      0.8766565850662428,
      0.8731248735815496,
      0.8743293364152468,
      0.8750775773495771,
      0.875272108235599,
      0.8751119039062533,
      0.8748383881301193,
      0.8738716399609144,
      0.8746224558573501,
      0.8742659616248004,
      0.874367963317615,
      0.8740589265286115,
      0.8738370304395527,
      0.8741090584172638,
      0.8745462408697641,
      0.8743471432069244,
      0.8735918374931925
    ],
    "lr": [
      0.0009997532801828658,
      0.0009990133642141358,
      0.00099778098230154,
      0.000996057350657239,
      0.0009938441702975688,
      0.0009911436253643444,
      0.0009879583809693736,
      0.0009842915805643154,
      0.0009801468428384714,
      0.0009755282581475767,
      0.0009704403844771127,
      0.0009648882429441257,
      0.0009588773128419905,
      0.0009524135262330098,
      0.0009455032620941839,
      0.0009381533400219318,
      0.0009303710135019719,
      0.0009221639627510076,
      0.000913540287137281,
      0.0009045084971874739,
      0.0008950775061878452,
      0.0008852566213878947,
      0.0008750555348152298,
      0.0008644843137107057,
      0.0008535533905932737,
      0.0008422735529643444,
      0.0008306559326618259,
      0.0008187119948743449,
      0.0008064535268264883,
      0.0007938926261462367,
      0.0007810416889260654,
      0.0007679133974894983,
      0.0007545207078751857,
      0.0007408768370508577,
      0.0007269952498697734,
      0.0007128896457825364,
      0.0006985739453173903,
      0.0006840622763423391,
      0.0006693689601226458,
      0.0006545084971874737,
      0.0006394955530196147,
      0.0006243449435824273,
      0.0006090716206982714,
      0.0005936906572928625,
      0.0005782172325201156,
      0.0005626666167821523,
      0.0005470541566592572,
      0.0005313952597646569,
      0.0005157053795390643,
      0.0005000000000000002,
      0.00048429462046093607,
      0.0004686047402353435,
      0.000452945843340743,
      0.00043733338321784806,
      0.0004217827674798847,
      0.00040630934270713783,
      0.000390928379301729,
      0.0003756550564175727,
      0.00036050444698038553,
      0.00034549150281252655,
      0.0003306310398773544,
      0.00031593772365766127,
      0.0003014260546826097,
      0.0002871103542174637,
      0.0002730047501302267,
      0.00025912316294914234,
      0.0002454792921248144,
      0.00023208660251050164,
      0.00021895831107393473,
      0.00020610737385376356,
      0.00019354647317351177,
      0.0001812880051256552,
      0.00016934406733817422
    ]
  },
  "best_val_dice": 0.8772570033877569,
  "best_epoch": 53,
  "per_sample_metrics_file": "sam_vit_base_unetr_20260430_161954_per_sample.csv",
  "n_test_samples": 100,
  "per_slice_metrics_file": "sam_vit_base_unetr_20260430_161954_per_slice.csv",
  "n_test_slices": 916
}
