{
  "config": {
    "dataset": "acdc",
    "backbone": "sam",
    "model_name": "sam_vit_huge",
    "decoder": "unetr",
    "embed_dim": 1280,
    "cache_layers": [
      2,
      5,
      8,
      11
    ],
    "probe_layers": [
      2,
      5,
      8,
      11
    ],
    "lr": 0.001,
    "weight_decay": 0.001,
    "batch_size": 16,
    "n_epochs": 100,
    "patience": 20,
    "seed": 0,
    "trainable_params": 55101348
  },
  "per_class_dice": {
    "BG": 0.9856798199144959,
    "RV": 0.8384912861069976,
    "MYO": 0.774241489000087,
    "LV": 0.9162395097841766
  },
  "macro_dice": 0.8429907616304204,
  "training_history": {
    "train_loss": [
      2.021269907553991,
      1.0633980880180995,
      0.813948780298233,
      0.7564339290062586,
      0.6312175989151001,
      0.6618302265803019,
      0.5666799768805504,
      0.5185885603229204,
      0.46228842933972675,
      0.4417864556113879,
      0.4215758989254634,
      0.3970100979010264,
      0.3701654523611069,
      0.3576212301850319,
      0.3343600928783417,
      0.32437241077423096,
      0.31244949003060657,
      0.31459511319796246,
      0.2981257538000743,
      0.2725115567445755,
      0.26855919137597084,
      0.25389859701196354,
      0.23684952408075333,
      0.23597141355276108,
      0.3013009565571944,
      0.2800114303827286,
      0.2664644656081994,
      0.2329171746969223,
      0.20862166583538055,
      0.19566380605101585,
      0.18359911193450293,
      0.17513633146882057,
      0.16834591080745062,
      0.16069003442923227,
      0.15817457561691603,
      0.15244107569257417,
      0.14569351946314177,
      0.14853487412134805,
      0.14307165890932083,
      0.13618576154112816,
      0.12861173413693905,
      0.12247529439628124,
      0.12106543903549512,
      0.11968792788684368,
      0.11714164726436138,
      0.11855316224197547,
      0.11445231921970844,
      0.11334769117335479,
      0.10966906324028969,
      0.10814251564443111,
      0.10567888493339221
    ],
    "val_macro_dice": [
      0.44344537851571003,
      0.6031127689544746,
      0.6156500168585392,
      0.6765848807768434,
      0.7506163689487365,
      0.7866028929645391,
      0.716972875144107,
      0.7814611959174296,
      0.7358276936258012,
      0.7950585675150775,
      0.7962693774232003,
      0.7957793377562331,
      0.792534598458463,
      0.7957705018935867,
      0.7919562428429151,
      0.7992790445957293,
      0.830001831765404,
      0.8261286728226409,
      0.8328863191264514,
      0.823457465888945,
      0.8373777746283455,
      0.8407965638874879,
      0.8349080947095818,
      0.8469947418605458,
      0.8407892151411488,
      0.7943215580234836,
      0.85186327055996,
      0.8502336506468039,
      0.8369816114628054,
      0.8458186482582652,
      0.8595409144593283,
      0.8437895636007631,
      0.8481042636533306,
      0.8519288614402871,
      0.8555846605202887,
      0.8517202325704248,
      0.8581155427800023,
      0.8543384840096033,
      0.8514335670015728,
      0.856362532362731,
      0.8557740294944147,
      0.852855398670819,
      0.8573237995565304,
      0.8571815216231592,
      0.8554181651278192,
      0.8543194351554181,
      0.855474275464846,
      0.856256763372461,
      0.854410590747448,
      0.853332320794913,
      0.8526736808692065
    ],
    "lr": [
      0.0009997532801828658,
      0.0009990133642141358,
      0.00099778098230154,
      0.000996057350657239,
      0.0009938441702975688,
      0.0009911436253643444,
      0.0009879583809693736,
      0.0009842915805643154,
      0.0009801468428384714,
      0.0009755282581475767,
      0.0009704403844771127,
      0.0009648882429441257,
      0.0009588773128419905,
      0.0009524135262330098,
      0.0009455032620941839,
      0.0009381533400219318,
      0.0009303710135019719,
      0.0009221639627510076,
      0.000913540287137281,
      0.0009045084971874739,
      0.0008950775061878452,
      0.0008852566213878947,
      0.0008750555348152298,
      0.0008644843137107057,
      0.0008535533905932737,
      0.0008422735529643444,
      0.0008306559326618259,
      0.0008187119948743449,
      0.0008064535268264883,
      0.0007938926261462367,
      0.0007810416889260654,
      0.0007679133974894983,
      0.0007545207078751857,
      0.0007408768370508577,
      0.0007269952498697734,
      0.0007128896457825364,
      0.0006985739453173903,
      0.0006840622763423391,
      0.0006693689601226458,
      0.0006545084971874737,
      0.0006394955530196147,
      0.0006243449435824273,
      0.0006090716206982714,
      0.0005936906572928625,
      0.0005782172325201156,
      0.0005626666167821523,
      0.0005470541566592572,
      0.0005313952597646569,
      0.0005157053795390643,
      0.0005000000000000002,
      0.00048429462046093607
    ]
  },
  "best_val_dice": 0.8595409144593283,
  "best_epoch": 31,
  "per_sample_metrics_file": "sam_vit_huge_unetr_20260430_223414_per_sample.csv",
  "n_test_samples": 100,
  "per_slice_metrics_file": "sam_vit_huge_unetr_20260430_223414_per_slice.csv",
  "n_test_slices": 916
}
