{
  "config": {
    "dataset": "acdc",
    "backbone": "sam",
    "model_name": "sam_vit_huge",
    "decoder": "conv_decoder",
    "embed_dim": 1280,
    "cache_layers": [
      2,
      5,
      8,
      11
    ],
    "probe_layers": [
      2,
      5,
      8,
      11
    ],
    "lr": 0.001,
    "weight_decay": 0.001,
    "batch_size": 16,
    "n_epochs": 100,
    "patience": 20,
    "seed": 0,
    "trainable_params": 6046724
  },
  "per_class_dice": {
    "BG": 0.9854858518672053,
    "RV": 0.7962205054994004,
    "MYO": 0.7742746863645673,
    "LV": 0.9053184958071824
  },
  "macro_dice": 0.8252712292237167,
  "training_history": {
    "train_loss": [
      0.9914693664759398,
      0.6197805429498354,
      0.5447691784550747,
      0.48799985212584335,
      0.46821006077031296,
      0.4372287103906274,
      0.4168438070143263,
      0.39196659562488395,
      0.38953897450119257,
      0.37646998309840757,
      0.3569482658058405,
      0.34674208083500463,
      0.3418183174605171,
      0.33632858252773684,
      0.3267490789294243,
      0.314300830475986,
      0.3110722399627169,
      0.30081658142929274,
      0.2894109236076474,
      0.28584497965251404,
      0.2823592623074849,
      0.28838918544352055,
      0.26980879887317616,
      0.2667832556180656,
      0.25991406027848524,
      0.25495492403085035,
      0.25256216696773964,
      0.24841541703790426,
      0.24408286111429334,
      0.2393729298685988,
      0.23652652014667788,
      0.2286684747474889,
      0.2366165219185253,
      0.22771119698882103,
      0.2197486391911904,
      0.21367398959894976,
      0.21457125525921583,
      0.21611448718855777,
      0.21337168244645,
      0.20578988331059614,
      0.2083085778479775,
      0.20198347264279923,
      0.20069478607426086,
      0.19283740827813745,
      0.18922058927516142,
      0.18957112232844034,
      0.1832613704415659,
      0.18313576156894365,
      0.17857087713976702,
      0.17940576716015735
    ],
    "val_macro_dice": [
      0.7275751568062617,
      0.7343922974288852,
      0.7224849946620244,
      0.7434127461256524,
      0.7962478559394937,
      0.7529048571160099,
      0.8056840542339927,
      0.763989409974537,
      0.7736884432793815,
      0.7797934280230306,
      0.789083441367462,
      0.8266177055613871,
      0.817372689850065,
      0.8316321394978522,
      0.781067914092208,
      0.8087950449465992,
      0.8117309043100428,
      0.7766394089743226,
      0.8000803187842195,
      0.8379326262124117,
      0.8071713701521549,
      0.8078323714567285,
      0.8356281725038053,
      0.8066185934713382,
      0.7895488806932055,
      0.8016411868941766,
      0.7810136008749596,
      0.8172004436974496,
      0.8295825087972132,
      0.8514440928333187,
      0.8008988434011473,
      0.8211046140034176,
      0.847745348201495,
      0.8072443222916595,
      0.8392519460453484,
      0.8422718508599495,
      0.807986857359695,
      0.7840028756878824,
      0.8408049744964187,
      0.8362411346676607,
      0.8359530297948848,
      0.8373370487128349,
      0.8133267064405579,
      0.8435241476602382,
      0.8481855269815316,
      0.8420086830452532,
      0.8295657195579021,
      0.827557041645489,
      0.7897318536004264,
      0.8429656857124873
    ],
    "lr": [
      0.0009997532801828658,
      0.0009990133642141358,
      0.00099778098230154,
      0.000996057350657239,
      0.0009938441702975688,
      0.0009911436253643444,
      0.0009879583809693736,
      0.0009842915805643154,
      0.0009801468428384714,
      0.0009755282581475767,
      0.0009704403844771127,
      0.0009648882429441257,
      0.0009588773128419905,
      0.0009524135262330098,
      0.0009455032620941839,
      0.0009381533400219318,
      0.0009303710135019719,
      0.0009221639627510076,
      0.000913540287137281,
      0.0009045084971874739,
      0.0008950775061878452,
      0.0008852566213878947,
      0.0008750555348152298,
      0.0008644843137107057,
      0.0008535533905932737,
      0.0008422735529643444,
      0.0008306559326618259,
      0.0008187119948743449,
      0.0008064535268264883,
      0.0007938926261462367,
      0.0007810416889260654,
      0.0007679133974894983,
      0.0007545207078751857,
      0.0007408768370508577,
      0.0007269952498697734,
      0.0007128896457825364,
      0.0006985739453173903,
      0.0006840622763423391,
      0.0006693689601226458,
      0.0006545084971874737,
      0.0006394955530196147,
      0.0006243449435824273,
      0.0006090716206982714,
      0.0005936906572928625,
      0.0005782172325201156,
      0.0005626666167821523,
      0.0005470541566592572,
      0.0005313952597646569,
      0.0005157053795390643,
      0.0005000000000000002
    ]
  },
  "best_val_dice": 0.8514440928333187,
  "best_epoch": 30,
  "per_slice_metrics_file": "sam_vit_huge_conv_decoder_20260430_210144_per_slice.csv",
  "n_test_slices": 916,
  "per_stack_metrics_file": "sam_vit_huge_conv_decoder_20260430_210144_per_stack.csv",
  "n_test_stacks": 100
}
