{
  "config": {
    "dataset": "acdc",
    "backbone": "sam",
    "model_name": "sam_vit_large",
    "decoder": "conv_decoder",
    "embed_dim": 1024,
    "cache_layers": [
      2,
      5,
      8,
      11
    ],
    "probe_layers": [
      2,
      5,
      8,
      11
    ],
    "lr": 0.001,
    "weight_decay": 0.001,
    "batch_size": 16,
    "n_epochs": 100,
    "patience": 20,
    "seed": 0,
    "trainable_params": 4867076
  },
  "per_class_dice": {
    "BG": 0.9854285490526496,
    "RV": 0.806909431327629,
    "MYO": 0.7662582743199272,
    "LV": 0.8868375507361402
  },
  "macro_dice": 0.8200017521278987,
  "training_history": {
    "train_loss": [
      1.026028577859203,
      0.6222707896182934,
      0.5456151732554039,
      0.49347048718482256,
      0.46638472750782967,
      0.44019907992333174,
      0.41962917521595955,
      0.3916909595330556,
      0.38777397231509286,
      0.37767541718979675,
      0.35418030464400846,
      0.3479333510622382,
      0.33862085702518624,
      0.332238523910443,
      0.32610722988223034,
      0.3122901829580466,
      0.30596259686474997,
      0.30044418387115,
      0.2881815497142573,
      0.2829758729785681,
      0.278008967017134,
      0.2829198520630598,
      0.2716956101357937,
      0.26118748790274066,
      0.25757570983842015,
      0.25493463563422364,
      0.24757401831448078,
      0.2433321758483847,
      0.23958743177354336,
      0.2336850146142145,
      0.23389588637898365,
      0.22651665735368928,
      0.22985677886754274,
      0.22570712848876914,
      0.21641691106682023,
      0.21179622551426291,
      0.20982427693282565,
      0.21055143823226294,
      0.21348529681563377,
      0.20541197511677942,
      0.21041776472702622,
      0.19605163826296726,
      0.19403043544540802,
      0.18846452965711555,
      0.1887437740030388,
      0.1844111142369608,
      0.18647452630102634,
      0.1782244990269343,
      0.17484845826402307,
      0.1760764019563794,
      0.172694130645444,
      0.16875504019359747
    ],
    "val_macro_dice": [
      0.7310987180889365,
      0.7158971189425176,
      0.6825634814108158,
      0.7271865007925556,
      0.7835511386525033,
      0.7784394312139633,
      0.7849586483956905,
      0.7742636833054001,
      0.7423702577101157,
      0.8146415454036066,
      0.7902349850197758,
      0.8279452400355797,
      0.8079209577687235,
      0.8161222994472732,
      0.778622193623766,
      0.7505571459662428,
      0.7910633293807997,
      0.8258659641532594,
      0.8057572311201606,
      0.8261835651989528,
      0.7974494613916506,
      0.7799367326671686,
      0.8346739467049366,
      0.8282494995650911,
      0.8047018919205765,
      0.8146448257746929,
      0.8132531362942018,
      0.8305218994890492,
      0.8198069902673432,
      0.8226612780551158,
      0.8076506073192667,
      0.8422410939367863,
      0.8277217216098318,
      0.8251233858768584,
      0.8152564078462627,
      0.8234280383208521,
      0.8270775211809988,
      0.7568007592499506,
      0.8376600496110992,
      0.8335426289026767,
      0.8290093754945734,
      0.8364386797934907,
      0.8383908411796767,
      0.8375532937728356,
      0.8389929706682172,
      0.8366539043385242,
      0.8315023515618778,
      0.8291405860135116,
      0.8089217253059796,
      0.8338442755820245,
      0.8380414369562635,
      0.8415031394891187
    ],
    "lr": [
      0.0009997532801828658,
      0.0009990133642141358,
      0.00099778098230154,
      0.000996057350657239,
      0.0009938441702975688,
      0.0009911436253643444,
      0.0009879583809693736,
      0.0009842915805643154,
      0.0009801468428384714,
      0.0009755282581475767,
      0.0009704403844771127,
      0.0009648882429441257,
      0.0009588773128419905,
      0.0009524135262330098,
      0.0009455032620941839,
      0.0009381533400219318,
      0.0009303710135019719,
      0.0009221639627510076,
      0.000913540287137281,
      0.0009045084971874739,
      0.0008950775061878452,
      0.0008852566213878947,
      0.0008750555348152298,
      0.0008644843137107057,
      0.0008535533905932737,
      0.0008422735529643444,
      0.0008306559326618259,
      0.0008187119948743449,
      0.0008064535268264883,
      0.0007938926261462367,
      0.0007810416889260654,
      0.0007679133974894983,
      0.0007545207078751857,
      0.0007408768370508577,
      0.0007269952498697734,
      0.0007128896457825364,
      0.0006985739453173903,
      0.0006840622763423391,
      0.0006693689601226458,
      0.0006545084971874737,
      0.0006394955530196147,
      0.0006243449435824273,
      0.0006090716206982714,
      0.0005936906572928625,
      0.0005782172325201156,
      0.0005626666167821523,
      0.0005470541566592572,
      0.0005313952597646569,
      0.0005157053795390643,
      0.0005000000000000002,
      0.00048429462046093607,
      0.0004686047402353435
    ]
  },
  "best_val_dice": 0.8422410939367863,
  "best_epoch": 32,
  "per_slice_metrics_file": "sam_vit_large_conv_decoder_20260430_174341_per_slice.csv",
  "n_test_slices": 916,
  "per_stack_metrics_file": "sam_vit_large_conv_decoder_20260430_174341_per_stack.csv",
  "n_test_stacks": 100
}
