{
  "config": {
    "dataset": "acdc",
    "backbone": "sam",
    "model_name": "sam_vit_large",
    "decoder": "unetr",
    "embed_dim": 1024,
    "cache_layers": [
      2,
      5,
      8,
      11
    ],
    "probe_layers": [
      2,
      5,
      8,
      11
    ],
    "lr": 0.001,
    "weight_decay": 0.001,
    "batch_size": 16,
    "n_epochs": 100,
    "patience": 20,
    "seed": 0,
    "trainable_params": 48220068
  },
  "per_class_dice": {
    "BG": 0.9876729056547082,
    "RV": 0.8564136440727305,
    "MYO": 0.7958007305941059,
    "LV": 0.924438952577029
  },
  "macro_dice": 0.8588844424146219,
  "training_history": {
    "train_loss": [
      2.094022879997889,
      1.186733325322469,
      0.9010602931181589,
      0.7877294520537058,
      0.6807907919088999,
      0.9153517683347067,
      0.6837960382302603,
      0.6480956425269445,
      0.5503719995419184,
      0.5185986260573069,
      0.48221591114997864,
      0.45647259056568146,
      0.4455774451295535,
      0.4440966919064522,
      0.40273091942071915,
      0.39046281824509305,
      0.3956634849309921,
      0.3650617003440857,
      0.33762870728969574,
      0.3295206328233083,
      0.3239077205459277,
      0.3318750510613124,
      0.295979047815005,
      0.2843517983953158,
      0.2878768518567085,
      0.2731349989771843,
      0.2627827065686385,
      0.25661731883883476,
      0.24285273005565008,
      0.23801814143856367,
      0.22968781863649687,
      0.22190497194727263,
      0.2177041880786419,
      0.20837713529666266,
      0.20200991754730543,
      0.19369511182109514,
      0.18276097252964973,
      0.17343539372086525,
      0.16773762429753938,
      0.16457604492704073,
      0.15857310220599174,
      0.15001601229111353,
      0.14170201619466147,
      0.13990432396531105,
      0.1386656810839971,
      0.13846843441327414,
      0.13300909226139387,
      0.13220426129798094,
      0.12874527151385942,
      0.12652257084846497,
      0.1253729878614346,
      0.12377640667061011,
      0.12349903086821239,
      0.12215636111795902,
      0.11449901821712653,
      0.11184452846646309,
      0.10867807269096375,
      0.10660241482158501
    ],
    "val_macro_dice": [
      0.4701042046874206,
      0.5316359036600296,
      0.5544166343247292,
      0.7021653725520843,
      0.7710422109544254,
      0.7231809382812252,
      0.6604084344635087,
      0.7415716654396068,
      0.702671336902598,
      0.755463414690778,
      0.8102712925950418,
      0.7847471438533332,
      0.8205057993852791,
      0.8192170793622978,
      0.8094092488554833,
      0.7725277788321948,
      0.796768906911215,
      0.8433720271988321,
      0.8342274742390119,
      0.8304866298809502,
      0.8290665305414436,
      0.8365636234995121,
      0.8311320732719193,
      0.8516233007708028,
      0.8542363089355298,
      0.8598213060130546,
      0.8508694722764423,
      0.8436105226712437,
      0.8430636868302338,
      0.8630096934529053,
      0.8708140401078482,
      0.8580356429428658,
      0.8604177780479908,
      0.8638975251188747,
      0.8568531642095308,
      0.8735807763375295,
      0.8694830945030656,
      0.8776497990520528,
      0.8662345034022912,
      0.8665017350857004,
      0.8704511898249959,
      0.8722760288363793,
      0.8711056880425102,
      0.8720415092363747,
      0.8584145984042015,
      0.8682290958124571,
      0.8720283970831625,
      0.8756201050358229,
      0.8721038370264411,
      0.8738092382385121,
      0.8698192701811904,
      0.8732515518867539,
      0.8716926043225591,
      0.8699295336971097,
      0.8701619172438528,
      0.873769592392633,
      0.8750445300552551,
      0.8692573858748802
    ],
    "lr": [
      0.0009997532801828658,
      0.0009990133642141358,
      0.00099778098230154,
      0.000996057350657239,
      0.0009938441702975688,
      0.0009911436253643444,
      0.0009879583809693736,
      0.0009842915805643154,
      0.0009801468428384714,
      0.0009755282581475767,
      0.0009704403844771127,
      0.0009648882429441257,
      0.0009588773128419905,
      0.0009524135262330098,
      0.0009455032620941839,
      0.0009381533400219318,
      0.0009303710135019719,
      0.0009221639627510076,
      0.000913540287137281,
      0.0009045084971874739,
      0.0008950775061878452,
      0.0008852566213878947,
      0.0008750555348152298,
      0.0008644843137107057,
      0.0008535533905932737,
      0.0008422735529643444,
      0.0008306559326618259,
      0.0008187119948743449,
      0.0008064535268264883,
      0.0007938926261462367,
      0.0007810416889260654,
      0.0007679133974894983,
      0.0007545207078751857,
      0.0007408768370508577,
      0.0007269952498697734,
      0.0007128896457825364,
      0.0006985739453173903,
      0.0006840622763423391,
      0.0006693689601226458,
      0.0006545084971874737,
      0.0006394955530196147,
      0.0006243449435824273,
      0.0006090716206982714,
      0.0005936906572928625,
      0.0005782172325201156,
      0.0005626666167821523,
      0.0005470541566592572,
      0.0005313952597646569,
      0.0005157053795390643,
      0.0005000000000000002,
      0.00048429462046093607,
      0.0004686047402353435,
      0.000452945843340743,
      0.00043733338321784806,
      0.0004217827674798847,
      0.00040630934270713783,
      0.000390928379301729,
      0.0003756550564175727
    ]
  },
  "best_val_dice": 0.8776497990520528,
  "best_epoch": 38,
  "per_sample_metrics_file": "sam_vit_large_unetr_20260430_185712_per_sample.csv",
  "n_test_samples": 100,
  "per_slice_metrics_file": "sam_vit_large_unetr_20260430_185712_per_slice.csv",
  "n_test_slices": 916
}
