{
  "config": {
    "dataset": "acdc",
    "backbone": "sam",
    "model_name": "sam_vit_base",
    "decoder": "linear_probe",
    "embed_dim": 768,
    "cache_layers": [
      2,
      5,
      8,
      11
    ],
    "probe_layers": [
      11
    ],
    "lr": 0.001,
    "weight_decay": 0.001,
    "batch_size": 16,
    "n_epochs": 100,
    "patience": 20,
    "seed": 0,
    "trainable_params": 4612
  },
  "per_class_dice": {
    "BG": 0.9822313908988755,
    "RV": 0.7450734980512522,
    "MYO": 0.6800260319204416,
    "LV": 0.8642711434241277
  },
  "macro_dice": 0.7631235577986072,
  "training_history": {
    "train_loss": [
      1.3142452562848728,
      0.5708557295923432,
      0.5094099035486579,
      0.4899262224013607,
      0.46920928203811246,
      0.4616051195189357,
      0.45396888970086974,
      0.4453614658365647,
      0.4432023980965217,
      0.440135106133918,
      0.43705894735952217,
      0.43146819435060024,
      0.4313868200406432,
      0.4292956708619992,
      0.4287968094771107,
      0.42729685579737026,
      0.4226117990911007,
      0.4241047433267037,
      0.4217671711618702,
      0.42378147846708697,
      0.42471567665537197,
      0.4237187532708049,
      0.41899132293959457,
      0.42418847791850567,
      0.41690431038538617,
      0.42013169080018997,
      0.4202225624273221,
      0.41990483459085226,
      0.41721515357494354,
      0.41771711067607004,
      0.4169902956734101,
      0.41621747706085443,
      0.41725603894641,
      0.4165202723816037,
      0.41634969630589086,
      0.41810851606229943,
      0.4158655069768429,
      0.4153418156007926,
      0.416056113007168,
      0.4157582443828384,
      0.4191528918842475,
      0.4153678063303232,
      0.41723356892665225,
      0.41679465242971975,
      0.41466069718201953,
      0.4142135940492153,
      0.41827051372577745,
      0.41868863844623166,
      0.4153672208388646,
      0.4150847162430485,
      0.4135144318764408,
      0.4122695252299309,
      0.4144785624618332,
      0.412401690458258,
      0.41502896416932344,
      0.4156905800725023,
      0.4143521208316088,
      0.41240808740258217,
      0.4133227855587999,
      0.41481084873278934,
      0.4139109219734867,
      0.41434541437774897,
      0.4140562769025564,
      0.4121630458782117,
      0.4137055942167838,
      0.4117476058502992,
      0.4103257522607843,
      0.4143120109414061,
      0.4098533131182194,
      0.4163262977575262,
      0.4147354743132989,
      0.4126893738284707,
      0.417384734377265,
      0.4106334500635664,
      0.41243769849340123,
      0.4097954450796048,
      0.4132124598448475,
      0.4137920547897617,
      0.4107565066466729,
      0.41169154178351164,
      0.4141285403942068,
      0.41305866340796155,
      0.4103241441771388,
      0.40857102411488694,
      0.41237115673720837,
      0.41224575384209555,
      0.41289273618410033,
      0.4104019996399681,
      0.41412292203555506,
      0.409757813749214,
      0.41346372788151103,
      0.41299587953835726,
      0.4152494116375844,
      0.4160442417487502,
      0.4128304465363423,
      0.40933965301762026,
      0.4112886156265934,
      0.4092339913671215,
      0.41018323445071775
    ],
    "val_macro_dice": [
      0.6999618971394507,
      0.7344665845145179,
      0.747787239632422,
      0.7555768264940489,
      0.7622595577259027,
      0.7670206768562773,
      0.7694555785101094,
      0.7731168254840033,
      0.7767597138462058,
      0.7778492567025129,
      0.7779797504299103,
      0.7826675807478263,
      0.7832232442534064,
      0.7832728524828156,
      0.7843946309872741,
      0.7832493687565881,
      0.785157208704718,
      0.786086306889743,
      0.7851654304268846,
      0.7851108930217919,
      0.7878523537745391,
      0.7871163433981573,
      0.7874719676260956,
      0.787188342412117,
      0.7868881840444851,
      0.7878369578449488,
      0.7886810420818624,
      0.7892730753192577,
      0.7886517721700169,
      0.7888874923767295,
      0.7901566175027662,
      0.7904215061002282,
      0.7899127596640358,
      0.7902465562249494,
      0.7909700327097494,
      0.7918094290855983,
      0.7913567191206473,
      0.7898991929233822,
      0.7909062764642405,
      0.7909633358616758,
      0.7913261058629377,
      0.7907880675278222,
      0.7922594124141886,
      0.7916808713787967,
      0.7915443538898659,
      0.7927404681280427,
      0.7929856566206496,
      0.7924844508778724,
      0.7922293475303156,
      0.7917030833251996,
      0.7915284144614881,
      0.7924231741588529,
      0.7923147947256485,
      0.7918912736349215,
      0.792871721031728,
      0.7932143222825431,
      0.7926091875014513,
      0.7922230641635046,
      0.793700808430795,
      0.7921909222823097,
      0.7931036878211587,
      0.7927190271657012,
      0.7919690973512514,
      0.7925948478796782,
      0.7929382986890646,
      0.793140128783285,
      0.7929905297433004,
      0.7934047390237661,
      0.7933386651878255,
      0.7935444870560837,
      0.7935010071770344,
      0.7933241072390662,
      0.7928867321500479,
      0.7934435877973679,
      0.7933909101949168,
      0.7936230930334869,
      0.7937050651566029,
      0.792901893423808,
      0.7938687539631183,
      0.7936769883695253,
      0.7936267484642086,
      0.7936841146844301,
      0.793763089990397,
      0.7932861114407063,
      0.7934538915106183,
      0.7936085413717177,
      0.7937546410664013,
      0.7936021905020393,
      0.7932227845976915,
      0.7937014269817474,
      0.7937851658277023,
      0.7936179867958911,
      0.7937043771887274,
      0.7936569379334933,
      0.7933700597923439,
      0.7937071005208306,
      0.7937777285569139,
      0.7934113442590598,
      0.7938372791068313
    ],