{
  "config": {
    "dataset": "acdc",
    "backbone": "cinema",
    "model_name": "cinema_pretrained",
    "decoder": "linear_probe",
    "embed_dim": 768,
    "cache_layers": [
      3,
      6,
      9,
      11
    ],
    "probe_layers": [
      0
    ],
    "lr": 0.001,
    "weight_decay": 0.0001,
    "batch_size": 4,
    "n_epochs": 1,
    "patience": 20,
    "seed": 0,
    "trainable_params": 4612
  },
  "per_class_dice": {
    "BG": 0.9774999328012544,
    "RV": 0.7307449009497309,
    "MYO": 0.5951361049351432,
    "LV": 0.7809808607589682
  },
  "macro_dice": 0.7022872888812808,
  "training_history": {
    "train_loss": [
      0.8124714956308404
    ],
    "val_macro_dice": [
      0.7175717626185248
    ],
    "lr": [
      0.0
    ]
  },
  "best_val_dice": 0.7175717626185248,
  "best_epoch": 1
}