{
  "config": {
    "dataset": "acdc",
    "backbone": "cinema",
    "model_name": "cinema_pretrained",
    "decoder": "conv_decoder",
    "embed_dim": 768,
    "cache_layers": [
      3,
      6,
      9,
      11
    ],
    "probe_layers": [
      0
    ],
    "lr": 0.001,
    "weight_decay": 0.0001,
    "batch_size": 4,
    "n_epochs": 1,
    "patience": 20,
    "seed": 0,
    "trainable_params": 1033220
  },
  "per_class_dice": {
    "BG": 0.9675434333887473,
    "RV": 0.6883396493749971,
    "MYO": 0.6028014369867547,
    "LV": 0.8063710898578751
  },
  "macro_dice": 0.6991707254065423,
  "training_history": {
    "train_loss": [
      0.8934935128005842
    ],
    "val_macro_dice": [
      0.705770181744524
    ],
    "lr": [
      0.0
    ]
  },
  "best_val_dice": 0.705770181744524,
  "best_epoch": 1
}