{
  "config": {
    "dataset": "acdc",
    "backbone": "dinov3",
    "model_name": "dinov3_vits16",
    "decoder": "conv_decoder",
    "embed_dim": 384,
    "cache_layers": [
      3,
      6,
      9,
      11
    ],
    "probe_layers": [
      3,
      6,
      9,
      11
    ],
    "lr": 0.001,
    "weight_decay": 0.0001,
    "batch_size": 4,
    "n_epochs": 1,
    "patience": 20,
    "seed": 0,
    "trainable_params": 1917956
  },
  "per_class_dice": {
    "BG": 0.9813776792094239,
    "RV": 0.7774245979190523,
    "MYO": 0.7387120223113903,
    "LV": 0.8934773665600428
  },
  "macro_dice": 0.8032046622634951,
  "training_history": {
    "train_loss": [
      0.6454909782235821
    ],
    "val_macro_dice": [
      0.8204757281298217
    ],
    "lr": [
      0.0
    ]
  },
  "best_val_dice": 0.8204757281298217,
  "best_epoch": 1
}